2026-06-11 14:58:20,446 [INFO] Fetching kartu dari pokemontcg.io...
2026-06-11 14:58:27,450 [INFO] HTTP Request: GET https://api.pokemontcg.io/v2/cards?page=1&pageSize=250&select=id%2Ctcgplayer "HTTP/1.1 200 OK"
2026-06-11 14:58:28,070 [INFO]   Page 1: 250 kartu (total sejauh ini: 250/20359)
2026-06-11 14:58:34,836 [INFO] HTTP Request: GET https://api.pokemontcg.io/v2/cards?page=2&pageSize=250&select=id%2Ctcgplayer "HTTP/1.1 200 OK"
2026-06-11 14:58:34,911 [INFO]   Page 2: 250 kartu (total sejauh ini: 500/20359)
2026-06-11 14:58:41,559 [INFO] HTTP Request: GET https://api.pokemontcg.io/v2/cards?page=3&pageSize=250&select=id%2Ctcgplayer "HTTP/1.1 200 OK"
2026-06-11 14:58:41,690 [INFO]   Page 3: 250 kartu (total sejauh ini: 750/20359)
2026-06-11 14:58:48,344 [INFO] HTTP Request: GET https://api.pokemontcg.io/v2/cards?page=4&pageSize=250&select=id%2Ctcgplayer "HTTP/1.1 200 OK"
2026-06-11 14:58:48,469 [INFO]   Page 4: 250 kartu (total sejauh ini: 1000/20359)
2026-06-11 14:58:55,077 [INFO] HTTP Request: GET https://api.pokemontcg.io/v2/cards?page=5&pageSize=250&select=id%2Ctcgplayer "HTTP/1.1 200 OK"
2026-06-11 14:58:55,191 [INFO]   Page 5: 250 kartu (total sejauh ini: 1250/20359)
2026-06-11 14:59:01,850 [INFO] HTTP Request: GET https://api.pokemontcg.io/v2/cards?page=6&pageSize=250&select=id%2Ctcgplayer "HTTP/1.1 200 OK"
2026-06-11 14:59:01,961 [INFO]   Page 6: 250 kartu (total sejauh ini: 1500/20359)
2026-06-11 14:59:09,337 [INFO] HTTP Request: GET https://api.pokemontcg.io/v2/cards?page=7&pageSize=250&select=id%2Ctcgplayer "HTTP/1.1 200 OK"
2026-06-11 14:59:09,341 [INFO]   Page 7: 250 kartu (total sejauh ini: 1750/20359)
2026-06-11 14:59:16,136 [INFO] HTTP Request: GET https://api.pokemontcg.io/v2/cards?page=8&pageSize=250&select=id%2Ctcgplayer "HTTP/1.1 200 OK"
2026-06-11 14:59:16,249 [INFO]   Page 8: 250 kartu (total sejauh ini: 2000/20359)
2026-06-11 14:59:22,936 [INFO] HTTP Request: GET https://api.pokemontcg.io/v2/cards?page=9&pageSize=250&select=id%2Ctcgplayer "HTTP/1.1 200 OK"
2026-06-11 14:59:23,058 [INFO]   Page 9: 250 kartu (total sejauh ini: 2250/20359)
2026-06-11 14:59:29,816 [INFO] HTTP Request: GET https://api.pokemontcg.io/v2/cards?page=10&pageSize=250&select=id%2Ctcgplayer "HTTP/1.1 200 OK"
2026-06-11 14:59:29,929 [INFO]   Page 10: 250 kartu (total sejauh ini: 2500/20359)
2026-06-11 14:59:36,789 [INFO] HTTP Request: GET https://api.pokemontcg.io/v2/cards?page=11&pageSize=250&select=id%2Ctcgplayer "HTTP/1.1 200 OK"
2026-06-11 14:59:36,794 [INFO]   Page 11: 250 kartu (total sejauh ini: 2750/20359)
2026-06-11 14:59:47,815 [INFO] HTTP Request: GET https://api.pokemontcg.io/v2/cards?page=12&pageSize=250&select=id%2Ctcgplayer "HTTP/1.1 200 OK"
2026-06-11 14:59:47,825 [INFO]   Page 12: 250 kartu (total sejauh ini: 3000/20359)
2026-06-11 14:59:54,887 [INFO] HTTP Request: GET https://api.pokemontcg.io/v2/cards?page=13&pageSize=250&select=id%2Ctcgplayer "HTTP/1.1 200 OK"
2026-06-11 14:59:55,002 [INFO]   Page 13: 250 kartu (total sejauh ini: 3250/20359)
2026-06-11 15:00:06,285 [INFO] HTTP Request: GET https://api.pokemontcg.io/v2/cards?page=14&pageSize=250&select=id%2Ctcgplayer "HTTP/1.1 200 OK"
2026-06-11 15:00:06,287 [INFO]   Page 14: 250 kartu (total sejauh ini: 3500/20359)
2026-06-11 15:00:52,144 [INFO] HTTP Request: GET https://api.pokemontcg.io/v2/cards?page=15&pageSize=250&select=id%2Ctcgplayer "HTTP/1.1 200 OK"
2026-06-11 15:00:52,247 [INFO]   Page 15: 250 kartu (total sejauh ini: 3750/20359)
2026-06-11 15:00:52,692 [INFO] HTTP Request: GET https://api.pokemontcg.io/v2/cards?page=16&pageSize=250&select=id%2Ctcgplayer "HTTP/1.1 404 Not Found"
2026-06-11 15:00:52,693 [WARNING] HTTP 404 — retry 1/5
2026-06-11 15:00:53,949 [INFO] HTTP Request: GET https://api.pokemontcg.io/v2/cards?page=16&pageSize=250&select=id%2Ctcgplayer "HTTP/1.1 404 Not Found"
2026-06-11 15:00:53,950 [WARNING] HTTP 404 — retry 2/5
2026-06-11 15:00:56,295 [INFO] HTTP Request: GET https://api.pokemontcg.io/v2/cards?page=16&pageSize=250&select=id%2Ctcgplayer "HTTP/1.1 404 Not Found"
2026-06-11 15:00:56,296 [WARNING] HTTP 404 — retry 3/5
2026-06-11 15:01:28,300 [INFO] HTTP Request: GET https://api.pokemontcg.io/v2/cards?page=16&pageSize=250&select=id%2Ctcgplayer "HTTP/1.1 200 OK"
2026-06-11 15:01:28,673 [INFO]   Page 16: 250 kartu (total sejauh ini: 4000/20359)
2026-06-11 15:01:39,294 [INFO] HTTP Request: GET https://api.pokemontcg.io/v2/cards?page=17&pageSize=250&select=id%2Ctcgplayer "HTTP/1.1 200 OK"
2026-06-11 15:01:39,408 [INFO]   Page 17: 250 kartu (total sejauh ini: 4250/20359)
2026-06-11 15:01:52,119 [INFO] HTTP Request: GET https://api.pokemontcg.io/v2/cards?page=18&pageSize=250&select=id%2Ctcgplayer "HTTP/1.1 200 OK"
2026-06-11 15:01:52,184 [INFO]   Page 18: 250 kartu (total sejauh ini: 4500/20359)
2026-06-11 15:01:59,820 [INFO] HTTP Request: GET https://api.pokemontcg.io/v2/cards?page=19&pageSize=250&select=id%2Ctcgplayer "HTTP/1.1 200 OK"
2026-06-11 15:01:59,936 [INFO]   Page 19: 250 kartu (total sejauh ini: 4750/20359)
2026-06-11 15:03:00,095 [WARNING] Request error: The read operation timed out — retry 1/5
2026-06-11 15:03:14,413 [INFO] HTTP Request: GET https://api.pokemontcg.io/v2/cards?page=20&pageSize=250&select=id%2Ctcgplayer "HTTP/1.1 200 OK"
2026-06-11 15:03:14,715 [INFO]   Page 20: 250 kartu (total sejauh ini: 5000/20359)
2026-06-11 15:03:27,728 [INFO] HTTP Request: GET https://api.pokemontcg.io/v2/cards?page=21&pageSize=250&select=id%2Ctcgplayer "HTTP/1.1 200 OK"
2026-06-11 15:03:27,842 [INFO]   Page 21: 250 kartu (total sejauh ini: 5250/20359)
2026-06-11 15:03:40,594 [INFO] HTTP Request: GET https://api.pokemontcg.io/v2/cards?page=22&pageSize=250&select=id%2Ctcgplayer "HTTP/1.1 200 OK"
2026-06-11 15:03:40,734 [INFO]   Page 22: 250 kartu (total sejauh ini: 5500/20359)
2026-06-11 15:03:48,819 [INFO] HTTP Request: GET https://api.pokemontcg.io/v2/cards?page=23&pageSize=250&select=id%2Ctcgplayer "HTTP/1.1 200 OK"
2026-06-11 15:03:59,134 [INFO]   Page 23: 250 kartu (total sejauh ini: 5750/20359)
2026-06-11 15:04:07,633 [INFO] HTTP Request: GET https://api.pokemontcg.io/v2/cards?page=24&pageSize=250&select=id%2Ctcgplayer "HTTP/1.1 200 OK"
2026-06-11 15:04:07,748 [INFO]   Page 24: 250 kartu (total sejauh ini: 6000/20359)
2026-06-11 15:04:21,585 [INFO] HTTP Request: GET https://api.pokemontcg.io/v2/cards?page=25&pageSize=250&select=id%2Ctcgplayer "HTTP/1.1 200 OK"
2026-06-11 15:04:21,690 [INFO]   Page 25: 250 kartu (total sejauh ini: 6250/20359)
2026-06-11 15:04:49,409 [INFO] HTTP Request: GET https://api.pokemontcg.io/v2/cards?page=26&pageSize=250&select=id%2Ctcgplayer "HTTP/1.1 200 OK"
2026-06-11 15:04:49,539 [INFO]   Page 26: 250 kartu (total sejauh ini: 6500/20359)
2026-06-11 15:05:38,485 [INFO] Fetching & updating kartu...
2026-06-11 15:05:45,541 [INFO] HTTP Request: GET https://api.pokemontcg.io/v2/cards?page=1&pageSize=250&select=id%2Ctcgplayer "HTTP/1.1 200 OK"
2026-06-11 15:05:46,144 [INFO]   Page 1: 250 kartu fetched, 0 di-upsert ke Supabase, 250 tanpa ID (progress: 0/20359)
2026-06-11 15:05:58,601 [INFO] HTTP Request: GET https://api.pokemontcg.io/v2/cards?page=2&pageSize=250&select=id%2Ctcgplayer "HTTP/1.1 200 OK"
2026-06-11 15:05:58,768 [INFO]   Page 2: 250 kartu fetched, 0 di-upsert ke Supabase, 250 tanpa ID (progress: 0/20359)
2026-06-11 15:06:11,644 [INFO] HTTP Request: GET https://api.pokemontcg.io/v2/cards?page=3&pageSize=250&select=id%2Ctcgplayer "HTTP/1.1 200 OK"
2026-06-11 15:06:11,769 [INFO]   Page 3: 250 kartu fetched, 0 di-upsert ke Supabase, 250 tanpa ID (progress: 0/20359)
2026-06-11 15:06:22,303 [INFO] HTTP Request: GET https://api.pokemontcg.io/v2/cards?page=4&pageSize=250&select=id%2Ctcgplayer "HTTP/1.1 200 OK"
2026-06-11 15:06:22,309 [INFO]   Page 4: 250 kartu fetched, 0 di-upsert ke Supabase, 250 tanpa ID (progress: 0/20359)
2026-06-11 15:06:35,857 [INFO] HTTP Request: GET https://api.pokemontcg.io/v2/cards?page=5&pageSize=250&select=id%2Ctcgplayer "HTTP/1.1 200 OK"
2026-06-11 15:06:35,888 [INFO]   Page 5: 250 kartu fetched, 0 di-upsert ke Supabase, 250 tanpa ID (progress: 0/20359)
2026-06-11 15:06:42,544 [INFO] HTTP Request: GET https://api.pokemontcg.io/v2/cards?page=6&pageSize=250&select=id%2Ctcgplayer "HTTP/1.1 200 OK"
2026-06-11 15:06:42,667 [INFO]   Page 6: 250 kartu fetched, 0 di-upsert ke Supabase, 250 tanpa ID (progress: 0/20359)
2026-06-11 15:06:52,433 [INFO] HTTP Request: GET https://api.pokemontcg.io/v2/cards?page=7&pageSize=250&select=id%2Ctcgplayer "HTTP/1.1 200 OK"
2026-06-11 15:06:52,439 [INFO]   Page 7: 250 kartu fetched, 0 di-upsert ke Supabase, 250 tanpa ID (progress: 0/20359)
2026-06-11 15:07:51,060 [INFO] Fetching kartu dari Supabase yang perlu di-update...
2026-06-11 15:07:52,333 [INFO] HTTP Request: GET https://vpfjmgefygjhabuizdsq.supabase.co/rest/v1/pokemon_cards?select=id%2Ctcgplayer_url&tcgplayer_url=not.is.null&tcgplayer_product_id=is.null&limit=1000&offset=0&order=id "HTTP/1.1 200 OK"
2026-06-11 15:07:52,336 [INFO]   Fetched 1000 kartu dari Supabase...
2026-06-11 15:07:52,577 [INFO] HTTP Request: GET https://vpfjmgefygjhabuizdsq.supabase.co/rest/v1/pokemon_cards?select=id%2Ctcgplayer_url&tcgplayer_url=not.is.null&tcgplayer_product_id=is.null&limit=1000&offset=1000&order=id "HTTP/1.1 200 OK"
2026-06-11 15:07:52,580 [INFO]   Fetched 2000 kartu dari Supabase...
2026-06-11 15:07:52,736 [INFO] HTTP Request: GET https://vpfjmgefygjhabuizdsq.supabase.co/rest/v1/pokemon_cards?select=id%2Ctcgplayer_url&tcgplayer_url=not.is.null&tcgplayer_product_id=is.null&limit=1000&offset=2000&order=id "HTTP/1.1 200 OK"
2026-06-11 15:07:52,738 [INFO]   Fetched 3000 kartu dari Supabase...
2026-06-11 15:07:52,889 [INFO] HTTP Request: GET https://vpfjmgefygjhabuizdsq.supabase.co/rest/v1/pokemon_cards?select=id%2Ctcgplayer_url&tcgplayer_url=not.is.null&tcgplayer_product_id=is.null&limit=1000&offset=3000&order=id "HTTP/1.1 200 OK"
2026-06-11 15:07:52,892 [INFO]   Fetched 4000 kartu dari Supabase...
2026-06-11 15:07:53,045 [INFO] HTTP Request: GET https://vpfjmgefygjhabuizdsq.supabase.co/rest/v1/pokemon_cards?select=id%2Ctcgplayer_url&tcgplayer_url=not.is.null&tcgplayer_product_id=is.null&limit=1000&offset=4000&order=id "HTTP/1.1 200 OK"
2026-06-11 15:07:53,048 [INFO]   Fetched 5000 kartu dari Supabase...
2026-06-11 15:07:53,199 [INFO] HTTP Request: GET https://vpfjmgefygjhabuizdsq.supabase.co/rest/v1/pokemon_cards?select=id%2Ctcgplayer_url&tcgplayer_url=not.is.null&tcgplayer_product_id=is.null&limit=1000&offset=5000&order=id "HTTP/1.1 200 OK"
2026-06-11 15:07:53,202 [INFO]   Fetched 6000 kartu dari Supabase...
2026-06-11 15:07:53,369 [INFO] HTTP Request: GET https://vpfjmgefygjhabuizdsq.supabase.co/rest/v1/pokemon_cards?select=id%2Ctcgplayer_url&tcgplayer_url=not.is.null&tcgplayer_product_id=is.null&limit=1000&offset=6000&order=id "HTTP/1.1 200 OK"
2026-06-11 15:07:53,372 [INFO]   Fetched 7000 kartu dari Supabase...
2026-06-11 15:07:53,534 [INFO] HTTP Request: GET https://vpfjmgefygjhabuizdsq.supabase.co/rest/v1/pokemon_cards?select=id%2Ctcgplayer_url&tcgplayer_url=not.is.null&tcgplayer_product_id=is.null&limit=1000&offset=7000&order=id "HTTP/1.1 200 OK"
2026-06-11 15:07:53,536 [INFO]   Fetched 8000 kartu dari Supabase...
2026-06-11 15:07:53,752 [INFO] HTTP Request: GET https://vpfjmgefygjhabuizdsq.supabase.co/rest/v1/pokemon_cards?select=id%2Ctcgplayer_url&tcgplayer_url=not.is.null&tcgplayer_product_id=is.null&limit=1000&offset=8000&order=id "HTTP/1.1 200 OK"
2026-06-11 15:07:53,755 [INFO]   Fetched 9000 kartu dari Supabase...
2026-06-11 15:07:53,910 [INFO] HTTP Request: GET https://vpfjmgefygjhabuizdsq.supabase.co/rest/v1/pokemon_cards?select=id%2Ctcgplayer_url&tcgplayer_url=not.is.null&tcgplayer_product_id=is.null&limit=1000&offset=9000&order=id "HTTP/1.1 200 OK"
2026-06-11 15:07:53,912 [INFO]   Fetched 10000 kartu dari Supabase...
2026-06-11 15:07:54,045 [INFO] HTTP Request: GET https://vpfjmgefygjhabuizdsq.supabase.co/rest/v1/pokemon_cards?select=id%2Ctcgplayer_url&tcgplayer_url=not.is.null&tcgplayer_product_id=is.null&limit=1000&offset=10000&order=id "HTTP/1.1 200 OK"
2026-06-11 15:07:54,047 [INFO]   Fetched 11000 kartu dari Supabase...
2026-06-11 15:07:54,182 [INFO] HTTP Request: GET https://vpfjmgefygjhabuizdsq.supabase.co/rest/v1/pokemon_cards?select=id%2Ctcgplayer_url&tcgplayer_url=not.is.null&tcgplayer_product_id=is.null&limit=1000&offset=11000&order=id "HTTP/1.1 200 OK"
2026-06-11 15:07:54,184 [INFO]   Fetched 12000 kartu dari Supabase...
2026-06-11 15:07:54,325 [INFO] HTTP Request: GET https://vpfjmgefygjhabuizdsq.supabase.co/rest/v1/pokemon_cards?select=id%2Ctcgplayer_url&tcgplayer_url=not.is.null&tcgplayer_product_id=is.null&limit=1000&offset=12000&order=id "HTTP/1.1 200 OK"
2026-06-11 15:07:54,326 [INFO]   Fetched 13000 kartu dari Supabase...
2026-06-11 15:07:54,462 [INFO] HTTP Request: GET https://vpfjmgefygjhabuizdsq.supabase.co/rest/v1/pokemon_cards?select=id%2Ctcgplayer_url&tcgplayer_url=not.is.null&tcgplayer_product_id=is.null&limit=1000&offset=13000&order=id "HTTP/1.1 200 OK"
2026-06-11 15:07:54,463 [INFO]   Fetched 14000 kartu dari Supabase...
2026-06-11 15:07:54,675 [INFO] HTTP Request: GET https://vpfjmgefygjhabuizdsq.supabase.co/rest/v1/pokemon_cards?select=id%2Ctcgplayer_url&tcgplayer_url=not.is.null&tcgplayer_product_id=is.null&limit=1000&offset=14000&order=id "HTTP/1.1 200 OK"
2026-06-11 15:07:54,678 [INFO]   Fetched 15000 kartu dari Supabase...
2026-06-11 15:07:54,819 [INFO] HTTP Request: GET https://vpfjmgefygjhabuizdsq.supabase.co/rest/v1/pokemon_cards?select=id%2Ctcgplayer_url&tcgplayer_url=not.is.null&tcgplayer_product_id=is.null&limit=1000&offset=15000&order=id "HTTP/1.1 200 OK"
2026-06-11 15:07:54,821 [INFO]   Fetched 16000 kartu dari Supabase...
2026-06-11 15:07:54,997 [INFO] HTTP Request: GET https://vpfjmgefygjhabuizdsq.supabase.co/rest/v1/pokemon_cards?select=id%2Ctcgplayer_url&tcgplayer_url=not.is.null&tcgplayer_product_id=is.null&limit=1000&offset=16000&order=id "HTTP/1.1 200 OK"
2026-06-11 15:07:55,000 [INFO]   Fetched 17000 kartu dari Supabase...
2026-06-11 15:07:55,145 [INFO] HTTP Request: GET https://vpfjmgefygjhabuizdsq.supabase.co/rest/v1/pokemon_cards?select=id%2Ctcgplayer_url&tcgplayer_url=not.is.null&tcgplayer_product_id=is.null&limit=1000&offset=17000&order=id "HTTP/1.1 200 OK"
2026-06-11 15:07:55,146 [INFO]   Fetched 18000 kartu dari Supabase...
2026-06-11 15:07:55,290 [INFO] HTTP Request: GET https://vpfjmgefygjhabuizdsq.supabase.co/rest/v1/pokemon_cards?select=id%2Ctcgplayer_url&tcgplayer_url=not.is.null&tcgplayer_product_id=is.null&limit=1000&offset=18000&order=id "HTTP/1.1 200 OK"
2026-06-11 15:07:55,291 [INFO]   Fetched 19000 kartu dari Supabase...
2026-06-11 15:07:55,440 [INFO] HTTP Request: GET https://vpfjmgefygjhabuizdsq.supabase.co/rest/v1/pokemon_cards?select=id%2Ctcgplayer_url&tcgplayer_url=not.is.null&tcgplayer_product_id=is.null&limit=1000&offset=19000&order=id "HTTP/1.1 200 OK"
2026-06-11 15:07:55,442 [INFO]   Fetched 20000 kartu dari Supabase...
2026-06-11 15:07:55,575 [INFO] HTTP Request: GET https://vpfjmgefygjhabuizdsq.supabase.co/rest/v1/pokemon_cards?select=id%2Ctcgplayer_url&tcgplayer_url=not.is.null&tcgplayer_product_id=is.null&limit=1000&offset=20000&order=id "HTTP/1.1 200 OK"
2026-06-11 15:07:55,577 [INFO]   Fetched 20062 kartu dari Supabase...
2026-06-11 15:07:55,577 [INFO] Total 20062 kartu perlu diisi tcgplayer_product_id.

2026-06-11 15:07:55,577 [INFO] Test redirect: https://prices.pokemontcg.io/tcgplayer/base1-1
2026-06-11 15:07:56,919 [INFO] HTTP Request: GET https://prices.pokemontcg.io/tcgplayer/base1-1 "HTTP/1.1 302 Found"
2026-06-11 15:07:59,693 [INFO] HTTP Request: GET https://tcgplayer.pxf.io/scrydex?u=https://tcgplayer.com/product/42346 "HTTP/1.1 301 Moved Permanently"
2026-06-11 15:07:59,971 [INFO] HTTP Request: GET https://partner.tcgplayer.com/c/4944541/1780961/21018?u=https://tcgplayer.com/product/42346&svlink=9050484&level=1&brwsr=a8a365c9-656c-11f1-aafc-99296d58d03c&brwsrsig=3W-y6BQMUVKJ0PXS9rz0tWURz0s1Qs "HTTP/1.1 301 Moved Permanently"
2026-06-11 15:08:00,607 [INFO] HTTP Request: GET https://tcgplayer.com/product/42346?irclickid=Wur3iR3lIxyZWL4RoJ3dEV04UkuTx5XxqRYc240&sharedid=&irpid=4944541&irgwc=1&afsrc=1&utm_source=impact&utm_medium=affiliate&utm_campaign=Scrydex "HTTP/1.1 301 Moved Permanently"
2026-06-11 15:08:01,655 [INFO] HTTP Request: GET https://www.tcgplayer.com/product/42346?irclickid=Wur3iR3lIxyZWL4RoJ3dEV04UkuTx5XxqRYc240&sharedid=&irpid=4944541&irgwc=1&afsrc=1&utm_source=impact&utm_medium=affiliate&utm_campaign=Scrydex "HTTP/1.1 200 OK"
2026-06-11 15:08:01,659 [INFO] ✅ Redirect berhasil! Product ID: 42346
2026-06-11 15:08:02,567 [INFO] HTTP Request: GET https://prices.pokemontcg.io/tcgplayer/base1-1 "HTTP/1.1 302 Found"
2026-06-11 15:08:02,597 [INFO] HTTP Request: GET https://tcgplayer.pxf.io/scrydex?u=https://tcgplayer.com/product/42346 "HTTP/1.1 301 Moved Permanently"
2026-06-11 15:08:02,640 [INFO] HTTP Request: GET https://partner.tcgplayer.com/c/4944541/1780961/21018?u=https://tcgplayer.com/product/42346&svlink=9050484&level=1&brwsr=a8a365c9-656c-11f1-aafc-99296d58d03c&brwsrsig=3W-y6BQMUVKJ0PXS9rz0tWURz0s1Qs "HTTP/1.1 301 Moved Permanently"
2026-06-11 15:08:03,061 [INFO] HTTP Request: GET https://tcgplayer.com/product/42346?irclickid=Wur3iR3lIxyZWL4RoJ3dEV04UkuTx5XRqRYc240&sharedid=&irpid=4944541&irgwc=1&afsrc=1&utm_source=impact&utm_medium=affiliate&utm_campaign=Scrydex "HTTP/1.1 301 Moved Permanently"
2026-06-11 15:08:03,143 [INFO] HTTP Request: GET https://www.tcgplayer.com/product/42346?irclickid=Wur3iR3lIxyZWL4RoJ3dEV04UkuTx5XRqRYc240&sharedid=&irpid=4944541&irgwc=1&afsrc=1&utm_source=impact&utm_medium=affiliate&utm_campaign=Scrydex "HTTP/1.1 200 OK"
2026-06-11 15:08:03,852 [INFO] HTTP Request: GET https://prices.pokemontcg.io/tcgplayer/base1-10 "HTTP/1.1 302 Found"
2026-06-11 15:08:03,929 [INFO] HTTP Request: GET https://tcgplayer.pxf.io/scrydex?u=https://tcgplayer.com/product/42347 "HTTP/1.1 301 Moved Permanently"
2026-06-11 15:08:04,111 [INFO] HTTP Request: GET https://partner.tcgplayer.com/c/4944541/1780961/21018?u=https://tcgplayer.com/product/42347&svlink=9050484&level=1&brwsr=a8a365c9-656c-11f1-aafc-99296d58d03c&brwsrsig=3W-y6BQMUVKJ0PXS9rz0tWURz0s1Qs "HTTP/1.1 301 Moved Permanently"
2026-06-11 15:08:04,390 [INFO] HTTP Request: GET https://tcgplayer.com/product/42347?irclickid=Wur3iR3lIxyZWL4RoJ3dEV04UkuTx5XhqRYc240&sharedid=&irpid=4944541&irgwc=1&afsrc=1&utm_source=impact&utm_medium=affiliate&utm_campaign=Scrydex "HTTP/1.1 301 Moved Permanently"
2026-06-11 15:08:05,160 [INFO] HTTP Request: GET https://www.tcgplayer.com/product/42347?irclickid=Wur3iR3lIxyZWL4RoJ3dEV04UkuTx5XhqRYc240&sharedid=&irpid=4944541&irgwc=1&afsrc=1&utm_source=impact&utm_medium=affiliate&utm_campaign=Scrydex "HTTP/1.1 200 OK"
2026-06-11 15:08:12,785 [INFO] HTTP Request: GET https://prices.pokemontcg.io/tcgplayer/base1-100 "HTTP/1.1 302 Found"
2026-06-11 15:08:12,907 [INFO] HTTP Request: GET https://tcgplayer.pxf.io/scrydex?u=https://tcgplayer.com/product/42348 "HTTP/1.1 301 Moved Permanently"
2026-06-11 15:08:13,037 [INFO] HTTP Request: GET https://partner.tcgplayer.com/c/4944541/1780961/21018?u=https://tcgplayer.com/product/42348&svlink=9050484&level=1&brwsr=a8a365c9-656c-11f1-aafc-99296d58d03c&brwsrsig=3W-y6BQMUVKJ0PXS9rz0tWURz0s1Qs "HTTP/1.1 301 Moved Permanently"
2026-06-11 15:08:13,360 [INFO] HTTP Request: GET https://tcgplayer.com/product/42348?irclickid=Wur3iR3lIxyZWL4RoJ3dEV04UkuTx5XdqRYc240&sharedid=&irpid=4944541&irgwc=1&afsrc=1&utm_source=impact&utm_medium=affiliate&utm_campaign=Scrydex "HTTP/1.1 301 Moved Permanently"
2026-06-11 15:08:14,276 [INFO] HTTP Request: GET https://www.tcgplayer.com/product/42348?irclickid=Wur3iR3lIxyZWL4RoJ3dEV04UkuTx5XdqRYc240&sharedid=&irpid=4944541&irgwc=1&afsrc=1&utm_source=impact&utm_medium=affiliate&utm_campaign=Scrydex "HTTP/1.1 200 OK"
2026-06-11 15:08:27,509 [INFO] HTTP Request: GET https://prices.pokemontcg.io/tcgplayer/base1-101 "HTTP/1.1 302 Found"
2026-06-11 15:08:27,635 [INFO] HTTP Request: GET https://tcgplayer.pxf.io/scrydex?u=https://tcgplayer.com/product/42349 "HTTP/1.1 301 Moved Permanently"
2026-06-11 15:08:27,755 [INFO] HTTP Request: GET https://partner.tcgplayer.com/c/4944541/1780961/21018?u=https://tcgplayer.com/product/42349&svlink=9050484&level=1&brwsr=a8a365c9-656c-11f1-aafc-99296d58d03c&brwsrsig=3W-y6BQMUVKJ0PXS9rz0tWURz0s1Qs "HTTP/1.1 301 Moved Permanently"
2026-06-11 15:08:28,293 [INFO] HTTP Request: GET https://tcgplayer.com/product/42349?irclickid=Wur3iR3lIxyZWL4RoJ3dEV04UkuTx5SNqRYc240&sharedid=&irpid=4944541&irgwc=1&afsrc=1&utm_source=impact&utm_medium=affiliate&utm_campaign=Scrydex "HTTP/1.1 301 Moved Permanently"
2026-06-11 15:08:29,106 [INFO] HTTP Request: GET https://www.tcgplayer.com/product/42349?irclickid=Wur3iR3lIxyZWL4RoJ3dEV04UkuTx5SNqRYc240&sharedid=&irpid=4944541&irgwc=1&afsrc=1&utm_source=impact&utm_medium=affiliate&utm_campaign=Scrydex "HTTP/1.1 200 OK"
2026-06-11 15:08:33,948 [INFO] HTTP Request: GET https://prices.pokemontcg.io/tcgplayer/base1-102 "HTTP/1.1 302 Found"
2026-06-11 15:08:34,111 [INFO] HTTP Request: GET https://tcgplayer.pxf.io/scrydex?u=https://tcgplayer.com/product/42350 "HTTP/1.1 301 Moved Permanently"
2026-06-11 15:08:34,245 [INFO] HTTP Request: GET https://partner.tcgplayer.com/c/4944541/1780961/21018?u=https://tcgplayer.com/product/42350&svlink=9050484&level=1&brwsr=a8a365c9-656c-11f1-aafc-99296d58d03c&brwsrsig=3W-y6BQMUVKJ0PXS9rz0tWURz0s1Qs "HTTP/1.1 301 Moved Permanently"
2026-06-11 15:08:34,566 [INFO] HTTP Request: GET https://tcgplayer.com/product/42350?irclickid=Wur3iR3lIxyZWL4RoJ3dEV04UkuTx%3A0RqRYc240&sharedid=&irpid=4944541&irgwc=1&afsrc=1&utm_source=impact&utm_medium=affiliate&utm_campaign=Scrydex "HTTP/1.1 301 Moved Permanently"
2026-06-11 15:08:35,414 [INFO] HTTP Request: GET https://www.tcgplayer.com/product/42350?irclickid=Wur3iR3lIxyZWL4RoJ3dEV04UkuTx%3A0RqRYc240&sharedid=&irpid=4944541&irgwc=1&afsrc=1&utm_source=impact&utm_medium=affiliate&utm_campaign=Scrydex "HTTP/1.1 200 OK"
2026-06-11 15:08:35,884 [INFO] HTTP Request: GET https://prices.pokemontcg.io/tcgplayer/base1-11 "HTTP/1.1 302 Found"
2026-06-11 15:08:35,927 [INFO] HTTP Request: GET https://tcgplayer.pxf.io/scrydex?u=https://tcgplayer.com/product/42351 "HTTP/1.1 301 Moved Permanently"
2026-06-11 15:08:35,977 [INFO] HTTP Request: GET https://partner.tcgplayer.com/c/4944541/1780961/21018?u=https://tcgplayer.com/product/42351&svlink=9050484&level=1&brwsr=a8a365c9-656c-11f1-aafc-99296d58d03c&brwsrsig=3W-y6BQMUVKJ0PXS9rz0tWURz0s1Qs "HTTP/1.1 301 Moved Permanently"
2026-06-11 15:08:36,263 [INFO] HTTP Request: GET https://tcgplayer.com/product/42351?irclickid=Wur3iR3lIxyZWL4RoJ3dEV04UkuTx%3A0hqRYc240&sharedid=&irpid=4944541&irgwc=1&afsrc=1&utm_source=impact&utm_medium=affiliate&utm_campaign=Scrydex "HTTP/1.1 301 Moved Permanently"
2026-06-11 15:08:37,170 [INFO] HTTP Request: GET https://www.tcgplayer.com/product/42351?irclickid=Wur3iR3lIxyZWL4RoJ3dEV04UkuTx%3A0hqRYc240&sharedid=&irpid=4944541&irgwc=1&afsrc=1&utm_source=impact&utm_medium=affiliate&utm_campaign=Scrydex "HTTP/1.1 200 OK"
2026-06-11 15:08:37,760 [INFO] HTTP Request: GET https://prices.pokemontcg.io/tcgplayer/base1-12 "HTTP/1.1 302 Found"
2026-06-11 15:08:37,792 [INFO] HTTP Request: GET https://tcgplayer.pxf.io/scrydex?u=https://tcgplayer.com/product/42352 "HTTP/1.1 301 Moved Permanently"
2026-06-11 15:08:37,843 [INFO] HTTP Request: GET https://partner.tcgplayer.com/c/4944541/1780961/21018?u=https://tcgplayer.com/product/42352&svlink=9050484&level=1&brwsr=a8a365c9-656c-11f1-aafc-99296d58d03c&brwsrsig=3W-y6BQMUVKJ0PXS9rz0tWURz0s1Qs "HTTP/1.1 301 Moved Permanently"
2026-06-11 15:08:38,114 [INFO] HTTP Request: GET https://tcgplayer.com/product/42352?irclickid=Wur3iR3lIxyZWL4RoJ3dEV04UkuTx%3A0lqRYc240&sharedid=&irpid=4944541&irgwc=1&afsrc=1&utm_source=impact&utm_medium=affiliate&utm_campaign=Scrydex "HTTP/1.1 301 Moved Permanently"
2026-06-11 15:08:38,879 [INFO] HTTP Request: GET https://www.tcgplayer.com/product/42352?irclickid=Wur3iR3lIxyZWL4RoJ3dEV04UkuTx%3A0lqRYc240&sharedid=&irpid=4944541&irgwc=1&afsrc=1&utm_source=impact&utm_medium=affiliate&utm_campaign=Scrydex "HTTP/1.1 200 OK"
2026-06-11 15:08:39,845 [INFO] HTTP Request: GET https://prices.pokemontcg.io/tcgplayer/base1-13 "HTTP/1.1 302 Found"
2026-06-11 15:08:39,880 [INFO] HTTP Request: GET https://tcgplayer.pxf.io/scrydex?u=https://tcgplayer.com/product/42353 "HTTP/1.1 301 Moved Permanently"
2026-06-11 15:08:39,921 [INFO] HTTP Request: GET https://partner.tcgplayer.com/c/4944541/1780961/21018?u=https://tcgplayer.com/product/42353&svlink=9050484&level=1&brwsr=a8a365c9-656c-11f1-aafc-99296d58d03c&brwsrsig=3W-y6BQMUVKJ0PXS9rz0tWURz0s1Qs "HTTP/1.1 301 Moved Permanently"
2026-06-11 15:08:40,456 [INFO] HTTP Request: GET https://tcgplayer.com/product/42353?irclickid=Wur3iR3lIxyZWL4RoJ3dEV04UkuTx%3A0FqRYc240&sharedid=&irpid=4944541&irgwc=1&afsrc=1&utm_source=impact&utm_medium=affiliate&utm_campaign=Scrydex "HTTP/1.1 301 Moved Permanently"
2026-06-11 15:08:41,240 [INFO] HTTP Request: GET https://www.tcgplayer.com/product/42353?irclickid=Wur3iR3lIxyZWL4RoJ3dEV04UkuTx%3A0FqRYc240&sharedid=&irpid=4944541&irgwc=1&afsrc=1&utm_source=impact&utm_medium=affiliate&utm_campaign=Scrydex "HTTP/1.1 200 OK"
2026-06-11 15:08:41,659 [INFO] HTTP Request: GET https://prices.pokemontcg.io/tcgplayer/base1-14 "HTTP/1.1 302 Found"
2026-06-11 15:08:41,695 [INFO] HTTP Request: GET https://tcgplayer.pxf.io/scrydex?u=https://tcgplayer.com/product/42354 "HTTP/1.1 301 Moved Permanently"
2026-06-11 15:08:41,740 [INFO] HTTP Request: GET https://partner.tcgplayer.com/c/4944541/1780961/21018?u=https://tcgplayer.com/product/42354&svlink=9050484&level=1&brwsr=a8a365c9-656c-11f1-aafc-99296d58d03c&brwsrsig=3W-y6BQMUVKJ0PXS9rz0tWURz0s1Qs "HTTP/1.1 301 Moved Permanently"
2026-06-11 15:08:42,007 [INFO] HTTP Request: GET https://tcgplayer.com/product/42354?irclickid=Wur3iR3lIxyZWL4RoJ3dEV04UkuTx%3A0tqRYc240&sharedid=&irpid=4944541&irgwc=1&afsrc=1&utm_source=impact&utm_medium=affiliate&utm_campaign=Scrydex "HTTP/1.1 301 Moved Permanently"
2026-06-11 15:08:43,058 [INFO] HTTP Request: GET https://www.tcgplayer.com/product/42354?irclickid=Wur3iR3lIxyZWL4RoJ3dEV04UkuTx%3A0tqRYc240&sharedid=&irpid=4944541&irgwc=1&afsrc=1&utm_source=impact&utm_medium=affiliate&utm_campaign=Scrydex "HTTP/1.1 200 OK"
2026-06-11 15:08:44,021 [INFO] HTTP Request: GET https://prices.pokemontcg.io/tcgplayer/base1-15 "HTTP/1.1 302 Found"
2026-06-11 15:08:44,055 [INFO] HTTP Request: GET https://tcgplayer.pxf.io/scrydex?u=https://tcgplayer.com/product/42355 "HTTP/1.1 301 Moved Permanently"
2026-06-11 15:08:44,095 [INFO] HTTP Request: GET https://partner.tcgplayer.com/c/4944541/1780961/21018?u=https://tcgplayer.com/product/42355&svlink=9050484&level=1&brwsr=a8a365c9-656c-11f1-aafc-99296d58d03c&brwsrsig=3W-y6BQMUVKJ0PXS9rz0tWURz0s1Qs "HTTP/1.1 301 Moved Permanently"
2026-06-11 15:08:44,380 [INFO] HTTP Request: GET https://tcgplayer.com/product/42355?irclickid=Wur3iR3lIxyZWL4RoJ3dEV04UkuTx%3A0ZqRYc240&sharedid=&irpid=4944541&irgwc=1&afsrc=1&utm_source=impact&utm_medium=affiliate&utm_campaign=Scrydex "HTTP/1.1 301 Moved Permanently"
2026-06-11 15:08:45,158 [INFO] HTTP Request: GET https://www.tcgplayer.com/product/42355?irclickid=Wur3iR3lIxyZWL4RoJ3dEV04UkuTx%3A0ZqRYc240&sharedid=&irpid=4944541&irgwc=1&afsrc=1&utm_source=impact&utm_medium=affiliate&utm_campaign=Scrydex "HTTP/1.1 200 OK"
2026-06-11 15:08:45,656 [INFO] HTTP Request: GET https://prices.pokemontcg.io/tcgplayer/base1-16 "HTTP/1.1 302 Found"
2026-06-11 15:08:45,687 [INFO] HTTP Request: GET https://tcgplayer.pxf.io/scrydex?u=https://tcgplayer.com/product/42356 "HTTP/1.1 301 Moved Permanently"
2026-06-11 15:08:45,730 [INFO] HTTP Request: GET https://partner.tcgplayer.com/c/4944541/1780961/21018?u=https://tcgplayer.com/product/42356&svlink=9050484&level=1&brwsr=a8a365c9-656c-11f1-aafc-99296d58d03c&brwsrsig=3W-y6BQMUVKJ0PXS9rz0tWURz0s1Qs "HTTP/1.1 301 Moved Permanently"
2026-06-11 15:08:46,053 [INFO] HTTP Request: GET https://tcgplayer.com/product/42356?irclickid=Wur3iR3lIxyZWL4RoJ3dEV04UkuTx%3A0dqRYc240&sharedid=&irpid=4944541&irgwc=1&afsrc=1&utm_source=impact&utm_medium=affiliate&utm_campaign=Scrydex "HTTP/1.1 301 Moved Permanently"
2026-06-11 15:08:46,865 [INFO] HTTP Request: GET https://www.tcgplayer.com/product/42356?irclickid=Wur3iR3lIxyZWL4RoJ3dEV04UkuTx%3A0dqRYc240&sharedid=&irpid=4944541&irgwc=1&afsrc=1&utm_source=impact&utm_medium=affiliate&utm_campaign=Scrydex "HTTP/1.1 200 OK"
2026-06-11 15:08:47,369 [INFO] HTTP Request: GET https://prices.pokemontcg.io/tcgplayer/base1-17 "HTTP/1.1 302 Found"
2026-06-11 15:08:47,402 [INFO] HTTP Request: GET https://tcgplayer.pxf.io/scrydex?u=https://tcgplayer.com/product/42357 "HTTP/1.1 301 Moved Permanently"
2026-06-11 15:08:47,444 [INFO] HTTP Request: GET https://partner.tcgplayer.com/c/4944541/1780961/21018?u=https://tcgplayer.com/product/42357&svlink=9050484&level=1&brwsr=a8a365c9-656c-11f1-aafc-99296d58d03c&brwsrsig=3W-y6BQMUVKJ0PXS9rz0tWURz0s1Qs "HTTP/1.1 301 Moved Permanently"
2026-06-11 15:08:47,740 [INFO] HTTP Request: GET https://tcgplayer.com/product/42357?irclickid=Wur3iR3lIxyZWL4RoJ3dEV04UkuTx%3A09qRYc240&sharedid=&irpid=4944541&irgwc=1&afsrc=1&utm_source=impact&utm_medium=affiliate&utm_campaign=Scrydex "HTTP/1.1 301 Moved Permanently"
2026-06-11 15:08:48,493 [INFO] HTTP Request: GET https://www.tcgplayer.com/product/42357?irclickid=Wur3iR3lIxyZWL4RoJ3dEV04UkuTx%3A09qRYc240&sharedid=&irpid=4944541&irgwc=1&afsrc=1&utm_source=impact&utm_medium=affiliate&utm_campaign=Scrydex "HTTP/1.1 200 OK"
2026-06-11 15:08:48,905 [INFO] HTTP Request: GET https://prices.pokemontcg.io/tcgplayer/base1-18 "HTTP/1.1 302 Found"
2026-06-11 15:08:48,946 [INFO] HTTP Request: GET https://tcgplayer.pxf.io/scrydex?u=https://tcgplayer.com/product/42358 "HTTP/1.1 301 Moved Permanently"
2026-06-11 15:08:48,986 [INFO] HTTP Request: GET https://partner.tcgplayer.com/c/4944541/1780961/21018?u=https://tcgplayer.com/product/42358&svlink=9050484&level=1&brwsr=a8a365c9-656c-11f1-aafc-99296d58d03c&brwsrsig=3W-y6BQMUVKJ0PXS9rz0tWURz0s1Qs "HTTP/1.1 301 Moved Permanently"
2026-06-11 15:08:49,285 [INFO] HTTP Request: GET https://tcgplayer.com/product/42358?irclickid=Wur3iR3lIxyZWL4RoJ3dEV04UkuTx%3Ax1qRYc240&sharedid=&irpid=4944541&irgwc=1&afsrc=1&utm_source=impact&utm_medium=affiliate&utm_campaign=Scrydex "HTTP/1.1 301 Moved Permanently"
2026-06-11 15:08:50,074 [INFO] HTTP Request: GET https://www.tcgplayer.com/product/42358?irclickid=Wur3iR3lIxyZWL4RoJ3dEV04UkuTx%3Ax1qRYc240&sharedid=&irpid=4944541&irgwc=1&afsrc=1&utm_source=impact&utm_medium=affiliate&utm_campaign=Scrydex "HTTP/1.1 200 OK"
2026-06-11 15:08:51,946 [INFO] HTTP Request: GET https://prices.pokemontcg.io/tcgplayer/base1-19 "HTTP/1.1 302 Found"
2026-06-11 15:08:52,000 [INFO] HTTP Request: GET https://tcgplayer.pxf.io/scrydex?u=https://tcgplayer.com/product/42359 "HTTP/1.1 301 Moved Permanently"
2026-06-11 15:08:52,051 [INFO] HTTP Request: GET https://partner.tcgplayer.com/c/4944541/1780961/21018?u=https://tcgplayer.com/product/42359&svlink=9050484&level=1&brwsr=a8a365c9-656c-11f1-aafc-99296d58d03c&brwsrsig=3W-y6BQMUVKJ0PXS9rz0tWURz0s1Qs "HTTP/1.1 301 Moved Permanently"
2026-06-11 15:08:52,563 [INFO] HTTP Request: GET https://tcgplayer.com/product/42359?irclickid=Wur3iR3lIxyZWL4RoJ3dEV04UkuTx%3AxhqRYc240&sharedid=&irpid=4944541&irgwc=1&afsrc=1&utm_source=impact&utm_medium=affiliate&utm_campaign=Scrydex "HTTP/1.1 301 Moved Permanently"
2026-06-11 15:08:53,395 [INFO] HTTP Request: GET https://www.tcgplayer.com/product/42359?irclickid=Wur3iR3lIxyZWL4RoJ3dEV04UkuTx%3AxhqRYc240&sharedid=&irpid=4944541&irgwc=1&afsrc=1&utm_source=impact&utm_medium=affiliate&utm_campaign=Scrydex "HTTP/1.1 200 OK"
2026-06-11 15:08:59,486 [INFO] HTTP Request: GET https://prices.pokemontcg.io/tcgplayer/base1-2 "HTTP/1.1 302 Found"
2026-06-11 15:08:59,714 [INFO] HTTP Request: GET https://tcgplayer.pxf.io/scrydex?u=https://tcgplayer.com/product/42360 "HTTP/1.1 301 Moved Permanently"
2026-06-11 15:08:59,804 [INFO] HTTP Request: GET https://partner.tcgplayer.com/c/4944541/1780961/21018?u=https://tcgplayer.com/product/42360&svlink=9050484&level=1&brwsr=a8a365c9-656c-11f1-aafc-99296d58d03c&brwsrsig=3W-y6BQMUVKJ0PXS9rz0tWURz0s1Qs "HTTP/1.1 301 Moved Permanently"
2026-06-11 15:09:00,150 [INFO] HTTP Request: GET https://tcgplayer.com/product/42360?irclickid=Wur3iR3lIxyZWL4RoJ3dEV04UkuTx%3AxNqRYc240&sharedid=&irpid=4944541&irgwc=1&afsrc=1&utm_source=impact&utm_medium=affiliate&utm_campaign=Scrydex "HTTP/1.1 301 Moved Permanently"
2026-06-11 15:09:01,086 [INFO] HTTP Request: GET https://www.tcgplayer.com/product/42360?irclickid=Wur3iR3lIxyZWL4RoJ3dEV04UkuTx%3AxNqRYc240&sharedid=&irpid=4944541&irgwc=1&afsrc=1&utm_source=impact&utm_medium=affiliate&utm_campaign=Scrydex "HTTP/1.1 200 OK"
2026-06-11 15:09:01,784 [INFO] HTTP Request: GET https://prices.pokemontcg.io/tcgplayer/base1-20 "HTTP/1.1 302 Found"
2026-06-11 15:09:02,668 [INFO] HTTP Request: GET https://tcgplayer.pxf.io/scrydex?u=https://tcgplayer.com/product/42361 "HTTP/1.1 301 Moved Permanently"
2026-06-11 15:09:02,835 [INFO] HTTP Request: GET https://partner.tcgplayer.com/c/4944541/1780961/21018?u=https://tcgplayer.com/product/42361&svlink=9050484&level=1&brwsr=a8a365c9-656c-11f1-aafc-99296d58d03c&brwsrsig=3W-y6BQMUVKJ0PXS9rz0tWURz0s1Qs "HTTP/1.1 301 Moved Permanently"
2026-06-11 15:09:03,111 [INFO] HTTP Request: GET https://tcgplayer.com/product/42361?irclickid=Wur3iR3lIxyZWL4RoJ3dEV04UkuTx%3Ax5qRYc240&sharedid=&irpid=4944541&irgwc=1&afsrc=1&utm_source=impact&utm_medium=affiliate&utm_campaign=Scrydex "HTTP/1.1 301 Moved Permanently"
2026-06-11 15:09:03,894 [INFO] HTTP Request: GET https://www.tcgplayer.com/product/42361?irclickid=Wur3iR3lIxyZWL4RoJ3dEV04UkuTx%3Ax5qRYc240&sharedid=&irpid=4944541&irgwc=1&afsrc=1&utm_source=impact&utm_medium=affiliate&utm_campaign=Scrydex "HTTP/1.1 200 OK"
2026-06-11 15:09:04,685 [INFO] HTTP Request: GET https://prices.pokemontcg.io/tcgplayer/base1-21 "HTTP/1.1 302 Found"
2026-06-11 15:09:05,068 [INFO] HTTP Request: GET https://tcgplayer.pxf.io/scrydex?u=https://tcgplayer.com/product/42362 "HTTP/1.1 301 Moved Permanently"
2026-06-11 15:09:05,113 [INFO] HTTP Request: GET https://partner.tcgplayer.com/c/4944541/1780961/21018?u=https://tcgplayer.com/product/42362&svlink=9050484&level=1&brwsr=a8a365c9-656c-11f1-aafc-99296d58d03c&brwsrsig=3W-y6BQMUVKJ0PXS9rz0tWURz0s1Qs "HTTP/1.1 301 Moved Permanently"
2026-06-11 15:09:05,597 [INFO] HTTP Request: GET https://tcgplayer.com/product/42362?irclickid=Wur3iR3lIxyZWL4RoJ3dEV04UkuTx%3A21qRYc240&sharedid=&irpid=4944541&irgwc=1&afsrc=1&utm_source=impact&utm_medium=affiliate&utm_campaign=Scrydex "HTTP/1.1 301 Moved Permanently"
2026-06-11 15:09:06,357 [INFO] HTTP Request: GET https://www.tcgplayer.com/product/42362?irclickid=Wur3iR3lIxyZWL4RoJ3dEV04UkuTx%3A21qRYc240&sharedid=&irpid=4944541&irgwc=1&afsrc=1&utm_source=impact&utm_medium=affiliate&utm_campaign=Scrydex "HTTP/1.1 200 OK"
2026-06-11 15:09:06,808 [INFO] HTTP Request: GET https://prices.pokemontcg.io/tcgplayer/base1-22 "HTTP/1.1 302 Found"
2026-06-11 15:09:08,292 [INFO] HTTP Request: GET https://tcgplayer.pxf.io/scrydex?u=https://tcgplayer.com/product/42363 "HTTP/1.1 301 Moved Permanently"
2026-06-11 15:09:08,338 [INFO] HTTP Request: GET https://partner.tcgplayer.com/c/4944541/1780961/21018?u=https://tcgplayer.com/product/42363&svlink=9050484&level=1&brwsr=a8a365c9-656c-11f1-aafc-99296d58d03c&brwsrsig=3W-y6BQMUVKJ0PXS9rz0tWURz0s1Qs "HTTP/1.1 301 Moved Permanently"
2026-06-11 15:09:08,666 [INFO] HTTP Request: GET https://tcgplayer.com/product/42363?irclickid=Wur3iR3lIxyZWL4RoJ3dEV04UkuTx%3A2hqRYc240&sharedid=&irpid=4944541&irgwc=1&afsrc=1&utm_source=impact&utm_medium=affiliate&utm_campaign=Scrydex "HTTP/1.1 301 Moved Permanently"
2026-06-11 15:09:09,440 [INFO] HTTP Request: GET https://www.tcgplayer.com/product/42363?irclickid=Wur3iR3lIxyZWL4RoJ3dEV04UkuTx%3A2hqRYc240&sharedid=&irpid=4944541&irgwc=1&afsrc=1&utm_source=impact&utm_medium=affiliate&utm_campaign=Scrydex "HTTP/1.1 200 OK"
2026-06-11 15:09:09,869 [INFO] HTTP Request: GET https://prices.pokemontcg.io/tcgplayer/base1-23 "HTTP/1.1 302 Found"
2026-06-11 15:09:09,907 [INFO] HTTP Request: GET https://tcgplayer.pxf.io/scrydex?u=https://tcgplayer.com/product/42364 "HTTP/1.1 301 Moved Permanently"
2026-06-11 15:09:09,976 [INFO] HTTP Request: GET https://partner.tcgplayer.com/c/4944541/1780961/21018?u=https://tcgplayer.com/product/42364&svlink=9050484&level=1&brwsr=a8a365c9-656c-11f1-aafc-99296d58d03c&brwsrsig=3W-y6BQMUVKJ0PXS9rz0tWURz0s1Qs "HTTP/1.1 301 Moved Permanently"
2026-06-11 15:09:10,237 [INFO] HTTP Request: GET https://tcgplayer.com/product/42364?irclickid=Wur3iR3lIxyZWL4RoJ3dEV04UkuTx%3A2BqRYc240&sharedid=&irpid=4944541&irgwc=1&afsrc=1&utm_source=impact&utm_medium=affiliate&utm_campaign=Scrydex "HTTP/1.1 301 Moved Permanently"
2026-06-11 15:09:11,123 [INFO] HTTP Request: GET https://www.tcgplayer.com/product/42364?irclickid=Wur3iR3lIxyZWL4RoJ3dEV04UkuTx%3A2BqRYc240&sharedid=&irpid=4944541&irgwc=1&afsrc=1&utm_source=impact&utm_medium=affiliate&utm_campaign=Scrydex "HTTP/1.1 200 OK"
2026-06-11 15:09:15,649 [INFO] HTTP Request: GET https://prices.pokemontcg.io/tcgplayer/base1-24 "HTTP/1.1 302 Found"
2026-06-11 15:09:15,774 [INFO] HTTP Request: GET https://tcgplayer.pxf.io/scrydex?u=https://tcgplayer.com/product/42365 "HTTP/1.1 301 Moved Permanently"
2026-06-11 15:09:15,854 [INFO] HTTP Request: GET https://partner.tcgplayer.com/c/4944541/1780961/21018?u=https://tcgplayer.com/product/42365&svlink=9050484&level=1&brwsr=a8a365c9-656c-11f1-aafc-99296d58d03c&brwsrsig=3W-y6BQMUVKJ0PXS9rz0tWURz0s1Qs "HTTP/1.1 301 Moved Permanently"
2026-06-11 15:09:16,501 [INFO] HTTP Request: GET https://tcgplayer.com/product/42365?irclickid=Wur3iR3lIxyZWL4RoJ3dEV04UkuTx%3A2NqRYc240&sharedid=&irpid=4944541&irgwc=1&afsrc=1&utm_source=impact&utm_medium=affiliate&utm_campaign=Scrydex "HTTP/1.1 301 Moved Permanently"
2026-06-11 15:09:17,558 [INFO] HTTP Request: GET https://www.tcgplayer.com/product/42365?irclickid=Wur3iR3lIxyZWL4RoJ3dEV04UkuTx%3A2NqRYc240&sharedid=&irpid=4944541&irgwc=1&afsrc=1&utm_source=impact&utm_medium=affiliate&utm_campaign=Scrydex "HTTP/1.1 200 OK"
2026-06-11 15:09:17,994 [INFO] HTTP Request: GET https://prices.pokemontcg.io/tcgplayer/base1-25 "HTTP/1.1 302 Found"
2026-06-11 15:09:18,041 [INFO] HTTP Request: GET https://tcgplayer.pxf.io/scrydex?u=https://tcgplayer.com/product/42366 "HTTP/1.1 301 Moved Permanently"
2026-06-11 15:09:18,082 [INFO] HTTP Request: GET https://partner.tcgplayer.com/c/4944541/1780961/21018?u=https://tcgplayer.com/product/42366&svlink=9050484&level=1&brwsr=a8a365c9-656c-11f1-aafc-99296d58d03c&brwsrsig=3W-y6BQMUVKJ0PXS9rz0tWURz0s1Qs "HTTP/1.1 301 Moved Permanently"
2026-06-11 15:09:18,365 [INFO] HTTP Request: GET https://tcgplayer.com/product/42366?irclickid=Wur3iR3lIxyZWL4RoJ3dEV04UkuTx%3A25qRYc240&sharedid=&irpid=4944541&irgwc=1&afsrc=1&utm_source=impact&utm_medium=affiliate&utm_campaign=Scrydex "HTTP/1.1 301 Moved Permanently"
2026-06-11 15:09:19,163 [INFO] HTTP Request: GET https://www.tcgplayer.com/product/42366?irclickid=Wur3iR3lIxyZWL4RoJ3dEV04UkuTx%3A25qRYc240&sharedid=&irpid=4944541&irgwc=1&afsrc=1&utm_source=impact&utm_medium=affiliate&utm_campaign=Scrydex "HTTP/1.1 200 OK"
2026-06-11 15:09:21,306 [INFO] HTTP Request: GET https://prices.pokemontcg.io/tcgplayer/base1-26 "HTTP/1.1 302 Found"
2026-06-11 15:09:21,336 [INFO] HTTP Request: GET https://tcgplayer.pxf.io/scrydex?u=https://tcgplayer.com/product/42367 "HTTP/1.1 301 Moved Permanently"
2026-06-11 15:09:21,415 [INFO] HTTP Request: GET https://partner.tcgplayer.com/c/4944541/1780961/21018?u=https://tcgplayer.com/product/42367&svlink=9050484&level=1&brwsr=a8a365c9-656c-11f1-aafc-99296d58d03c&brwsrsig=3W-y6BQMUVKJ0PXS9rz0tWURz0s1Qs "HTTP/1.1 301 Moved Permanently"
2026-06-11 15:09:21,925 [INFO] HTTP Request: GET https://tcgplayer.com/product/42367?irclickid=Wur3iR3lIxyZWL4RoJ3dEV04UkuTx%3Az1qRYc240&sharedid=&irpid=4944541&irgwc=1&afsrc=1&utm_source=impact&utm_medium=affiliate&utm_campaign=Scrydex "HTTP/1.1 301 Moved Permanently"
2026-06-11 15:09:22,663 [INFO] HTTP Request: GET https://www.tcgplayer.com/product/42367?irclickid=Wur3iR3lIxyZWL4RoJ3dEV04UkuTx%3Az1qRYc240&sharedid=&irpid=4944541&irgwc=1&afsrc=1&utm_source=impact&utm_medium=affiliate&utm_campaign=Scrydex "HTTP/1.1 200 OK"
2026-06-11 15:09:23,111 [INFO] HTTP Request: GET https://prices.pokemontcg.io/tcgplayer/base1-27 "HTTP/1.1 302 Found"
2026-06-11 15:09:23,142 [INFO] HTTP Request: GET https://tcgplayer.pxf.io/scrydex?u=https://tcgplayer.com/product/42368 "HTTP/1.1 301 Moved Permanently"
2026-06-11 15:09:23,180 [INFO] HTTP Request: GET https://partner.tcgplayer.com/c/4944541/1780961/21018?u=https://tcgplayer.com/product/42368&svlink=9050484&level=1&brwsr=a8a365c9-656c-11f1-aafc-99296d58d03c&brwsrsig=3W-y6BQMUVKJ0PXS9rz0tWURz0s1Qs "HTTP/1.1 301 Moved Permanently"
2026-06-11 15:09:23,453 [INFO] HTTP Request: GET https://tcgplayer.com/product/42368?irclickid=Wur3iR3lIxyZWL4RoJ3dEV04UkuTx%3AzVqRYc240&sharedid=&irpid=4944541&irgwc=1&afsrc=1&utm_source=impact&utm_medium=affiliate&utm_campaign=Scrydex "HTTP/1.1 301 Moved Permanently"
2026-06-11 15:09:24,321 [INFO] HTTP Request: GET https://www.tcgplayer.com/product/42368?irclickid=Wur3iR3lIxyZWL4RoJ3dEV04UkuTx%3AzVqRYc240&sharedid=&irpid=4944541&irgwc=1&afsrc=1&utm_source=impact&utm_medium=affiliate&utm_campaign=Scrydex "HTTP/1.1 200 OK"
2026-06-11 15:09:24,742 [INFO] HTTP Request: GET https://prices.pokemontcg.io/tcgplayer/base1-28 "HTTP/1.1 302 Found"
2026-06-11 15:09:24,853 [INFO] HTTP Request: GET https://tcgplayer.pxf.io/scrydex?u=https://tcgplayer.com/product/42369 "HTTP/1.1 301 Moved Permanently"
2026-06-11 15:09:24,908 [INFO] HTTP Request: GET https://partner.tcgplayer.com/c/4944541/1780961/21018?u=https://tcgplayer.com/product/42369&svlink=9050484&level=1&brwsr=a8a365c9-656c-11f1-aafc-99296d58d03c&brwsrsig=3W-y6BQMUVKJ0PXS9rz0tWURz0s1Qs "HTTP/1.1 301 Moved Permanently"
2026-06-11 15:09:25,173 [INFO] HTTP Request: GET https://tcgplayer.com/product/42369?irclickid=Wur3iR3lIxyZWL4RoJ3dEV04UkuTx%3AzhqRYc240&sharedid=&irpid=4944541&irgwc=1&afsrc=1&utm_source=impact&utm_medium=affiliate&utm_campaign=Scrydex "HTTP/1.1 301 Moved Permanently"
2026-06-11 15:09:25,920 [INFO] HTTP Request: GET https://www.tcgplayer.com/product/42369?irclickid=Wur3iR3lIxyZWL4RoJ3dEV04UkuTx%3AzhqRYc240&sharedid=&irpid=4944541&irgwc=1&afsrc=1&utm_source=impact&utm_medium=affiliate&utm_campaign=Scrydex "HTTP/1.1 200 OK"
2026-06-11 15:09:27,999 [INFO] HTTP Request: GET https://prices.pokemontcg.io/tcgplayer/base1-29 "HTTP/1.1 302 Found"
2026-06-11 15:09:28,032 [INFO] HTTP Request: GET https://tcgplayer.pxf.io/scrydex?u=https://tcgplayer.com/product/42370 "HTTP/1.1 301 Moved Permanently"
2026-06-11 15:09:28,070 [INFO] HTTP Request: GET https://partner.tcgplayer.com/c/4944541/1780961/21018?u=https://tcgplayer.com/product/42370&svlink=9050484&level=1&brwsr=a8a365c9-656c-11f1-aafc-99296d58d03c&brwsrsig=3W-y6BQMUVKJ0PXS9rz0tWURz0s1Qs "HTTP/1.1 301 Moved Permanently"
2026-06-11 15:09:28,603 [INFO] HTTP Request: GET https://tcgplayer.com/product/42370?irclickid=Wur3iR3lIxyZWL4RoJ3dEV04UkuTx%3AzpqRYc240&sharedid=&irpid=4944541&irgwc=1&afsrc=1&utm_source=impact&utm_medium=affiliate&utm_campaign=Scrydex "HTTP/1.1 301 Moved Permanently"
2026-06-11 15:09:29,391 [INFO] HTTP Request: GET https://www.tcgplayer.com/product/42370?irclickid=Wur3iR3lIxyZWL4RoJ3dEV04UkuTx%3AzpqRYc240&sharedid=&irpid=4944541&irgwc=1&afsrc=1&utm_source=impact&utm_medium=affiliate&utm_campaign=Scrydex "HTTP/1.1 200 OK"
2026-06-11 15:09:32,724 [INFO] HTTP Request: GET https://prices.pokemontcg.io/tcgplayer/base1-3 "HTTP/1.1 302 Found"
2026-06-11 15:09:32,755 [INFO] HTTP Request: GET https://tcgplayer.pxf.io/scrydex?u=https://tcgplayer.com/product/42371 "HTTP/1.1 301 Moved Permanently"
2026-06-11 15:09:32,796 [INFO] HTTP Request: GET https://partner.tcgplayer.com/c/4944541/1780961/21018?u=https://tcgplayer.com/product/42371&svlink=9050484&level=1&brwsr=a8a365c9-656c-11f1-aafc-99296d58d03c&brwsrsig=3W-y6BQMUVKJ0PXS9rz0tWURz0s1Qs "HTTP/1.1 301 Moved Permanently"
2026-06-11 15:09:33,058 [INFO] HTTP Request: GET https://tcgplayer.com/product/42371?irclickid=Wur3iR3lIxyZWL4RoJ3dEV04UkuTx%3AzZqRYc240&sharedid=&irpid=4944541&irgwc=1&afsrc=1&utm_source=impact&utm_medium=affiliate&utm_campaign=Scrydex "HTTP/1.1 301 Moved Permanently"
2026-06-11 15:09:33,820 [INFO] HTTP Request: GET https://www.tcgplayer.com/product/42371?irclickid=Wur3iR3lIxyZWL4RoJ3dEV04UkuTx%3AzZqRYc240&sharedid=&irpid=4944541&irgwc=1&afsrc=1&utm_source=impact&utm_medium=affiliate&utm_campaign=Scrydex "HTTP/1.1 200 OK"
2026-06-11 15:09:34,289 [INFO] HTTP Request: GET https://prices.pokemontcg.io/tcgplayer/base1-30 "HTTP/1.1 302 Found"
2026-06-11 15:09:34,321 [INFO] HTTP Request: GET https://tcgplayer.pxf.io/scrydex?u=https://tcgplayer.com/product/42372 "HTTP/1.1 301 Moved Permanently"
2026-06-11 15:09:34,364 [INFO] HTTP Request: GET https://partner.tcgplayer.com/c/4944541/1780961/21018?u=https://tcgplayer.com/product/42372&svlink=9050484&level=1&brwsr=a8a365c9-656c-11f1-aafc-99296d58d03c&brwsrsig=3W-y6BQMUVKJ0PXS9rz0tWURz0s1Qs "HTTP/1.1 301 Moved Permanently"
2026-06-11 15:09:34,964 [INFO] HTTP Request: GET https://tcgplayer.com/product/42372?irclickid=Wur3iR3lIxyZWL4RoJ3dEV04UkuTx%3Az5qRYc240&sharedid=&irpid=4944541&irgwc=1&afsrc=1&utm_source=impact&utm_medium=affiliate&utm_campaign=Scrydex "HTTP/1.1 301 Moved Permanently"
2026-06-11 15:09:35,776 [INFO] HTTP Request: GET https://www.tcgplayer.com/product/42372?irclickid=Wur3iR3lIxyZWL4RoJ3dEV04UkuTx%3Az5qRYc240&sharedid=&irpid=4944541&irgwc=1&afsrc=1&utm_source=impact&utm_medium=affiliate&utm_campaign=Scrydex "HTTP/1.1 200 OK"
2026-06-11 15:09:36,873 [INFO] HTTP Request: GET https://prices.pokemontcg.io/tcgplayer/base1-31 "HTTP/1.1 302 Found"
2026-06-11 15:09:36,915 [INFO] HTTP Request: GET https://tcgplayer.pxf.io/scrydex?u=https://tcgplayer.com/product/42373 "HTTP/1.1 301 Moved Permanently"
2026-06-11 15:09:36,961 [INFO] HTTP Request: GET https://partner.tcgplayer.com/c/4944541/1780961/21018?u=https://tcgplayer.com/product/42373&svlink=9050484&level=1&brwsr=a8a365c9-656c-11f1-aafc-99296d58d03c&brwsrsig=3W-y6BQMUVKJ0PXS9rz0tWURz0s1Qs "HTTP/1.1 301 Moved Permanently"
2026-06-11 15:09:37,236 [INFO] HTTP Request: GET https://tcgplayer.com/product/42373?irclickid=Wur3iR3lIxyZWL4RoJ3dEV04UkuTx%3Aw1qRYc240&sharedid=&irpid=4944541&irgwc=1&afsrc=1&utm_source=impact&utm_medium=affiliate&utm_campaign=Scrydex "HTTP/1.1 301 Moved Permanently"
2026-06-11 15:09:38,004 [INFO] HTTP Request: GET https://www.tcgplayer.com/product/42373?irclickid=Wur3iR3lIxyZWL4RoJ3dEV04UkuTx%3Aw1qRYc240&sharedid=&irpid=4944541&irgwc=1&afsrc=1&utm_source=impact&utm_medium=affiliate&utm_campaign=Scrydex "HTTP/1.1 200 OK"
2026-06-11 15:09:38,482 [INFO] HTTP Request: GET https://prices.pokemontcg.io/tcgplayer/base1-32 "HTTP/1.1 302 Found"
2026-06-11 15:09:38,512 [INFO] HTTP Request: GET https://tcgplayer.pxf.io/scrydex?u=https://tcgplayer.com/product/42374 "HTTP/1.1 301 Moved Permanently"
2026-06-11 15:09:38,567 [INFO] HTTP Request: GET https://partner.tcgplayer.com/c/4944541/1780961/21018?u=https://tcgplayer.com/product/42374&svlink=9050484&level=1&brwsr=a8a365c9-656c-11f1-aafc-99296d58d03c&brwsrsig=3W-y6BQMUVKJ0PXS9rz0tWURz0s1Qs "HTTP/1.1 301 Moved Permanently"
2026-06-11 15:09:39,068 [INFO] HTTP Request: GET https://tcgplayer.com/product/42374?irclickid=Wur3iR3lIxyZWL4RoJ3dEV04UkuTx%3AwRqRYc240&sharedid=&irpid=4944541&irgwc=1&afsrc=1&utm_source=impact&utm_medium=affiliate&utm_campaign=Scrydex "HTTP/1.1 301 Moved Permanently"
2026-06-11 15:09:39,880 [INFO] HTTP Request: GET https://www.tcgplayer.com/product/42374?irclickid=Wur3iR3lIxyZWL4RoJ3dEV04UkuTx%3AwRqRYc240&sharedid=&irpid=4944541&irgwc=1&afsrc=1&utm_source=impact&utm_medium=affiliate&utm_campaign=Scrydex "HTTP/1.1 200 OK"
2026-06-11 15:09:44,302 [INFO] HTTP Request: GET https://prices.pokemontcg.io/tcgplayer/base1-33 "HTTP/1.1 302 Found"
2026-06-11 15:09:44,675 [INFO] HTTP Request: GET https://tcgplayer.pxf.io/scrydex?u=https://tcgplayer.com/product/42375 "HTTP/1.1 301 Moved Permanently"
2026-06-11 15:09:44,936 [INFO] HTTP Request: GET https://partner.tcgplayer.com/c/4944541/1780961/21018?u=https://tcgplayer.com/product/42375&svlink=9050484&level=1&brwsr=a8a365c9-656c-11f1-aafc-99296d58d03c&brwsrsig=3W-y6BQMUVKJ0PXS9rz0tWURz0s1Qs "HTTP/1.1 301 Moved Permanently"
2026-06-11 15:09:45,255 [INFO] HTTP Request: GET https://tcgplayer.com/product/42375?irclickid=Wur3iR3lIxyZWL4RoJ3dEV04UkuTx%3AwpqRYc240&sharedid=&irpid=4944541&irgwc=1&afsrc=1&utm_source=impact&utm_medium=affiliate&utm_campaign=Scrydex "HTTP/1.1 301 Moved Permanently"
2026-06-11 15:09:46,176 [INFO] HTTP Request: GET https://www.tcgplayer.com/product/42375?irclickid=Wur3iR3lIxyZWL4RoJ3dEV04UkuTx%3AwpqRYc240&sharedid=&irpid=4944541&irgwc=1&afsrc=1&utm_source=impact&utm_medium=affiliate&utm_campaign=Scrydex "HTTP/1.1 200 OK"
2026-06-11 15:09:47,264 [INFO] HTTP Request: GET https://prices.pokemontcg.io/tcgplayer/base1-34 "HTTP/1.1 302 Found"
2026-06-11 15:09:47,537 [INFO] HTTP Request: GET https://tcgplayer.pxf.io/scrydex?u=https://tcgplayer.com/product/42376 "HTTP/1.1 301 Moved Permanently"
2026-06-11 15:09:47,586 [INFO] HTTP Request: GET https://partner.tcgplayer.com/c/4944541/1780961/21018?u=https://tcgplayer.com/product/42376&svlink=9050484&level=1&brwsr=a8a365c9-656c-11f1-aafc-99296d58d03c&brwsrsig=3W-y6BQMUVKJ0PXS9rz0tWURz0s1Qs "HTTP/1.1 301 Moved Permanently"
2026-06-11 15:09:48,104 [INFO] HTTP Request: GET https://tcgplayer.com/product/42376?irclickid=Wur3iR3lIxyZWL4RoJ3dEV04UkuTx%3AwNqRYc240&sharedid=&irpid=4944541&irgwc=1&afsrc=1&utm_source=impact&utm_medium=affiliate&utm_campaign=Scrydex "HTTP/1.1 301 Moved Permanently"
2026-06-11 15:09:48,970 [INFO] HTTP Request: GET https://www.tcgplayer.com/product/42376?irclickid=Wur3iR3lIxyZWL4RoJ3dEV04UkuTx%3AwNqRYc240&sharedid=&irpid=4944541&irgwc=1&afsrc=1&utm_source=impact&utm_medium=affiliate&utm_campaign=Scrydex "HTTP/1.1 200 OK"
2026-06-11 15:09:50,469 [INFO] HTTP Request: GET https://prices.pokemontcg.io/tcgplayer/base1-35 "HTTP/1.1 302 Found"
2026-06-11 15:09:50,504 [INFO] HTTP Request: GET https://tcgplayer.pxf.io/scrydex?u=https://tcgplayer.com/product/42377 "HTTP/1.1 301 Moved Permanently"
2026-06-11 15:09:50,567 [INFO] HTTP Request: GET https://partner.tcgplayer.com/c/4944541/1780961/21018?u=https://tcgplayer.com/product/42377&svlink=9050484&level=1&brwsr=a8a365c9-656c-11f1-aafc-99296d58d03c&brwsrsig=3W-y6BQMUVKJ0PXS9rz0tWURz0s1Qs "HTTP/1.1 301 Moved Permanently"
2026-06-11 15:09:50,827 [INFO] HTTP Request: GET https://tcgplayer.com/product/42377?irclickid=Wur3iR3lIxyZWL4RoJ3dEV04UkuTx%3Aw5qRYc240&sharedid=&irpid=4944541&irgwc=1&afsrc=1&utm_source=impact&utm_medium=affiliate&utm_campaign=Scrydex "HTTP/1.1 301 Moved Permanently"
2026-06-11 15:09:51,598 [INFO] HTTP Request: GET https://www.tcgplayer.com/product/42377?irclickid=Wur3iR3lIxyZWL4RoJ3dEV04UkuTx%3Aw5qRYc240&sharedid=&irpid=4944541&irgwc=1&afsrc=1&utm_source=impact&utm_medium=affiliate&utm_campaign=Scrydex "HTTP/1.1 200 OK"
2026-06-11 15:09:55,259 [INFO] HTTP Request: GET https://prices.pokemontcg.io/tcgplayer/base1-36 "HTTP/1.1 302 Found"
2026-06-11 15:09:55,294 [INFO] HTTP Request: GET https://tcgplayer.pxf.io/scrydex?u=https://tcgplayer.com/product/42378 "HTTP/1.1 301 Moved Permanently"
2026-06-11 15:09:55,341 [INFO] HTTP Request: GET https://partner.tcgplayer.com/c/4944541/1780961/21018?u=https://tcgplayer.com/product/42378&svlink=9050484&level=1&brwsr=a8a365c9-656c-11f1-aafc-99296d58d03c&brwsrsig=3W-y6BQMUVKJ0PXS9rz0tWURz0s1Qs "HTTP/1.1 301 Moved Permanently"
2026-06-11 15:09:55,829 [INFO] HTTP Request: GET https://tcgplayer.com/product/42378?irclickid=Wur3iR3lIxyZWL4RoJ3dEV04UkuTx%3A1VqRYc240&sharedid=&irpid=4944541&irgwc=1&afsrc=1&utm_source=impact&utm_medium=affiliate&utm_campaign=Scrydex "HTTP/1.1 301 Moved Permanently"
2026-06-11 15:09:56,604 [INFO] HTTP Request: GET https://www.tcgplayer.com/product/42378?irclickid=Wur3iR3lIxyZWL4RoJ3dEV04UkuTx%3A1VqRYc240&sharedid=&irpid=4944541&irgwc=1&afsrc=1&utm_source=impact&utm_medium=affiliate&utm_campaign=Scrydex "HTTP/1.1 200 OK"
2026-06-11 15:10:02,430 [INFO] HTTP Request: GET https://prices.pokemontcg.io/tcgplayer/base1-37 "HTTP/1.1 302 Found"
2026-06-11 15:10:02,652 [INFO] HTTP Request: GET https://tcgplayer.pxf.io/scrydex?u=https://tcgplayer.com/product/42379 "HTTP/1.1 301 Moved Permanently"
2026-06-11 15:10:02,821 [INFO] HTTP Request: GET https://partner.tcgplayer.com/c/4944541/1780961/21018?u=https://tcgplayer.com/product/42379&svlink=9050484&level=1&brwsr=a8a365c9-656c-11f1-aafc-99296d58d03c&brwsrsig=3W-y6BQMUVKJ0PXS9rz0tWURz0s1Qs "HTTP/1.1 301 Moved Permanently"
2026-06-11 15:10:03,143 [INFO] HTTP Request: GET https://tcgplayer.com/product/42379?irclickid=Wur3iR3lIxyZWL4RoJ3dEV04UkuTx%3A1JqRYc240&sharedid=&irpid=4944541&irgwc=1&afsrc=1&utm_source=impact&utm_medium=affiliate&utm_campaign=Scrydex "HTTP/1.1 301 Moved Permanently"
2026-06-11 15:10:03,949 [INFO] HTTP Request: GET https://www.tcgplayer.com/product/42379?irclickid=Wur3iR3lIxyZWL4RoJ3dEV04UkuTx%3A1JqRYc240&sharedid=&irpid=4944541&irgwc=1&afsrc=1&utm_source=impact&utm_medium=affiliate&utm_campaign=Scrydex "HTTP/1.1 200 OK"
2026-06-11 15:10:09,035 [INFO] HTTP Request: GET https://prices.pokemontcg.io/tcgplayer/base1-38 "HTTP/1.1 302 Found"
2026-06-11 15:10:09,207 [INFO] HTTP Request: GET https://tcgplayer.pxf.io/scrydex?u=https://tcgplayer.com/product/42380 "HTTP/1.1 301 Moved Permanently"
2026-06-11 15:10:09,323 [INFO] HTTP Request: GET https://partner.tcgplayer.com/c/4944541/1780961/21018?u=https://tcgplayer.com/product/42380&svlink=9050484&level=1&brwsr=a8a365c9-656c-11f1-aafc-99296d58d03c&brwsrsig=3W-y6BQMUVKJ0PXS9rz0tWURz0s1Qs "HTTP/1.1 301 Moved Permanently"
2026-06-11 15:10:09,984 [INFO] HTTP Request: GET https://tcgplayer.com/product/42380?irclickid=Wur3iR3lIxyZWL4RoJ3dEV04UkuTx%3A31qRYc240&sharedid=&irpid=4944541&irgwc=1&afsrc=1&utm_source=impact&utm_medium=affiliate&utm_campaign=Scrydex "HTTP/1.1 301 Moved Permanently"
2026-06-11 15:10:10,767 [INFO] HTTP Request: GET https://www.tcgplayer.com/product/42380?irclickid=Wur3iR3lIxyZWL4RoJ3dEV04UkuTx%3A31qRYc240&sharedid=&irpid=4944541&irgwc=1&afsrc=1&utm_source=impact&utm_medium=affiliate&utm_campaign=Scrydex "HTTP/1.1 200 OK"
2026-06-11 15:10:11,216 [INFO] HTTP Request: GET https://prices.pokemontcg.io/tcgplayer/base1-39 "HTTP/1.1 302 Found"
2026-06-11 15:10:11,250 [INFO] HTTP Request: GET https://tcgplayer.pxf.io/scrydex?u=https://tcgplayer.com/product/42381 "HTTP/1.1 301 Moved Permanently"
2026-06-11 15:10:11,317 [INFO] HTTP Request: GET https://partner.tcgplayer.com/c/4944541/1780961/21018?u=https://tcgplayer.com/product/42381&svlink=9050484&level=1&brwsr=a8a365c9-656c-11f1-aafc-99296d58d03c&brwsrsig=3W-y6BQMUVKJ0PXS9rz0tWURz0s1Qs "HTTP/1.1 301 Moved Permanently"
2026-06-11 15:10:11,621 [INFO] HTTP Request: GET https://tcgplayer.com/product/42381?irclickid=Wur3iR3lIxyZWL4RoJ3dEV04UkuTx%3A3VqRYc240&sharedid=&irpid=4944541&irgwc=1&afsrc=1&utm_source=impact&utm_medium=affiliate&utm_campaign=Scrydex "HTTP/1.1 301 Moved Permanently"
2026-06-11 15:10:12,403 [INFO] HTTP Request: GET https://www.tcgplayer.com/product/42381?irclickid=Wur3iR3lIxyZWL4RoJ3dEV04UkuTx%3A3VqRYc240&sharedid=&irpid=4944541&irgwc=1&afsrc=1&utm_source=impact&utm_medium=affiliate&utm_campaign=Scrydex "HTTP/1.1 200 OK"
2026-06-11 15:10:12,850 [INFO] HTTP Request: GET https://prices.pokemontcg.io/tcgplayer/base1-4 "HTTP/1.1 302 Found"
2026-06-11 15:10:12,882 [INFO] HTTP Request: GET https://tcgplayer.pxf.io/scrydex?u=https://tcgplayer.com/product/42382 "HTTP/1.1 301 Moved Permanently"
2026-06-11 15:10:12,926 [INFO] HTTP Request: GET https://partner.tcgplayer.com/c/4944541/1780961/21018?u=https://tcgplayer.com/product/42382&svlink=9050484&level=1&brwsr=a8a365c9-656c-11f1-aafc-99296d58d03c&brwsrsig=3W-y6BQMUVKJ0PXS9rz0tWURz0s1Qs "HTTP/1.1 301 Moved Permanently"
2026-06-11 15:10:13,466 [INFO] HTTP Request: GET https://tcgplayer.com/product/42382?irclickid=Wur3iR3lIxyZWL4RoJ3dEV04UkuTx%3A3hqRYc240&sharedid=&irpid=4944541&irgwc=1&afsrc=1&utm_source=impact&utm_medium=affiliate&utm_campaign=Scrydex "HTTP/1.1 301 Moved Permanently"
2026-06-11 15:10:14,239 [INFO] HTTP Request: GET https://www.tcgplayer.com/product/42382?irclickid=Wur3iR3lIxyZWL4RoJ3dEV04UkuTx%3A3hqRYc240&sharedid=&irpid=4944541&irgwc=1&afsrc=1&utm_source=impact&utm_medium=affiliate&utm_campaign=Scrydex "HTTP/1.1 200 OK"
2026-06-11 15:10:15,182 [INFO] HTTP Request: GET https://prices.pokemontcg.io/tcgplayer/base1-40 "HTTP/1.1 302 Found"
2026-06-11 15:10:15,214 [INFO] HTTP Request: GET https://tcgplayer.pxf.io/scrydex?u=https://tcgplayer.com/product/42383 "HTTP/1.1 301 Moved Permanently"
2026-06-11 15:10:15,258 [INFO] HTTP Request: GET https://partner.tcgplayer.com/c/4944541/1780961/21018?u=https://tcgplayer.com/product/42383&svlink=9050484&level=1&brwsr=a8a365c9-656c-11f1-aafc-99296d58d03c&brwsrsig=3W-y6BQMUVKJ0PXS9rz0tWURz0s1Qs "HTTP/1.1 301 Moved Permanently"
2026-06-11 15:10:15,534 [INFO] HTTP Request: GET https://tcgplayer.com/product/42383?irclickid=Wur3iR3lIxyZWL4RoJ3dEV04UkuTx%3A3FqRYc240&sharedid=&irpid=4944541&irgwc=1&afsrc=1&utm_source=impact&utm_medium=affiliate&utm_campaign=Scrydex "HTTP/1.1 301 Moved Permanently"
2026-06-11 15:10:16,301 [INFO] HTTP Request: GET https://www.tcgplayer.com/product/42383?irclickid=Wur3iR3lIxyZWL4RoJ3dEV04UkuTx%3A3FqRYc240&sharedid=&irpid=4944541&irgwc=1&afsrc=1&utm_source=impact&utm_medium=affiliate&utm_campaign=Scrydex "HTTP/1.1 200 OK"
2026-06-11 15:10:16,717 [INFO] HTTP Request: GET https://prices.pokemontcg.io/tcgplayer/base1-41 "HTTP/1.1 302 Found"
2026-06-11 15:10:16,986 [INFO] HTTP Request: GET https://tcgplayer.pxf.io/scrydex?u=https://tcgplayer.com/product/42384 "HTTP/1.1 301 Moved Permanently"
2026-06-11 15:10:17,077 [INFO] HTTP Request: GET https://partner.tcgplayer.com/c/4944541/1780961/21018?u=https://tcgplayer.com/product/42384&svlink=9050484&level=1&brwsr=a8a365c9-656c-11f1-aafc-99296d58d03c&brwsrsig=3W-y6BQMUVKJ0PXS9rz0tWURz0s1Qs "HTTP/1.1 301 Moved Permanently"
2026-06-11 15:10:17,345 [INFO] HTTP Request: GET https://tcgplayer.com/product/42384?irclickid=Wur3iR3lIxyZWL4RoJ3dEV04UkuTx%3A3tqRYc240&sharedid=&irpid=4944541&irgwc=1&afsrc=1&utm_source=impact&utm_medium=affiliate&utm_campaign=Scrydex "HTTP/1.1 301 Moved Permanently"
2026-06-11 15:10:18,117 [INFO] HTTP Request: GET https://www.tcgplayer.com/product/42384?irclickid=Wur3iR3lIxyZWL4RoJ3dEV04UkuTx%3A3tqRYc240&sharedid=&irpid=4944541&irgwc=1&afsrc=1&utm_source=impact&utm_medium=affiliate&utm_campaign=Scrydex "HTTP/1.1 200 OK"
2026-06-11 15:10:18,541 [INFO] HTTP Request: GET https://prices.pokemontcg.io/tcgplayer/base1-42 "HTTP/1.1 302 Found"
2026-06-11 15:10:18,810 [INFO] HTTP Request: GET https://tcgplayer.pxf.io/scrydex?u=https://tcgplayer.com/product/42385 "HTTP/1.1 301 Moved Permanently"
2026-06-11 15:10:18,851 [INFO] HTTP Request: GET https://partner.tcgplayer.com/c/4944541/1780961/21018?u=https://tcgplayer.com/product/42385&svlink=9050484&level=1&brwsr=a8a365c9-656c-11f1-aafc-99296d58d03c&brwsrsig=3W-y6BQMUVKJ0PXS9rz0tWURz0s1Qs "HTTP/1.1 301 Moved Permanently"
2026-06-11 15:10:19,129 [INFO] HTTP Request: GET https://tcgplayer.com/product/42385?irclickid=Wur3iR3lIxyZWL4RoJ3dEV04UkuTx%3A3JqRYc240&sharedid=&irpid=4944541&irgwc=1&afsrc=1&utm_source=impact&utm_medium=affiliate&utm_campaign=Scrydex "HTTP/1.1 301 Moved Permanently"
2026-06-11 15:10:19,912 [INFO] HTTP Request: GET https://www.tcgplayer.com/product/42385?irclickid=Wur3iR3lIxyZWL4RoJ3dEV04UkuTx%3A3JqRYc240&sharedid=&irpid=4944541&irgwc=1&afsrc=1&utm_source=impact&utm_medium=affiliate&utm_campaign=Scrydex "HTTP/1.1 200 OK"
2026-06-11 15:10:20,642 [INFO] HTTP Request: GET https://prices.pokemontcg.io/tcgplayer/base1-43 "HTTP/1.1 302 Found"
2026-06-11 15:10:20,914 [INFO] HTTP Request: GET https://tcgplayer.pxf.io/scrydex?u=https://tcgplayer.com/product/42386 "HTTP/1.1 301 Moved Permanently"
2026-06-11 15:10:20,955 [INFO] HTTP Request: GET https://partner.tcgplayer.com/c/4944541/1780961/21018?u=https://tcgplayer.com/product/42386&svlink=9050484&level=1&brwsr=a8a365c9-656c-11f1-aafc-99296d58d03c&brwsrsig=3W-y6BQMUVKJ0PXS9rz0tWURz0s1Qs "HTTP/1.1 301 Moved Permanently"
2026-06-11 15:10:21,475 [INFO] HTTP Request: GET https://tcgplayer.com/product/42386?irclickid=Wur3iR3lIxyZWL4RoJ3dEV04UkuTx%3A3dqRYc240&sharedid=&irpid=4944541&irgwc=1&afsrc=1&utm_source=impact&utm_medium=affiliate&utm_campaign=Scrydex "HTTP/1.1 301 Moved Permanently"
2026-06-11 15:10:22,244 [INFO] HTTP Request: GET https://www.tcgplayer.com/product/42386?irclickid=Wur3iR3lIxyZWL4RoJ3dEV04UkuTx%3A3dqRYc240&sharedid=&irpid=4944541&irgwc=1&afsrc=1&utm_source=impact&utm_medium=affiliate&utm_campaign=Scrydex "HTTP/1.1 200 OK"
2026-06-11 15:10:22,684 [INFO] HTTP Request: GET https://prices.pokemontcg.io/tcgplayer/base1-44 "HTTP/1.1 302 Found"
2026-06-11 15:10:22,777 [INFO] HTTP Request: GET https://tcgplayer.pxf.io/scrydex?u=https://tcgplayer.com/product/42387 "HTTP/1.1 301 Moved Permanently"
2026-06-11 15:10:22,848 [INFO] HTTP Request: GET https://partner.tcgplayer.com/c/4944541/1780961/21018?u=https://tcgplayer.com/product/42387&svlink=9050484&level=1&brwsr=a8a365c9-656c-11f1-aafc-99296d58d03c&brwsrsig=3W-y6BQMUVKJ0PXS9rz0tWURz0s1Qs "HTTP/1.1 301 Moved Permanently"
2026-06-11 15:10:23,116 [INFO] HTTP Request: GET https://tcgplayer.com/product/42387?irclickid=Wur3iR3lIxyZWL4RoJ3dEV04UkuTx%3A35qRYc240&sharedid=&irpid=4944541&irgwc=1&afsrc=1&utm_source=impact&utm_medium=affiliate&utm_campaign=Scrydex "HTTP/1.1 301 Moved Permanently"
2026-06-11 15:10:23,885 [INFO] HTTP Request: GET https://www.tcgplayer.com/product/42387?irclickid=Wur3iR3lIxyZWL4RoJ3dEV04UkuTx%3A35qRYc240&sharedid=&irpid=4944541&irgwc=1&afsrc=1&utm_source=impact&utm_medium=affiliate&utm_campaign=Scrydex "HTTP/1.1 200 OK"
2026-06-11 15:10:51,739 [INFO] Fetching kartu dari Supabase yang perlu di-update...
2026-06-11 15:10:52,641 [INFO] HTTP Request: GET https://vpfjmgefygjhabuizdsq.supabase.co/rest/v1/pokemon_cards?select=id%2Ctcgplayer_url&tcgplayer_url=not.is.null&tcgplayer_product_id=is.null&limit=5&offset=0&order=id "HTTP/1.1 200 OK"
2026-06-11 15:10:52,641 [INFO]   Fetched 5 kartu dari Supabase...
2026-06-11 15:10:52,641 [INFO] Total 5 kartu perlu diisi tcgplayer_product_id.

2026-06-11 15:10:52,641 [INFO] Test redirect: https://prices.pokemontcg.io/tcgplayer/base1-1
2026-06-11 15:10:53,012 [INFO] HTTP Request: GET https://prices.pokemontcg.io/tcgplayer/base1-1 "HTTP/1.1 302 Found"
2026-06-11 15:10:53,150 [INFO] HTTP Request: GET https://tcgplayer.pxf.io/scrydex?u=https://tcgplayer.com/product/42346 "HTTP/1.1 301 Moved Permanently"
2026-06-11 15:10:53,240 [INFO] HTTP Request: GET https://partner.tcgplayer.com/c/4944541/1780961/21018?u=https://tcgplayer.com/product/42346&svlink=9050484&level=1&brwsr=10c1e8c0-656d-11f1-aafc-99296d58d03c&brwsrsig=2-Y3Rf0GMwtKQ7fRO7yj3xOFz5t1M8 "HTTP/1.1 301 Moved Permanently"
2026-06-11 15:10:53,817 [INFO] HTTP Request: GET https://tcgplayer.com/product/42346?irclickid=xzxXr03lNxyZWL4RoJ3dEV04UkuTx%3AUdqRYc240&sharedid=&irpid=4944541&irgwc=1&afsrc=1&utm_source=impact&utm_medium=affiliate&utm_campaign=Scrydex "HTTP/1.1 301 Moved Permanently"
2026-06-11 15:10:54,779 [INFO] HTTP Request: GET https://www.tcgplayer.com/product/42346?irclickid=xzxXr03lNxyZWL4RoJ3dEV04UkuTx%3AUdqRYc240&sharedid=&irpid=4944541&irgwc=1&afsrc=1&utm_source=impact&utm_medium=affiliate&utm_campaign=Scrydex "HTTP/1.1 200 OK"
2026-06-11 15:10:54,782 [INFO] ✅ Redirect berhasil! Product ID: 42346
2026-06-11 15:10:55,650 [INFO] HTTP Request: GET https://prices.pokemontcg.io/tcgplayer/base1-1 "HTTP/1.1 302 Found"
2026-06-11 15:10:55,686 [INFO] HTTP Request: GET https://tcgplayer.pxf.io/scrydex?u=https://tcgplayer.com/product/42346 "HTTP/1.1 301 Moved Permanently"
2026-06-11 15:10:55,725 [INFO] HTTP Request: GET https://partner.tcgplayer.com/c/4944541/1780961/21018?u=https://tcgplayer.com/product/42346&svlink=9050484&level=1&brwsr=10c1e8c0-656d-11f1-aafc-99296d58d03c&brwsrsig=2-Y3Rf0GMwtKQ7fRO7yj3xOFz5t1M8 "HTTP/1.1 301 Moved Permanently"
2026-06-11 15:10:56,022 [INFO] HTTP Request: GET https://tcgplayer.com/product/42346?irclickid=xzxXr03lNxyZWL4RoJ3dEV04UkuTx%3AU9qRYc240&sharedid=&irpid=4944541&irgwc=1&afsrc=1&utm_source=impact&utm_medium=affiliate&utm_campaign=Scrydex "HTTP/1.1 301 Moved Permanently"
2026-06-11 15:10:56,068 [INFO] HTTP Request: GET https://www.tcgplayer.com/product/42346?irclickid=xzxXr03lNxyZWL4RoJ3dEV04UkuTx%3AU9qRYc240&sharedid=&irpid=4944541&irgwc=1&afsrc=1&utm_source=impact&utm_medium=affiliate&utm_campaign=Scrydex "HTTP/1.1 200 OK"
2026-06-11 15:10:56,493 [INFO] HTTP Request: GET https://prices.pokemontcg.io/tcgplayer/base1-10 "HTTP/1.1 302 Found"
2026-06-11 15:10:56,526 [INFO] HTTP Request: GET https://tcgplayer.pxf.io/scrydex?u=https://tcgplayer.com/product/42347 "HTTP/1.1 301 Moved Permanently"
2026-06-11 15:10:56,575 [INFO] HTTP Request: GET https://partner.tcgplayer.com/c/4944541/1780961/21018?u=https://tcgplayer.com/product/42347&svlink=9050484&level=1&brwsr=10c1e8c0-656d-11f1-aafc-99296d58d03c&brwsrsig=2-Y3Rf0GMwtKQ7fRO7yj3xOFz5t1M8 "HTTP/1.1 301 Moved Permanently"
2026-06-11 15:10:57,056 [INFO] HTTP Request: GET https://tcgplayer.com/product/42347?irclickid=xzxXr03lNxyZWL4RoJ3dEV04UkuTx%3ARxqRYc240&sharedid=&irpid=4944541&irgwc=1&afsrc=1&utm_source=impact&utm_medium=affiliate&utm_campaign=Scrydex "HTTP/1.1 301 Moved Permanently"
2026-06-11 15:10:57,820 [INFO] HTTP Request: GET https://www.tcgplayer.com/product/42347?irclickid=xzxXr03lNxyZWL4RoJ3dEV04UkuTx%3ARxqRYc240&sharedid=&irpid=4944541&irgwc=1&afsrc=1&utm_source=impact&utm_medium=affiliate&utm_campaign=Scrydex "HTTP/1.1 200 OK"
2026-06-11 15:10:59,428 [INFO] HTTP Request: GET https://prices.pokemontcg.io/tcgplayer/base1-100 "HTTP/1.1 302 Found"
2026-06-11 15:10:59,465 [INFO] HTTP Request: GET https://tcgplayer.pxf.io/scrydex?u=https://tcgplayer.com/product/42348 "HTTP/1.1 301 Moved Permanently"
2026-06-11 15:10:59,508 [INFO] HTTP Request: GET https://partner.tcgplayer.com/c/4944541/1780961/21018?u=https://tcgplayer.com/product/42348&svlink=9050484&level=1&brwsr=10c1e8c0-656d-11f1-aafc-99296d58d03c&brwsrsig=2-Y3Rf0GMwtKQ7fRO7yj3xOFz5t1M8 "HTTP/1.1 301 Moved Permanently"
2026-06-11 15:10:59,773 [INFO] HTTP Request: GET https://tcgplayer.com/product/42348?irclickid=xzxXr03lNxyZWL4RoJ3dEV04UkuTx%3ARVqRYc240&sharedid=&irpid=4944541&irgwc=1&afsrc=1&utm_source=impact&utm_medium=affiliate&utm_campaign=Scrydex "HTTP/1.1 301 Moved Permanently"
2026-06-11 15:11:00,526 [INFO] HTTP Request: GET https://www.tcgplayer.com/product/42348?irclickid=xzxXr03lNxyZWL4RoJ3dEV04UkuTx%3ARVqRYc240&sharedid=&irpid=4944541&irgwc=1&afsrc=1&utm_source=impact&utm_medium=affiliate&utm_campaign=Scrydex "HTTP/1.1 200 OK"
2026-06-11 15:11:01,133 [INFO] HTTP Request: GET https://prices.pokemontcg.io/tcgplayer/base1-101 "HTTP/1.1 302 Found"
2026-06-11 15:11:01,162 [INFO] HTTP Request: GET https://tcgplayer.pxf.io/scrydex?u=https://tcgplayer.com/product/42349 "HTTP/1.1 301 Moved Permanently"
2026-06-11 15:11:01,218 [INFO] HTTP Request: GET https://partner.tcgplayer.com/c/4944541/1780961/21018?u=https://tcgplayer.com/product/42349&svlink=9050484&level=1&brwsr=10c1e8c0-656d-11f1-aafc-99296d58d03c&brwsrsig=2-Y3Rf0GMwtKQ7fRO7yj3xOFz5t1M8 "HTTP/1.1 301 Moved Permanently"
2026-06-11 15:11:01,740 [INFO] HTTP Request: GET https://tcgplayer.com/product/42349?irclickid=xzxXr03lNxyZWL4RoJ3dEV04UkuTx%3ARlqRYc240&sharedid=&irpid=4944541&irgwc=1&afsrc=1&utm_source=impact&utm_medium=affiliate&utm_campaign=Scrydex "HTTP/1.1 301 Moved Permanently"
2026-06-11 15:11:02,479 [INFO] HTTP Request: GET https://www.tcgplayer.com/product/42349?irclickid=xzxXr03lNxyZWL4RoJ3dEV04UkuTx%3ARlqRYc240&sharedid=&irpid=4944541&irgwc=1&afsrc=1&utm_source=impact&utm_medium=affiliate&utm_campaign=Scrydex "HTTP/1.1 200 OK"
2026-06-11 15:11:03,570 [INFO] HTTP Request: GET https://prices.pokemontcg.io/tcgplayer/base1-102 "HTTP/1.1 302 Found"
2026-06-11 15:11:03,607 [INFO] HTTP Request: GET https://tcgplayer.pxf.io/scrydex?u=https://tcgplayer.com/product/42350 "HTTP/1.1 301 Moved Permanently"
2026-06-11 15:11:03,648 [INFO] HTTP Request: GET https://partner.tcgplayer.com/c/4944541/1780961/21018?u=https://tcgplayer.com/product/42350&svlink=9050484&level=1&brwsr=10c1e8c0-656d-11f1-aafc-99296d58d03c&brwsrsig=2-Y3Rf0GMwtKQ7fRO7yj3xOFz5t1M8 "HTTP/1.1 301 Moved Permanently"
2026-06-11 15:11:03,926 [INFO] HTTP Request: GET https://tcgplayer.com/product/42350?irclickid=xzxXr03lNxyZWL4RoJ3dEV04UkuTx%3ARFqRYc240&sharedid=&irpid=4944541&irgwc=1&afsrc=1&utm_source=impact&utm_medium=affiliate&utm_campaign=Scrydex "HTTP/1.1 301 Moved Permanently"
2026-06-11 15:11:04,715 [INFO] HTTP Request: GET https://www.tcgplayer.com/product/42350?irclickid=xzxXr03lNxyZWL4RoJ3dEV04UkuTx%3ARFqRYc240&sharedid=&irpid=4944541&irgwc=1&afsrc=1&utm_source=impact&utm_medium=affiliate&utm_campaign=Scrydex "HTTP/1.1 200 OK"
2026-06-11 15:11:04,939 [INFO] HTTP Request: POST https://vpfjmgefygjhabuizdsq.supabase.co/rest/v1/pokemon_cards "HTTP/1.1 400 Bad Request"
2026-06-11 15:11:04,940 [ERROR] Supabase upsert error: 400 — {"code":"23502","details":"Failing row contains (base1-1, null, null, null, null, null, null, null, null, null, null, null, null, null, null, null, null, [], [], [], [], null, null, null, null, {}, 0, 2026-06-11 08:11:04.931453+00, 42346).","hint":null,"message":"null value in column \"name\" of rel
2026-06-11 15:51:29,985 [INFO] Fetching kartu dari Supabase yang perlu di-update...
2026-06-11 15:51:31,110 [INFO] HTTP Request: GET https://vpfjmgefygjhabuizdsq.supabase.co/rest/v1/pokemon_cards?select=id%2Ctcgplayer_url&tcgplayer_url=not.is.null&tcgplayer_product_id=is.null&limit=1&offset=0&order=id "HTTP/1.1 200 OK"
2026-06-11 15:51:31,110 [INFO]   Fetched 1 kartu dari Supabase...
2026-06-11 15:51:31,110 [INFO] Total 1 kartu perlu diisi tcgplayer_product_id.

2026-06-11 15:51:31,110 [INFO] Test redirect: https://prices.pokemontcg.io/tcgplayer/base1-1
2026-06-11 15:51:31,526 [INFO] HTTP Request: GET https://prices.pokemontcg.io/tcgplayer/base1-1 "HTTP/1.1 302 Found"
2026-06-11 15:51:31,527 [INFO] ✅ Redirect berhasil! Product ID: 42346
2026-06-11 15:51:32,042 [INFO] HTTP Request: GET https://prices.pokemontcg.io/tcgplayer/base1-1 "HTTP/1.1 302 Found"
2026-06-11 15:51:32,210 [INFO] HTTP Request: POST https://vpfjmgefygjhabuizdsq.supabase.co/rest/v1/pokemon_cards "HTTP/1.1 400 Bad Request"
2026-06-11 15:51:32,210 [ERROR] Supabase upsert error: 400 — {"code":"23502","details":"Failing row contains (base1-1, null, null, null, null, null, null, null, null, null, null, null, null, null, null, null, null, [], [], [], [], null, null, null, null, {}, 0, 2026-06-11 08:51:32.173957+00, 42346).","hint":null,"message":"null value in column \"name\" of rel
2026-06-11 15:51:57,202 [INFO] Fetching kartu dari Supabase yang perlu di-update...
2026-06-11 15:51:57,403 [INFO] HTTP Request: GET https://vpfjmgefygjhabuizdsq.supabase.co/rest/v1/pokemon_cards?select=id%2Ctcgplayer_url&tcgplayer_url=not.is.null&tcgplayer_product_id=is.null&limit=1&offset=0&order=id "HTTP/1.1 200 OK"
2026-06-11 15:51:57,404 [INFO]   Fetched 1 kartu dari Supabase...
2026-06-11 15:51:57,404 [INFO] Total 1 kartu perlu diisi tcgplayer_product_id.

2026-06-11 15:51:57,404 [INFO] Test redirect: https://prices.pokemontcg.io/tcgplayer/base1-1
2026-06-11 15:51:57,905 [INFO] HTTP Request: GET https://prices.pokemontcg.io/tcgplayer/base1-1 "HTTP/1.1 302 Found"
2026-06-11 15:51:57,906 [INFO] ✅ Redirect berhasil! Product ID: 42346
2026-06-11 15:51:58,354 [INFO] HTTP Request: GET https://prices.pokemontcg.io/tcgplayer/base1-1 "HTTP/1.1 302 Found"
2026-06-11 15:51:58,521 [INFO] HTTP Request: PATCH https://vpfjmgefygjhabuizdsq.supabase.co/rest/v1/pokemon_cards?id=eq.base1-1 "HTTP/1.1 204 No Content"
2026-06-11 15:51:58,522 [INFO] 
🎉 Selesai!
2026-06-11 15:51:58,522 [INFO]    ✅ Berhasil: 1 kartu diisi tcgplayer_product_id
2026-06-11 15:51:58,522 [INFO]    ❌ Gagal/Skip: 0 kartu (tidak ada redirect ke TCGPlayer)
2026-06-11 15:52:23,951 [INFO] Fetching kartu dari Supabase yang perlu di-update...
2026-06-11 15:52:24,652 [INFO] HTTP Request: GET https://vpfjmgefygjhabuizdsq.supabase.co/rest/v1/pokemon_cards?select=id%2Ctcgplayer_url&tcgplayer_url=not.is.null&tcgplayer_product_id=is.null&limit=5&offset=0&order=id "HTTP/1.1 200 OK"
2026-06-11 15:52:24,652 [INFO]   Fetched 5 kartu dari Supabase...
2026-06-11 15:52:24,653 [INFO] Total 5 kartu perlu diisi tcgplayer_product_id.

2026-06-11 15:52:24,653 [INFO] Test redirect: https://prices.pokemontcg.io/tcgplayer/base1-10
2026-06-11 15:52:25,279 [INFO] HTTP Request: GET https://prices.pokemontcg.io/tcgplayer/base1-10 "HTTP/1.1 302 Found"
2026-06-11 15:52:25,281 [INFO] ✅ Redirect berhasil! Product ID: 42347
2026-06-11 15:52:25,877 [INFO] HTTP Request: GET https://prices.pokemontcg.io/tcgplayer/base1-10 "HTTP/1.1 302 Found"
2026-06-11 15:52:26,568 [INFO] HTTP Request: GET https://prices.pokemontcg.io/tcgplayer/base1-100 "HTTP/1.1 302 Found"
2026-06-11 15:52:27,852 [INFO] HTTP Request: GET https://prices.pokemontcg.io/tcgplayer/base1-101 "HTTP/1.1 302 Found"
2026-06-11 15:52:28,326 [INFO] HTTP Request: GET https://prices.pokemontcg.io/tcgplayer/base1-102 "HTTP/1.1 302 Found"
2026-06-11 15:52:29,280 [INFO] HTTP Request: GET https://prices.pokemontcg.io/tcgplayer/base1-11 "HTTP/1.1 302 Found"
2026-06-11 15:52:29,528 [INFO] HTTP Request: PATCH https://vpfjmgefygjhabuizdsq.supabase.co/rest/v1/pokemon_cards?id=eq.base1-10 "HTTP/1.1 204 No Content"
2026-06-11 15:52:29,727 [INFO] HTTP Request: PATCH https://vpfjmgefygjhabuizdsq.supabase.co/rest/v1/pokemon_cards?id=eq.base1-100 "HTTP/1.1 204 No Content"
2026-06-11 15:52:29,845 [INFO] HTTP Request: PATCH https://vpfjmgefygjhabuizdsq.supabase.co/rest/v1/pokemon_cards?id=eq.base1-101 "HTTP/1.1 204 No Content"
2026-06-11 15:52:29,958 [INFO] HTTP Request: PATCH https://vpfjmgefygjhabuizdsq.supabase.co/rest/v1/pokemon_cards?id=eq.base1-102 "HTTP/1.1 204 No Content"
2026-06-11 15:52:30,075 [INFO] HTTP Request: PATCH https://vpfjmgefygjhabuizdsq.supabase.co/rest/v1/pokemon_cards?id=eq.base1-11 "HTTP/1.1 204 No Content"
2026-06-11 15:52:30,076 [INFO] 
🎉 Selesai!
2026-06-11 15:52:30,076 [INFO]    ✅ Berhasil: 5 kartu diisi tcgplayer_product_id
2026-06-11 15:52:30,076 [INFO]    ❌ Gagal/Skip: 0 kartu (tidak ada redirect ke TCGPlayer)
2026-06-11 15:52:57,631 [INFO] Fetching kartu dari Supabase yang perlu di-update...
2026-06-11 15:52:59,106 [INFO] HTTP Request: GET https://vpfjmgefygjhabuizdsq.supabase.co/rest/v1/pokemon_cards?select=id%2Ctcgplayer_url&tcgplayer_url=not.is.null&tcgplayer_product_id=is.null&limit=1000&offset=0&order=id "HTTP/1.1 200 OK"
2026-06-11 15:52:59,108 [INFO]   Fetched 1000 kartu dari Supabase...
2026-06-11 15:52:59,258 [INFO] HTTP Request: GET https://vpfjmgefygjhabuizdsq.supabase.co/rest/v1/pokemon_cards?select=id%2Ctcgplayer_url&tcgplayer_url=not.is.null&tcgplayer_product_id=is.null&limit=1000&offset=1000&order=id "HTTP/1.1 200 OK"
2026-06-11 15:52:59,259 [INFO]   Fetched 2000 kartu dari Supabase...
2026-06-11 15:52:59,425 [INFO] HTTP Request: GET https://vpfjmgefygjhabuizdsq.supabase.co/rest/v1/pokemon_cards?select=id%2Ctcgplayer_url&tcgplayer_url=not.is.null&tcgplayer_product_id=is.null&limit=1000&offset=2000&order=id "HTTP/1.1 200 OK"
2026-06-11 15:52:59,449 [INFO]   Fetched 3000 kartu dari Supabase...
2026-06-11 15:52:59,590 [INFO] HTTP Request: GET https://vpfjmgefygjhabuizdsq.supabase.co/rest/v1/pokemon_cards?select=id%2Ctcgplayer_url&tcgplayer_url=not.is.null&tcgplayer_product_id=is.null&limit=1000&offset=3000&order=id "HTTP/1.1 200 OK"
2026-06-11 15:52:59,617 [INFO]   Fetched 4000 kartu dari Supabase...
2026-06-11 15:52:59,766 [INFO] HTTP Request: GET https://vpfjmgefygjhabuizdsq.supabase.co/rest/v1/pokemon_cards?select=id%2Ctcgplayer_url&tcgplayer_url=not.is.null&tcgplayer_product_id=is.null&limit=1000&offset=4000&order=id "HTTP/1.1 200 OK"
2026-06-11 15:52:59,767 [INFO]   Fetched 5000 kartu dari Supabase...
2026-06-11 15:52:59,897 [INFO] HTTP Request: GET https://vpfjmgefygjhabuizdsq.supabase.co/rest/v1/pokemon_cards?select=id%2Ctcgplayer_url&tcgplayer_url=not.is.null&tcgplayer_product_id=is.null&limit=1000&offset=5000&order=id "HTTP/1.1 200 OK"
2026-06-11 15:52:59,938 [INFO]   Fetched 6000 kartu dari Supabase...
2026-06-11 15:53:00,125 [INFO] HTTP Request: GET https://vpfjmgefygjhabuizdsq.supabase.co/rest/v1/pokemon_cards?select=id%2Ctcgplayer_url&tcgplayer_url=not.is.null&tcgplayer_product_id=is.null&limit=1000&offset=6000&order=id "HTTP/1.1 200 OK"
2026-06-11 15:53:00,138 [INFO]   Fetched 7000 kartu dari Supabase...
2026-06-11 15:53:00,269 [INFO] HTTP Request: GET https://vpfjmgefygjhabuizdsq.supabase.co/rest/v1/pokemon_cards?select=id%2Ctcgplayer_url&tcgplayer_url=not.is.null&tcgplayer_product_id=is.null&limit=1000&offset=7000&order=id "HTTP/1.1 200 OK"
2026-06-11 15:53:00,271 [INFO]   Fetched 8000 kartu dari Supabase...
2026-06-11 15:53:00,422 [INFO] HTTP Request: GET https://vpfjmgefygjhabuizdsq.supabase.co/rest/v1/pokemon_cards?select=id%2Ctcgplayer_url&tcgplayer_url=not.is.null&tcgplayer_product_id=is.null&limit=1000&offset=8000&order=id "HTTP/1.1 200 OK"
2026-06-11 15:53:00,424 [INFO]   Fetched 9000 kartu dari Supabase...
2026-06-11 15:53:00,555 [INFO] HTTP Request: GET https://vpfjmgefygjhabuizdsq.supabase.co/rest/v1/pokemon_cards?select=id%2Ctcgplayer_url&tcgplayer_url=not.is.null&tcgplayer_product_id=is.null&limit=1000&offset=9000&order=id "HTTP/1.1 200 OK"
2026-06-11 15:53:00,558 [INFO]   Fetched 10000 kartu dari Supabase...
2026-06-11 15:53:00,691 [INFO] HTTP Request: GET https://vpfjmgefygjhabuizdsq.supabase.co/rest/v1/pokemon_cards?select=id%2Ctcgplayer_url&tcgplayer_url=not.is.null&tcgplayer_product_id=is.null&limit=1000&offset=10000&order=id "HTTP/1.1 200 OK"
2026-06-11 15:53:00,693 [INFO]   Fetched 11000 kartu dari Supabase...
2026-06-11 15:53:00,831 [INFO] HTTP Request: GET https://vpfjmgefygjhabuizdsq.supabase.co/rest/v1/pokemon_cards?select=id%2Ctcgplayer_url&tcgplayer_url=not.is.null&tcgplayer_product_id=is.null&limit=1000&offset=11000&order=id "HTTP/1.1 200 OK"
2026-06-11 15:53:00,833 [INFO]   Fetched 12000 kartu dari Supabase...
2026-06-11 15:53:00,974 [INFO] HTTP Request: GET https://vpfjmgefygjhabuizdsq.supabase.co/rest/v1/pokemon_cards?select=id%2Ctcgplayer_url&tcgplayer_url=not.is.null&tcgplayer_product_id=is.null&limit=1000&offset=12000&order=id "HTTP/1.1 200 OK"
2026-06-11 15:53:01,000 [INFO]   Fetched 13000 kartu dari Supabase...
2026-06-11 15:53:01,184 [INFO] HTTP Request: GET https://vpfjmgefygjhabuizdsq.supabase.co/rest/v1/pokemon_cards?select=id%2Ctcgplayer_url&tcgplayer_url=not.is.null&tcgplayer_product_id=is.null&limit=1000&offset=13000&order=id "HTTP/1.1 200 OK"
2026-06-11 15:53:01,185 [INFO]   Fetched 14000 kartu dari Supabase...
2026-06-11 15:53:01,320 [INFO] HTTP Request: GET https://vpfjmgefygjhabuizdsq.supabase.co/rest/v1/pokemon_cards?select=id%2Ctcgplayer_url&tcgplayer_url=not.is.null&tcgplayer_product_id=is.null&limit=1000&offset=14000&order=id "HTTP/1.1 200 OK"
2026-06-11 15:53:01,331 [INFO]   Fetched 15000 kartu dari Supabase...
2026-06-11 15:53:01,497 [INFO] HTTP Request: GET https://vpfjmgefygjhabuizdsq.supabase.co/rest/v1/pokemon_cards?select=id%2Ctcgplayer_url&tcgplayer_url=not.is.null&tcgplayer_product_id=is.null&limit=1000&offset=15000&order=id "HTTP/1.1 200 OK"
2026-06-11 15:53:01,498 [INFO]   Fetched 16000 kartu dari Supabase...
2026-06-11 15:53:01,639 [INFO] HTTP Request: GET https://vpfjmgefygjhabuizdsq.supabase.co/rest/v1/pokemon_cards?select=id%2Ctcgplayer_url&tcgplayer_url=not.is.null&tcgplayer_product_id=is.null&limit=1000&offset=16000&order=id "HTTP/1.1 200 OK"
2026-06-11 15:53:01,653 [INFO]   Fetched 17000 kartu dari Supabase...
2026-06-11 15:53:01,796 [INFO] HTTP Request: GET https://vpfjmgefygjhabuizdsq.supabase.co/rest/v1/pokemon_cards?select=id%2Ctcgplayer_url&tcgplayer_url=not.is.null&tcgplayer_product_id=is.null&limit=1000&offset=17000&order=id "HTTP/1.1 200 OK"
2026-06-11 15:53:01,829 [INFO]   Fetched 18000 kartu dari Supabase...
2026-06-11 15:53:01,964 [INFO] HTTP Request: GET https://vpfjmgefygjhabuizdsq.supabase.co/rest/v1/pokemon_cards?select=id%2Ctcgplayer_url&tcgplayer_url=not.is.null&tcgplayer_product_id=is.null&limit=1000&offset=18000&order=id "HTTP/1.1 200 OK"
2026-06-11 15:53:01,976 [INFO]   Fetched 19000 kartu dari Supabase...
2026-06-11 15:53:02,219 [INFO] HTTP Request: GET https://vpfjmgefygjhabuizdsq.supabase.co/rest/v1/pokemon_cards?select=id%2Ctcgplayer_url&tcgplayer_url=not.is.null&tcgplayer_product_id=is.null&limit=1000&offset=19000&order=id "HTTP/1.1 200 OK"
2026-06-11 15:53:02,221 [INFO]   Fetched 20000 kartu dari Supabase...
2026-06-11 15:53:02,350 [INFO] HTTP Request: GET https://vpfjmgefygjhabuizdsq.supabase.co/rest/v1/pokemon_cards?select=id%2Ctcgplayer_url&tcgplayer_url=not.is.null&tcgplayer_product_id=is.null&limit=1000&offset=20000&order=id "HTTP/1.1 200 OK"
2026-06-11 15:53:02,373 [INFO]   Fetched 20056 kartu dari Supabase...
2026-06-11 15:53:02,373 [INFO] Total 20056 kartu perlu diisi tcgplayer_product_id.

2026-06-11 15:53:02,373 [INFO] Test redirect: https://prices.pokemontcg.io/tcgplayer/base1-12
2026-06-11 15:53:02,747 [INFO] HTTP Request: GET https://prices.pokemontcg.io/tcgplayer/base1-12 "HTTP/1.1 404 Not Found"
2026-06-11 15:53:02,748 [WARNING] ⚠️  Redirect tidak menghasilkan Product ID dari URL: https://prices.pokemontcg.io/tcgplayer/base1-12
2026-06-11 15:53:02,749 [WARNING]    Kemungkinan URL tidak redirect ke TCGPlayer asli.
2026-06-11 15:53:03,152 [INFO] HTTP Request: GET https://prices.pokemontcg.io/tcgplayer/base1-12 "HTTP/1.1 404 Not Found"
2026-06-11 15:53:03,543 [INFO] HTTP Request: GET https://prices.pokemontcg.io/tcgplayer/base1-13 "HTTP/1.1 404 Not Found"
2026-06-11 15:53:03,934 [INFO] HTTP Request: GET https://prices.pokemontcg.io/tcgplayer/base1-14 "HTTP/1.1 404 Not Found"
2026-06-11 15:53:04,334 [INFO] HTTP Request: GET https://prices.pokemontcg.io/tcgplayer/base1-15 "HTTP/1.1 404 Not Found"
2026-06-11 15:53:04,707 [INFO] HTTP Request: GET https://prices.pokemontcg.io/tcgplayer/base1-16 "HTTP/1.1 404 Not Found"
2026-06-11 15:53:05,092 [INFO] HTTP Request: GET https://prices.pokemontcg.io/tcgplayer/base1-17 "HTTP/1.1 404 Not Found"
2026-06-11 15:53:08,328 [INFO] HTTP Request: GET https://prices.pokemontcg.io/tcgplayer/base1-18 "HTTP/1.1 404 Not Found"
2026-06-11 15:53:08,777 [INFO] HTTP Request: GET https://prices.pokemontcg.io/tcgplayer/base1-19 "HTTP/1.1 404 Not Found"
2026-06-11 15:53:09,151 [INFO] HTTP Request: GET https://prices.pokemontcg.io/tcgplayer/base1-2 "HTTP/1.1 404 Not Found"
2026-06-11 15:53:09,557 [INFO] HTTP Request: GET https://prices.pokemontcg.io/tcgplayer/base1-20 "HTTP/1.1 404 Not Found"
2026-06-11 15:53:09,939 [INFO] HTTP Request: GET https://prices.pokemontcg.io/tcgplayer/base1-21 "HTTP/1.1 404 Not Found"
2026-06-11 15:53:10,326 [INFO] HTTP Request: GET https://prices.pokemontcg.io/tcgplayer/base1-22 "HTTP/1.1 404 Not Found"
2026-06-11 15:53:10,701 [INFO] HTTP Request: GET https://prices.pokemontcg.io/tcgplayer/base1-23 "HTTP/1.1 404 Not Found"
2026-06-11 15:53:11,080 [INFO] HTTP Request: GET https://prices.pokemontcg.io/tcgplayer/base1-24 "HTTP/1.1 404 Not Found"
2026-06-11 15:53:11,491 [INFO] HTTP Request: GET https://prices.pokemontcg.io/tcgplayer/base1-25 "HTTP/1.1 404 Not Found"
2026-06-11 15:53:11,930 [INFO] HTTP Request: GET https://prices.pokemontcg.io/tcgplayer/base1-26 "HTTP/1.1 404 Not Found"
2026-06-11 15:53:12,335 [INFO] HTTP Request: GET https://prices.pokemontcg.io/tcgplayer/base1-27 "HTTP/1.1 404 Not Found"
2026-06-11 15:53:12,728 [INFO] HTTP Request: GET https://prices.pokemontcg.io/tcgplayer/base1-28 "HTTP/1.1 404 Not Found"
2026-06-11 15:53:13,102 [INFO] HTTP Request: GET https://prices.pokemontcg.io/tcgplayer/base1-29 "HTTP/1.1 404 Not Found"
2026-06-11 15:53:13,496 [INFO] HTTP Request: GET https://prices.pokemontcg.io/tcgplayer/base1-3 "HTTP/1.1 404 Not Found"
2026-06-11 15:53:13,873 [INFO] HTTP Request: GET https://prices.pokemontcg.io/tcgplayer/base1-30 "HTTP/1.1 404 Not Found"
2026-06-11 15:53:52,548 [INFO] Fetching kartu dari Supabase yang perlu di-update...
2026-06-11 15:53:53,086 [INFO] HTTP Request: GET https://vpfjmgefygjhabuizdsq.supabase.co/rest/v1/pokemon_cards?select=id%2Ctcgplayer_url&tcgplayer_url=not.is.null&tcgplayer_product_id=is.null&limit=5&offset=0&order=id "HTTP/1.1 200 OK"
2026-06-11 15:53:53,115 [INFO]   Fetched 5 kartu dari Supabase...
2026-06-11 15:53:53,115 [INFO] Total 5 kartu perlu diisi tcgplayer_product_id.

2026-06-11 15:53:53,115 [INFO] Test redirect: https://prices.pokemontcg.io/tcgplayer/base1-12
2026-06-11 15:53:54,171 [INFO] HTTP Request: GET https://prices.pokemontcg.io/tcgplayer/base1-12 "HTTP/1.1 302 Found"
2026-06-11 15:53:54,173 [INFO] ✅ Redirect berhasil! Product ID: 42352
2026-06-11 15:53:54,857 [INFO] HTTP Request: GET https://prices.pokemontcg.io/tcgplayer/base1-12 "HTTP/1.1 302 Found"
2026-06-11 15:53:55,306 [INFO] HTTP Request: GET https://prices.pokemontcg.io/tcgplayer/base1-13 "HTTP/1.1 302 Found"
2026-06-11 15:53:55,885 [INFO] HTTP Request: GET https://prices.pokemontcg.io/tcgplayer/base1-14 "HTTP/1.1 302 Found"
2026-06-11 15:53:56,396 [INFO] HTTP Request: GET https://prices.pokemontcg.io/tcgplayer/base1-15 "HTTP/1.1 302 Found"
2026-06-11 15:53:56,829 [INFO] HTTP Request: GET https://prices.pokemontcg.io/tcgplayer/base1-16 "HTTP/1.1 302 Found"
2026-06-11 15:53:57,028 [INFO] HTTP Request: PATCH https://vpfjmgefygjhabuizdsq.supabase.co/rest/v1/pokemon_cards?id=eq.base1-12 "HTTP/1.1 204 No Content"
2026-06-11 15:53:57,139 [INFO] HTTP Request: PATCH https://vpfjmgefygjhabuizdsq.supabase.co/rest/v1/pokemon_cards?id=eq.base1-13 "HTTP/1.1 204 No Content"
2026-06-11 15:53:57,252 [INFO] HTTP Request: PATCH https://vpfjmgefygjhabuizdsq.supabase.co/rest/v1/pokemon_cards?id=eq.base1-14 "HTTP/1.1 204 No Content"
2026-06-11 15:53:57,363 [INFO] HTTP Request: PATCH https://vpfjmgefygjhabuizdsq.supabase.co/rest/v1/pokemon_cards?id=eq.base1-15 "HTTP/1.1 204 No Content"
2026-06-11 15:53:57,483 [INFO] HTTP Request: PATCH https://vpfjmgefygjhabuizdsq.supabase.co/rest/v1/pokemon_cards?id=eq.base1-16 "HTTP/1.1 204 No Content"
2026-06-11 15:53:57,484 [INFO] 
🎉 Selesai!
2026-06-11 15:53:57,485 [INFO]    ✅ Berhasil: 5 kartu diisi tcgplayer_product_id
2026-06-11 15:53:57,485 [INFO]    ❌ Gagal/Skip: 0 kartu (tidak ada redirect ke TCGPlayer)
2026-06-11 15:54:12,194 [INFO] Fetching kartu dari Supabase yang perlu di-update...
2026-06-11 15:54:12,690 [INFO] HTTP Request: GET https://vpfjmgefygjhabuizdsq.supabase.co/rest/v1/pokemon_cards?select=id%2Ctcgplayer_url&tcgplayer_url=not.is.null&tcgplayer_product_id=is.null&limit=1000&offset=0&order=id "HTTP/1.1 200 OK"
2026-06-11 15:54:12,716 [INFO]   Fetched 1000 kartu dari Supabase...
2026-06-11 15:54:12,883 [INFO] HTTP Request: GET https://vpfjmgefygjhabuizdsq.supabase.co/rest/v1/pokemon_cards?select=id%2Ctcgplayer_url&tcgplayer_url=not.is.null&tcgplayer_product_id=is.null&limit=1000&offset=1000&order=id "HTTP/1.1 200 OK"
2026-06-11 15:54:12,946 [INFO]   Fetched 2000 kartu dari Supabase...
2026-06-11 15:54:13,097 [INFO] HTTP Request: GET https://vpfjmgefygjhabuizdsq.supabase.co/rest/v1/pokemon_cards?select=id%2Ctcgplayer_url&tcgplayer_url=not.is.null&tcgplayer_product_id=is.null&limit=1000&offset=2000&order=id "HTTP/1.1 200 OK"
2026-06-11 15:54:13,101 [INFO]   Fetched 3000 kartu dari Supabase...
2026-06-11 15:54:13,247 [INFO] HTTP Request: GET https://vpfjmgefygjhabuizdsq.supabase.co/rest/v1/pokemon_cards?select=id%2Ctcgplayer_url&tcgplayer_url=not.is.null&tcgplayer_product_id=is.null&limit=1000&offset=3000&order=id "HTTP/1.1 200 OK"
2026-06-11 15:54:13,252 [INFO]   Fetched 4000 kartu dari Supabase...
2026-06-11 15:54:13,383 [INFO] HTTP Request: GET https://vpfjmgefygjhabuizdsq.supabase.co/rest/v1/pokemon_cards?select=id%2Ctcgplayer_url&tcgplayer_url=not.is.null&tcgplayer_product_id=is.null&limit=1000&offset=4000&order=id "HTTP/1.1 200 OK"
2026-06-11 15:54:13,388 [INFO]   Fetched 5000 kartu dari Supabase...
2026-06-11 15:54:13,520 [INFO] HTTP Request: GET https://vpfjmgefygjhabuizdsq.supabase.co/rest/v1/pokemon_cards?select=id%2Ctcgplayer_url&tcgplayer_url=not.is.null&tcgplayer_product_id=is.null&limit=1000&offset=5000&order=id "HTTP/1.1 200 OK"
2026-06-11 15:54:13,547 [INFO]   Fetched 6000 kartu dari Supabase...
2026-06-11 15:54:13,688 [INFO] HTTP Request: GET https://vpfjmgefygjhabuizdsq.supabase.co/rest/v1/pokemon_cards?select=id%2Ctcgplayer_url&tcgplayer_url=not.is.null&tcgplayer_product_id=is.null&limit=1000&offset=6000&order=id "HTTP/1.1 200 OK"
2026-06-11 15:54:13,713 [INFO]   Fetched 7000 kartu dari Supabase...
2026-06-11 15:54:13,838 [INFO] HTTP Request: GET https://vpfjmgefygjhabuizdsq.supabase.co/rest/v1/pokemon_cards?select=id%2Ctcgplayer_url&tcgplayer_url=not.is.null&tcgplayer_product_id=is.null&limit=1000&offset=7000&order=id "HTTP/1.1 200 OK"
2026-06-11 15:54:13,870 [INFO]   Fetched 8000 kartu dari Supabase...
2026-06-11 15:54:14,001 [INFO] HTTP Request: GET https://vpfjmgefygjhabuizdsq.supabase.co/rest/v1/pokemon_cards?select=id%2Ctcgplayer_url&tcgplayer_url=not.is.null&tcgplayer_product_id=is.null&limit=1000&offset=8000&order=id "HTTP/1.1 200 OK"
2026-06-11 15:54:14,011 [INFO]   Fetched 9000 kartu dari Supabase...
2026-06-11 15:54:14,141 [INFO] HTTP Request: GET https://vpfjmgefygjhabuizdsq.supabase.co/rest/v1/pokemon_cards?select=id%2Ctcgplayer_url&tcgplayer_url=not.is.null&tcgplayer_product_id=is.null&limit=1000&offset=9000&order=id "HTTP/1.1 200 OK"
2026-06-11 15:54:14,144 [INFO]   Fetched 10000 kartu dari Supabase...
2026-06-11 15:54:14,282 [INFO] HTTP Request: GET https://vpfjmgefygjhabuizdsq.supabase.co/rest/v1/pokemon_cards?select=id%2Ctcgplayer_url&tcgplayer_url=not.is.null&tcgplayer_product_id=is.null&limit=1000&offset=10000&order=id "HTTP/1.1 200 OK"
2026-06-11 15:54:14,305 [INFO]   Fetched 11000 kartu dari Supabase...
2026-06-11 15:54:14,436 [INFO] HTTP Request: GET https://vpfjmgefygjhabuizdsq.supabase.co/rest/v1/pokemon_cards?select=id%2Ctcgplayer_url&tcgplayer_url=not.is.null&tcgplayer_product_id=is.null&limit=1000&offset=11000&order=id "HTTP/1.1 200 OK"
2026-06-11 15:54:14,439 [INFO]   Fetched 12000 kartu dari Supabase...
2026-06-11 15:54:14,580 [INFO] HTTP Request: GET https://vpfjmgefygjhabuizdsq.supabase.co/rest/v1/pokemon_cards?select=id%2Ctcgplayer_url&tcgplayer_url=not.is.null&tcgplayer_product_id=is.null&limit=1000&offset=12000&order=id "HTTP/1.1 200 OK"
2026-06-11 15:54:14,581 [INFO]   Fetched 13000 kartu dari Supabase...
2026-06-11 15:54:14,711 [INFO] HTTP Request: GET https://vpfjmgefygjhabuizdsq.supabase.co/rest/v1/pokemon_cards?select=id%2Ctcgplayer_url&tcgplayer_url=not.is.null&tcgplayer_product_id=is.null&limit=1000&offset=13000&order=id "HTTP/1.1 200 OK"
2026-06-11 15:54:14,716 [INFO]   Fetched 14000 kartu dari Supabase...
2026-06-11 15:54:14,844 [INFO] HTTP Request: GET https://vpfjmgefygjhabuizdsq.supabase.co/rest/v1/pokemon_cards?select=id%2Ctcgplayer_url&tcgplayer_url=not.is.null&tcgplayer_product_id=is.null&limit=1000&offset=14000&order=id "HTTP/1.1 200 OK"
2026-06-11 15:54:14,846 [INFO]   Fetched 15000 kartu dari Supabase...
2026-06-11 15:54:15,002 [INFO] HTTP Request: GET https://vpfjmgefygjhabuizdsq.supabase.co/rest/v1/pokemon_cards?select=id%2Ctcgplayer_url&tcgplayer_url=not.is.null&tcgplayer_product_id=is.null&limit=1000&offset=15000&order=id "HTTP/1.1 200 OK"
2026-06-11 15:54:15,004 [INFO]   Fetched 16000 kartu dari Supabase...
2026-06-11 15:54:15,130 [INFO] HTTP Request: GET https://vpfjmgefygjhabuizdsq.supabase.co/rest/v1/pokemon_cards?select=id%2Ctcgplayer_url&tcgplayer_url=not.is.null&tcgplayer_product_id=is.null&limit=1000&offset=16000&order=id "HTTP/1.1 200 OK"
2026-06-11 15:54:15,133 [INFO]   Fetched 17000 kartu dari Supabase...
2026-06-11 15:54:15,269 [INFO] HTTP Request: GET https://vpfjmgefygjhabuizdsq.supabase.co/rest/v1/pokemon_cards?select=id%2Ctcgplayer_url&tcgplayer_url=not.is.null&tcgplayer_product_id=is.null&limit=1000&offset=17000&order=id "HTTP/1.1 200 OK"
2026-06-11 15:54:15,272 [INFO]   Fetched 18000 kartu dari Supabase...
2026-06-11 15:54:15,406 [INFO] HTTP Request: GET https://vpfjmgefygjhabuizdsq.supabase.co/rest/v1/pokemon_cards?select=id%2Ctcgplayer_url&tcgplayer_url=not.is.null&tcgplayer_product_id=is.null&limit=1000&offset=18000&order=id "HTTP/1.1 200 OK"
2026-06-11 15:54:15,408 [INFO]   Fetched 19000 kartu dari Supabase...
2026-06-11 15:54:15,623 [INFO] HTTP Request: GET https://vpfjmgefygjhabuizdsq.supabase.co/rest/v1/pokemon_cards?select=id%2Ctcgplayer_url&tcgplayer_url=not.is.null&tcgplayer_product_id=is.null&limit=1000&offset=19000&order=id "HTTP/1.1 200 OK"
2026-06-11 15:54:15,624 [INFO]   Fetched 20000 kartu dari Supabase...
2026-06-11 15:54:15,748 [INFO] HTTP Request: GET https://vpfjmgefygjhabuizdsq.supabase.co/rest/v1/pokemon_cards?select=id%2Ctcgplayer_url&tcgplayer_url=not.is.null&tcgplayer_product_id=is.null&limit=1000&offset=20000&order=id "HTTP/1.1 200 OK"
2026-06-11 15:54:15,749 [INFO]   Fetched 20051 kartu dari Supabase...
2026-06-11 15:54:15,749 [INFO] Total 20051 kartu perlu diisi tcgplayer_product_id.

2026-06-11 15:54:15,749 [INFO] Test redirect: https://prices.pokemontcg.io/tcgplayer/base1-17
2026-06-11 15:54:16,418 [INFO] HTTP Request: GET https://prices.pokemontcg.io/tcgplayer/base1-17 "HTTP/1.1 302 Found"
2026-06-11 15:54:16,418 [INFO] ✅ Redirect berhasil! Product ID: 42357
2026-06-11 15:54:21,290 [INFO] HTTP Request: GET https://prices.pokemontcg.io/tcgplayer/base1-17 "HTTP/1.1 302 Found"
2026-06-11 15:54:45,221 [INFO] HTTP Request: GET https://prices.pokemontcg.io/tcgplayer/base1-18 "HTTP/1.1 302 Found"
2026-06-11 15:54:46,028 [INFO] HTTP Request: GET https://prices.pokemontcg.io/tcgplayer/base1-19 "HTTP/1.1 302 Found"
2026-06-11 15:54:46,450 [INFO] HTTP Request: GET https://prices.pokemontcg.io/tcgplayer/base1-2 "HTTP/1.1 302 Found"
2026-06-11 15:54:46,876 [INFO] HTTP Request: GET https://prices.pokemontcg.io/tcgplayer/base1-20 "HTTP/1.1 302 Found"
2026-06-11 15:54:47,437 [INFO] HTTP Request: GET https://prices.pokemontcg.io/tcgplayer/base1-21 "HTTP/1.1 302 Found"
2026-06-11 15:54:47,896 [INFO] HTTP Request: GET https://prices.pokemontcg.io/tcgplayer/base1-22 "HTTP/1.1 302 Found"
2026-06-11 15:54:48,333 [INFO] HTTP Request: GET https://prices.pokemontcg.io/tcgplayer/base1-23 "HTTP/1.1 302 Found"
2026-06-11 15:54:48,800 [INFO] HTTP Request: GET https://prices.pokemontcg.io/tcgplayer/base1-24 "HTTP/1.1 302 Found"
2026-06-11 15:54:49,216 [INFO] HTTP Request: GET https://prices.pokemontcg.io/tcgplayer/base1-25 "HTTP/1.1 302 Found"
2026-06-11 15:54:49,638 [INFO] HTTP Request: GET https://prices.pokemontcg.io/tcgplayer/base1-26 "HTTP/1.1 302 Found"
2026-06-11 15:54:50,092 [INFO] HTTP Request: GET https://prices.pokemontcg.io/tcgplayer/base1-27 "HTTP/1.1 302 Found"
2026-06-11 15:54:50,532 [INFO] HTTP Request: GET https://prices.pokemontcg.io/tcgplayer/base1-28 "HTTP/1.1 302 Found"
2026-06-11 15:54:50,953 [INFO] HTTP Request: GET https://prices.pokemontcg.io/tcgplayer/base1-29 "HTTP/1.1 302 Found"
2026-06-11 15:54:51,392 [INFO] HTTP Request: GET https://prices.pokemontcg.io/tcgplayer/base1-3 "HTTP/1.1 302 Found"
2026-06-11 15:54:51,823 [INFO] HTTP Request: GET https://prices.pokemontcg.io/tcgplayer/base1-30 "HTTP/1.1 302 Found"
2026-06-11 15:54:52,320 [INFO] HTTP Request: GET https://prices.pokemontcg.io/tcgplayer/base1-31 "HTTP/1.1 302 Found"
2026-06-11 15:54:53,619 [INFO] HTTP Request: GET https://prices.pokemontcg.io/tcgplayer/base1-32 "HTTP/1.1 302 Found"
2026-06-11 15:54:54,037 [INFO] HTTP Request: GET https://prices.pokemontcg.io/tcgplayer/base1-33 "HTTP/1.1 302 Found"
2026-06-11 15:54:54,465 [INFO] HTTP Request: GET https://prices.pokemontcg.io/tcgplayer/base1-34 "HTTP/1.1 302 Found"
2026-06-11 15:54:54,955 [INFO] HTTP Request: GET https://prices.pokemontcg.io/tcgplayer/base1-35 "HTTP/1.1 302 Found"
2026-06-11 15:54:55,468 [INFO] HTTP Request: GET https://prices.pokemontcg.io/tcgplayer/base1-36 "HTTP/1.1 302 Found"
2026-06-11 15:54:56,258 [INFO] HTTP Request: GET https://prices.pokemontcg.io/tcgplayer/base1-37 "HTTP/1.1 302 Found"
2026-06-11 15:54:56,692 [INFO] HTTP Request: GET https://prices.pokemontcg.io/tcgplayer/base1-38 "HTTP/1.1 302 Found"
2026-06-11 15:54:57,658 [INFO] HTTP Request: GET https://prices.pokemontcg.io/tcgplayer/base1-39 "HTTP/1.1 302 Found"
2026-06-11 15:54:58,102 [INFO] HTTP Request: GET https://prices.pokemontcg.io/tcgplayer/base1-4 "HTTP/1.1 302 Found"
2026-06-11 15:54:58,613 [INFO] HTTP Request: GET https://prices.pokemontcg.io/tcgplayer/base1-40 "HTTP/1.1 302 Found"
2026-06-11 15:54:59,149 [INFO] HTTP Request: GET https://prices.pokemontcg.io/tcgplayer/base1-41 "HTTP/1.1 302 Found"
2026-06-11 15:54:59,659 [INFO] HTTP Request: GET https://prices.pokemontcg.io/tcgplayer/base1-42 "HTTP/1.1 302 Found"
2026-06-11 15:55:00,078 [INFO] HTTP Request: GET https://prices.pokemontcg.io/tcgplayer/base1-43 "HTTP/1.1 302 Found"
2026-06-11 15:55:00,599 [INFO] HTTP Request: GET https://prices.pokemontcg.io/tcgplayer/base1-44 "HTTP/1.1 302 Found"
2026-06-11 15:55:01,790 [INFO] HTTP Request: GET https://prices.pokemontcg.io/tcgplayer/base1-45 "HTTP/1.1 302 Found"
2026-06-11 15:55:02,239 [INFO] HTTP Request: GET https://prices.pokemontcg.io/tcgplayer/base1-46 "HTTP/1.1 302 Found"
2026-06-11 15:55:02,673 [INFO] HTTP Request: GET https://prices.pokemontcg.io/tcgplayer/base1-47 "HTTP/1.1 302 Found"
2026-06-11 15:55:03,325 [INFO] HTTP Request: GET https://prices.pokemontcg.io/tcgplayer/base1-48 "HTTP/1.1 302 Found"
2026-06-11 15:55:04,067 [INFO] HTTP Request: GET https://prices.pokemontcg.io/tcgplayer/base1-49 "HTTP/1.1 302 Found"
2026-06-11 15:55:04,623 [INFO] HTTP Request: GET https://prices.pokemontcg.io/tcgplayer/base1-5 "HTTP/1.1 302 Found"
2026-06-11 15:55:05,057 [INFO] HTTP Request: GET https://prices.pokemontcg.io/tcgplayer/base1-50 "HTTP/1.1 302 Found"
2026-06-11 15:55:06,066 [INFO] HTTP Request: GET https://prices.pokemontcg.io/tcgplayer/base1-51 "HTTP/1.1 302 Found"
2026-06-11 15:55:06,484 [INFO] HTTP Request: GET https://prices.pokemontcg.io/tcgplayer/base1-52 "HTTP/1.1 302 Found"
2026-06-11 15:55:07,000 [INFO] HTTP Request: GET https://prices.pokemontcg.io/tcgplayer/base1-53 "HTTP/1.1 302 Found"
2026-06-11 15:55:07,426 [INFO] HTTP Request: GET https://prices.pokemontcg.io/tcgplayer/base1-54 "HTTP/1.1 302 Found"
2026-06-11 15:55:07,877 [INFO] HTTP Request: GET https://prices.pokemontcg.io/tcgplayer/base1-55 "HTTP/1.1 302 Found"
2026-06-11 15:55:08,610 [INFO] HTTP Request: GET https://prices.pokemontcg.io/tcgplayer/base1-56 "HTTP/1.1 302 Found"
2026-06-11 15:55:15,237 [INFO] HTTP Request: GET https://prices.pokemontcg.io/tcgplayer/base1-57 "HTTP/1.1 302 Found"
2026-06-11 15:55:16,800 [INFO] HTTP Request: GET https://prices.pokemontcg.io/tcgplayer/base1-58 "HTTP/1.1 302 Found"
2026-06-11 15:55:17,332 [INFO] HTTP Request: GET https://prices.pokemontcg.io/tcgplayer/base1-59 "HTTP/1.1 302 Found"
2026-06-11 15:55:18,297 [INFO] HTTP Request: GET https://prices.pokemontcg.io/tcgplayer/base1-6 "HTTP/1.1 302 Found"
2026-06-11 15:55:18,944 [INFO] HTTP Request: GET https://prices.pokemontcg.io/tcgplayer/base1-60 "HTTP/1.1 302 Found"
2026-06-11 15:55:19,381 [INFO] HTTP Request: GET https://prices.pokemontcg.io/tcgplayer/base1-61 "HTTP/1.1 302 Found"
2026-06-11 15:55:20,084 [INFO] HTTP Request: PATCH https://vpfjmgefygjhabuizdsq.supabase.co/rest/v1/pokemon_cards?id=eq.base1-17 "HTTP/1.1 204 No Content"
2026-06-11 15:55:20,223 [INFO] HTTP Request: PATCH https://vpfjmgefygjhabuizdsq.supabase.co/rest/v1/pokemon_cards?id=eq.base1-18 "HTTP/1.1 204 No Content"
2026-06-11 15:55:20,340 [INFO] HTTP Request: PATCH https://vpfjmgefygjhabuizdsq.supabase.co/rest/v1/pokemon_cards?id=eq.base1-19 "HTTP/1.1 204 No Content"
2026-06-11 15:55:20,461 [INFO] HTTP Request: PATCH https://vpfjmgefygjhabuizdsq.supabase.co/rest/v1/pokemon_cards?id=eq.base1-2 "HTTP/1.1 204 No Content"
2026-06-11 15:55:20,632 [INFO] HTTP Request: PATCH https://vpfjmgefygjhabuizdsq.supabase.co/rest/v1/pokemon_cards?id=eq.base1-20 "HTTP/1.1 204 No Content"
2026-06-11 15:55:20,749 [INFO] HTTP Request: PATCH https://vpfjmgefygjhabuizdsq.supabase.co/rest/v1/pokemon_cards?id=eq.base1-21 "HTTP/1.1 204 No Content"
2026-06-11 15:55:20,864 [INFO] HTTP Request: PATCH https://vpfjmgefygjhabuizdsq.supabase.co/rest/v1/pokemon_cards?id=eq.base1-22 "HTTP/1.1 204 No Content"
2026-06-11 15:55:20,980 [INFO] HTTP Request: PATCH https://vpfjmgefygjhabuizdsq.supabase.co/rest/v1/pokemon_cards?id=eq.base1-23 "HTTP/1.1 204 No Content"
2026-06-11 15:55:21,096 [INFO] HTTP Request: PATCH https://vpfjmgefygjhabuizdsq.supabase.co/rest/v1/pokemon_cards?id=eq.base1-24 "HTTP/1.1 204 No Content"
2026-06-11 15:55:21,252 [INFO] HTTP Request: PATCH https://vpfjmgefygjhabuizdsq.supabase.co/rest/v1/pokemon_cards?id=eq.base1-25 "HTTP/1.1 204 No Content"
2026-06-11 15:55:21,358 [INFO] HTTP Request: PATCH https://vpfjmgefygjhabuizdsq.supabase.co/rest/v1/pokemon_cards?id=eq.base1-26 "HTTP/1.1 204 No Content"
2026-06-11 15:55:21,469 [INFO] HTTP Request: PATCH https://vpfjmgefygjhabuizdsq.supabase.co/rest/v1/pokemon_cards?id=eq.base1-27 "HTTP/1.1 204 No Content"
2026-06-11 15:55:21,684 [INFO] HTTP Request: PATCH https://vpfjmgefygjhabuizdsq.supabase.co/rest/v1/pokemon_cards?id=eq.base1-28 "HTTP/1.1 204 No Content"
2026-06-11 15:55:21,801 [INFO] HTTP Request: PATCH https://vpfjmgefygjhabuizdsq.supabase.co/rest/v1/pokemon_cards?id=eq.base1-29 "HTTP/1.1 204 No Content"
2026-06-11 15:55:21,923 [INFO] HTTP Request: PATCH https://vpfjmgefygjhabuizdsq.supabase.co/rest/v1/pokemon_cards?id=eq.base1-3 "HTTP/1.1 204 No Content"
2026-06-11 15:55:22,053 [INFO] HTTP Request: PATCH https://vpfjmgefygjhabuizdsq.supabase.co/rest/v1/pokemon_cards?id=eq.base1-30 "HTTP/1.1 204 No Content"
2026-06-11 15:55:22,172 [INFO] HTTP Request: PATCH https://vpfjmgefygjhabuizdsq.supabase.co/rest/v1/pokemon_cards?id=eq.base1-31 "HTTP/1.1 204 No Content"
2026-06-11 15:55:22,288 [INFO] HTTP Request: PATCH https://vpfjmgefygjhabuizdsq.supabase.co/rest/v1/pokemon_cards?id=eq.base1-32 "HTTP/1.1 204 No Content"
2026-06-11 15:55:22,405 [INFO] HTTP Request: PATCH https://vpfjmgefygjhabuizdsq.supabase.co/rest/v1/pokemon_cards?id=eq.base1-33 "HTTP/1.1 204 No Content"
2026-06-11 15:55:22,821 [INFO] HTTP Request: PATCH https://vpfjmgefygjhabuizdsq.supabase.co/rest/v1/pokemon_cards?id=eq.base1-34 "HTTP/1.1 204 No Content"
2026-06-11 15:55:22,945 [INFO] HTTP Request: PATCH https://vpfjmgefygjhabuizdsq.supabase.co/rest/v1/pokemon_cards?id=eq.base1-35 "HTTP/1.1 204 No Content"
2026-06-11 15:55:23,057 [INFO] HTTP Request: PATCH https://vpfjmgefygjhabuizdsq.supabase.co/rest/v1/pokemon_cards?id=eq.base1-36 "HTTP/1.1 204 No Content"
2026-06-11 15:55:23,176 [INFO] HTTP Request: PATCH https://vpfjmgefygjhabuizdsq.supabase.co/rest/v1/pokemon_cards?id=eq.base1-37 "HTTP/1.1 204 No Content"
2026-06-11 15:55:23,296 [INFO] HTTP Request: PATCH https://vpfjmgefygjhabuizdsq.supabase.co/rest/v1/pokemon_cards?id=eq.base1-38 "HTTP/1.1 204 No Content"
2026-06-11 15:55:23,418 [INFO] HTTP Request: PATCH https://vpfjmgefygjhabuizdsq.supabase.co/rest/v1/pokemon_cards?id=eq.base1-39 "HTTP/1.1 204 No Content"
2026-06-11 15:55:23,568 [INFO] HTTP Request: PATCH https://vpfjmgefygjhabuizdsq.supabase.co/rest/v1/pokemon_cards?id=eq.base1-4 "HTTP/1.1 204 No Content"
2026-06-11 15:55:23,774 [INFO] HTTP Request: PATCH https://vpfjmgefygjhabuizdsq.supabase.co/rest/v1/pokemon_cards?id=eq.base1-40 "HTTP/1.1 204 No Content"
2026-06-11 15:55:23,888 [INFO] HTTP Request: PATCH https://vpfjmgefygjhabuizdsq.supabase.co/rest/v1/pokemon_cards?id=eq.base1-41 "HTTP/1.1 204 No Content"
2026-06-11 15:55:24,018 [INFO] HTTP Request: PATCH https://vpfjmgefygjhabuizdsq.supabase.co/rest/v1/pokemon_cards?id=eq.base1-42 "HTTP/1.1 204 No Content"
2026-06-11 15:55:24,140 [INFO] HTTP Request: PATCH https://vpfjmgefygjhabuizdsq.supabase.co/rest/v1/pokemon_cards?id=eq.base1-43 "HTTP/1.1 204 No Content"
2026-06-11 15:55:24,291 [INFO] HTTP Request: PATCH https://vpfjmgefygjhabuizdsq.supabase.co/rest/v1/pokemon_cards?id=eq.base1-44 "HTTP/1.1 204 No Content"
2026-06-11 15:55:24,447 [INFO] HTTP Request: PATCH https://vpfjmgefygjhabuizdsq.supabase.co/rest/v1/pokemon_cards?id=eq.base1-45 "HTTP/1.1 204 No Content"
2026-06-11 15:55:24,560 [INFO] HTTP Request: PATCH https://vpfjmgefygjhabuizdsq.supabase.co/rest/v1/pokemon_cards?id=eq.base1-46 "HTTP/1.1 204 No Content"
2026-06-11 15:55:24,672 [INFO] HTTP Request: PATCH https://vpfjmgefygjhabuizdsq.supabase.co/rest/v1/pokemon_cards?id=eq.base1-47 "HTTP/1.1 204 No Content"
2026-06-11 15:55:24,828 [INFO] HTTP Request: PATCH https://vpfjmgefygjhabuizdsq.supabase.co/rest/v1/pokemon_cards?id=eq.base1-48 "HTTP/1.1 204 No Content"
2026-06-11 15:55:24,940 [INFO] HTTP Request: PATCH https://vpfjmgefygjhabuizdsq.supabase.co/rest/v1/pokemon_cards?id=eq.base1-49 "HTTP/1.1 204 No Content"
2026-06-11 15:55:25,059 [INFO] HTTP Request: PATCH https://vpfjmgefygjhabuizdsq.supabase.co/rest/v1/pokemon_cards?id=eq.base1-5 "HTTP/1.1 204 No Content"
2026-06-11 15:55:25,184 [INFO] HTTP Request: PATCH https://vpfjmgefygjhabuizdsq.supabase.co/rest/v1/pokemon_cards?id=eq.base1-50 "HTTP/1.1 204 No Content"
2026-06-11 15:55:25,300 [INFO] HTTP Request: PATCH https://vpfjmgefygjhabuizdsq.supabase.co/rest/v1/pokemon_cards?id=eq.base1-51 "HTTP/1.1 204 No Content"
2026-06-11 15:55:25,413 [INFO] HTTP Request: PATCH https://vpfjmgefygjhabuizdsq.supabase.co/rest/v1/pokemon_cards?id=eq.base1-52 "HTTP/1.1 204 No Content"
2026-06-11 15:55:25,552 [INFO] HTTP Request: PATCH https://vpfjmgefygjhabuizdsq.supabase.co/rest/v1/pokemon_cards?id=eq.base1-53 "HTTP/1.1 204 No Content"
2026-06-11 15:55:25,671 [INFO] HTTP Request: PATCH https://vpfjmgefygjhabuizdsq.supabase.co/rest/v1/pokemon_cards?id=eq.base1-54 "HTTP/1.1 204 No Content"
2026-06-11 15:55:25,874 [INFO] HTTP Request: PATCH https://vpfjmgefygjhabuizdsq.supabase.co/rest/v1/pokemon_cards?id=eq.base1-55 "HTTP/1.1 204 No Content"
2026-06-11 15:55:25,989 [INFO] HTTP Request: PATCH https://vpfjmgefygjhabuizdsq.supabase.co/rest/v1/pokemon_cards?id=eq.base1-56 "HTTP/1.1 204 No Content"
2026-06-11 15:55:26,104 [INFO] HTTP Request: PATCH https://vpfjmgefygjhabuizdsq.supabase.co/rest/v1/pokemon_cards?id=eq.base1-57 "HTTP/1.1 204 No Content"
2026-06-11 15:55:26,221 [INFO] HTTP Request: PATCH https://vpfjmgefygjhabuizdsq.supabase.co/rest/v1/pokemon_cards?id=eq.base1-58 "HTTP/1.1 204 No Content"
2026-06-11 15:55:26,343 [INFO] HTTP Request: PATCH https://vpfjmgefygjhabuizdsq.supabase.co/rest/v1/pokemon_cards?id=eq.base1-59 "HTTP/1.1 204 No Content"
2026-06-11 15:55:26,471 [INFO] HTTP Request: PATCH https://vpfjmgefygjhabuizdsq.supabase.co/rest/v1/pokemon_cards?id=eq.base1-6 "HTTP/1.1 204 No Content"
2026-06-11 15:55:26,589 [INFO] HTTP Request: PATCH https://vpfjmgefygjhabuizdsq.supabase.co/rest/v1/pokemon_cards?id=eq.base1-60 "HTTP/1.1 204 No Content"
2026-06-11 15:55:26,714 [INFO] HTTP Request: PATCH https://vpfjmgefygjhabuizdsq.supabase.co/rest/v1/pokemon_cards?id=eq.base1-61 "HTTP/1.1 204 No Content"
2026-06-11 15:55:26,714 [INFO]   ✅ Batch 50 kartu di-upsert (total berhasil: 50)
2026-06-11 15:55:28,124 [INFO] HTTP Request: GET https://prices.pokemontcg.io/tcgplayer/base1-62 "HTTP/1.1 302 Found"
2026-06-11 15:55:28,561 [INFO] HTTP Request: GET https://prices.pokemontcg.io/tcgplayer/base1-63 "HTTP/1.1 302 Found"
2026-06-11 15:55:29,664 [INFO] HTTP Request: GET https://prices.pokemontcg.io/tcgplayer/base1-64 "HTTP/1.1 302 Found"
2026-06-11 15:55:30,694 [INFO] HTTP Request: GET https://prices.pokemontcg.io/tcgplayer/base1-65 "HTTP/1.1 302 Found"
2026-06-11 15:55:32,408 [INFO] HTTP Request: GET https://prices.pokemontcg.io/tcgplayer/base1-66 "HTTP/1.1 302 Found"
2026-06-11 15:55:56,728 [INFO] HTTP Request: GET https://prices.pokemontcg.io/tcgplayer/base1-67 "HTTP/1.1 302 Found"
2026-06-11 15:55:57,165 [INFO] HTTP Request: GET https://prices.pokemontcg.io/tcgplayer/base1-68 "HTTP/1.1 302 Found"
2026-06-11 15:55:57,932 [INFO] HTTP Request: GET https://prices.pokemontcg.io/tcgplayer/base1-69 "HTTP/1.1 302 Found"
2026-06-11 15:55:58,568 [INFO] HTTP Request: GET https://prices.pokemontcg.io/tcgplayer/base1-7 "HTTP/1.1 302 Found"
2026-06-11 15:55:59,159 [INFO] HTTP Request: GET https://prices.pokemontcg.io/tcgplayer/base1-70 "HTTP/1.1 302 Found"
2026-06-11 15:56:00,226 [INFO] HTTP Request: GET https://prices.pokemontcg.io/tcgplayer/base1-71 "HTTP/1.1 302 Found"
2026-06-11 15:56:01,291 [INFO] HTTP Request: GET https://prices.pokemontcg.io/tcgplayer/base1-72 "HTTP/1.1 302 Found"
2026-06-11 15:56:02,270 [INFO] HTTP Request: GET https://prices.pokemontcg.io/tcgplayer/base1-73 "HTTP/1.1 302 Found"
2026-06-11 15:56:02,741 [INFO] HTTP Request: GET https://prices.pokemontcg.io/tcgplayer/base1-74 "HTTP/1.1 302 Found"
2026-06-11 15:56:04,010 [INFO] HTTP Request: GET https://prices.pokemontcg.io/tcgplayer/base1-75 "HTTP/1.1 302 Found"
2026-06-11 15:56:04,428 [INFO] HTTP Request: GET https://prices.pokemontcg.io/tcgplayer/base1-76 "HTTP/1.1 302 Found"
2026-06-11 15:56:04,842 [INFO] HTTP Request: GET https://prices.pokemontcg.io/tcgplayer/base1-77 "HTTP/1.1 302 Found"
2026-06-11 15:56:05,721 [INFO] HTTP Request: GET https://prices.pokemontcg.io/tcgplayer/base1-78 "HTTP/1.1 302 Found"
2026-06-11 15:56:06,142 [INFO] HTTP Request: GET https://prices.pokemontcg.io/tcgplayer/base1-79 "HTTP/1.1 302 Found"
2026-06-11 15:56:08,320 [INFO] HTTP Request: GET https://prices.pokemontcg.io/tcgplayer/base1-8 "HTTP/1.1 302 Found"
2026-06-11 15:56:08,766 [INFO] HTTP Request: GET https://prices.pokemontcg.io/tcgplayer/base1-80 "HTTP/1.1 302 Found"
2026-06-11 15:56:09,194 [INFO] HTTP Request: GET https://prices.pokemontcg.io/tcgplayer/base1-81 "HTTP/1.1 302 Found"
2026-06-11 15:56:09,610 [INFO] HTTP Request: GET https://prices.pokemontcg.io/tcgplayer/base1-82 "HTTP/1.1 302 Found"
2026-06-11 15:56:10,813 [INFO] HTTP Request: GET https://prices.pokemontcg.io/tcgplayer/base1-83 "HTTP/1.1 302 Found"
2026-06-11 15:56:11,354 [INFO] HTTP Request: GET https://prices.pokemontcg.io/tcgplayer/base1-84 "HTTP/1.1 302 Found"
2026-06-11 15:56:14,911 [INFO] HTTP Request: GET https://prices.pokemontcg.io/tcgplayer/base1-85 "HTTP/1.1 302 Found"
2026-06-11 15:56:15,338 [INFO] HTTP Request: GET https://prices.pokemontcg.io/tcgplayer/base1-86 "HTTP/1.1 302 Found"
2026-06-11 15:56:26,892 [INFO] HTTP Request: GET https://prices.pokemontcg.io/tcgplayer/base1-87 "HTTP/1.1 302 Found"
2026-06-11 15:56:27,307 [INFO] HTTP Request: GET https://prices.pokemontcg.io/tcgplayer/base1-88 "HTTP/1.1 302 Found"
2026-06-11 15:56:27,805 [INFO] HTTP Request: GET https://prices.pokemontcg.io/tcgplayer/base1-89 "HTTP/1.1 302 Found"
2026-06-11 15:56:28,586 [INFO] HTTP Request: GET https://prices.pokemontcg.io/tcgplayer/base1-9 "HTTP/1.1 302 Found"
2026-06-11 15:56:30,497 [INFO] HTTP Request: GET https://prices.pokemontcg.io/tcgplayer/base1-90 "HTTP/1.1 302 Found"
2026-06-11 15:56:31,026 [INFO] HTTP Request: GET https://prices.pokemontcg.io/tcgplayer/base1-91 "HTTP/1.1 302 Found"
2026-06-11 15:56:31,450 [INFO] HTTP Request: GET https://prices.pokemontcg.io/tcgplayer/base1-92 "HTTP/1.1 302 Found"
2026-06-11 15:56:32,108 [INFO] HTTP Request: GET https://prices.pokemontcg.io/tcgplayer/base1-93 "HTTP/1.1 302 Found"
2026-06-11 15:56:32,550 [INFO] HTTP Request: GET https://prices.pokemontcg.io/tcgplayer/base1-94 "HTTP/1.1 302 Found"
2026-06-11 15:56:33,043 [INFO] HTTP Request: GET https://prices.pokemontcg.io/tcgplayer/base1-95 "HTTP/1.1 302 Found"
2026-06-11 15:56:33,459 [INFO] HTTP Request: GET https://prices.pokemontcg.io/tcgplayer/base1-96 "HTTP/1.1 302 Found"
2026-06-11 15:56:33,870 [INFO] HTTP Request: GET https://prices.pokemontcg.io/tcgplayer/base1-97 "HTTP/1.1 302 Found"
2026-06-11 15:56:34,364 [INFO] HTTP Request: GET https://prices.pokemontcg.io/tcgplayer/base1-98 "HTTP/1.1 302 Found"
2026-06-11 15:56:35,572 [INFO] HTTP Request: GET https://prices.pokemontcg.io/tcgplayer/base1-99 "HTTP/1.1 302 Found"
2026-06-11 15:56:36,150 [INFO] HTTP Request: GET https://prices.pokemontcg.io/tcgplayer/base2-1 "HTTP/1.1 302 Found"
2026-06-11 15:56:36,695 [INFO] HTTP Request: GET https://prices.pokemontcg.io/tcgplayer/base2-10 "HTTP/1.1 302 Found"
2026-06-11 15:56:37,177 [INFO] HTTP Request: GET https://prices.pokemontcg.io/tcgplayer/base2-11 "HTTP/1.1 302 Found"
2026-06-11 15:56:37,652 [INFO] HTTP Request: GET https://prices.pokemontcg.io/tcgplayer/base2-12 "HTTP/1.1 302 Found"
2026-06-11 15:56:38,103 [INFO] HTTP Request: GET https://prices.pokemontcg.io/tcgplayer/base2-13 "HTTP/1.1 302 Found"
2026-06-11 15:56:39,006 [INFO] HTTP Request: GET https://prices.pokemontcg.io/tcgplayer/base2-14 "HTTP/1.1 302 Found"
2026-06-11 15:56:39,441 [INFO] HTTP Request: GET https://prices.pokemontcg.io/tcgplayer/base2-15 "HTTP/1.1 302 Found"
2026-06-11 15:56:39,923 [INFO] HTTP Request: GET https://prices.pokemontcg.io/tcgplayer/base2-16 "HTTP/1.1 302 Found"
2026-06-11 15:56:40,402 [INFO] HTTP Request: GET https://prices.pokemontcg.io/tcgplayer/base2-17 "HTTP/1.1 302 Found"
2026-06-11 15:56:40,855 [INFO] HTTP Request: PATCH https://vpfjmgefygjhabuizdsq.supabase.co/rest/v1/pokemon_cards?id=eq.base1-62 "HTTP/1.1 204 No Content"
2026-06-11 15:56:40,965 [INFO] HTTP Request: PATCH https://vpfjmgefygjhabuizdsq.supabase.co/rest/v1/pokemon_cards?id=eq.base1-63 "HTTP/1.1 204 No Content"
2026-06-11 15:56:41,078 [INFO] HTTP Request: PATCH https://vpfjmgefygjhabuizdsq.supabase.co/rest/v1/pokemon_cards?id=eq.base1-64 "HTTP/1.1 204 No Content"
2026-06-11 15:56:41,191 [INFO] HTTP Request: PATCH https://vpfjmgefygjhabuizdsq.supabase.co/rest/v1/pokemon_cards?id=eq.base1-65 "HTTP/1.1 204 No Content"
2026-06-11 15:56:41,372 [INFO] HTTP Request: PATCH https://vpfjmgefygjhabuizdsq.supabase.co/rest/v1/pokemon_cards?id=eq.base1-66 "HTTP/1.1 204 No Content"
2026-06-11 15:56:41,485 [INFO] HTTP Request: PATCH https://vpfjmgefygjhabuizdsq.supabase.co/rest/v1/pokemon_cards?id=eq.base1-67 "HTTP/1.1 204 No Content"
2026-06-11 15:56:41,595 [INFO] HTTP Request: PATCH https://vpfjmgefygjhabuizdsq.supabase.co/rest/v1/pokemon_cards?id=eq.base1-68 "HTTP/1.1 204 No Content"
2026-06-11 15:56:41,704 [INFO] HTTP Request: PATCH https://vpfjmgefygjhabuizdsq.supabase.co/rest/v1/pokemon_cards?id=eq.base1-69 "HTTP/1.1 204 No Content"
2026-06-11 15:56:41,844 [INFO] HTTP Request: PATCH https://vpfjmgefygjhabuizdsq.supabase.co/rest/v1/pokemon_cards?id=eq.base1-7 "HTTP/1.1 204 No Content"
2026-06-11 15:56:41,962 [INFO] HTTP Request: PATCH https://vpfjmgefygjhabuizdsq.supabase.co/rest/v1/pokemon_cards?id=eq.base1-70 "HTTP/1.1 204 No Content"
2026-06-11 15:56:42,073 [INFO] HTTP Request: PATCH https://vpfjmgefygjhabuizdsq.supabase.co/rest/v1/pokemon_cards?id=eq.base1-71 "HTTP/1.1 204 No Content"
2026-06-11 15:56:42,184 [INFO] HTTP Request: PATCH https://vpfjmgefygjhabuizdsq.supabase.co/rest/v1/pokemon_cards?id=eq.base1-72 "HTTP/1.1 204 No Content"
2026-06-11 15:56:42,294 [INFO] HTTP Request: PATCH https://vpfjmgefygjhabuizdsq.supabase.co/rest/v1/pokemon_cards?id=eq.base1-73 "HTTP/1.1 204 No Content"
2026-06-11 15:56:42,444 [INFO] HTTP Request: PATCH https://vpfjmgefygjhabuizdsq.supabase.co/rest/v1/pokemon_cards?id=eq.base1-74 "HTTP/1.1 204 No Content"
2026-06-11 15:56:42,625 [INFO] HTTP Request: PATCH https://vpfjmgefygjhabuizdsq.supabase.co/rest/v1/pokemon_cards?id=eq.base1-75 "HTTP/1.1 204 No Content"
2026-06-11 15:56:42,765 [INFO] HTTP Request: PATCH https://vpfjmgefygjhabuizdsq.supabase.co/rest/v1/pokemon_cards?id=eq.base1-76 "HTTP/1.1 204 No Content"
2026-06-11 15:56:42,882 [INFO] HTTP Request: PATCH https://vpfjmgefygjhabuizdsq.supabase.co/rest/v1/pokemon_cards?id=eq.base1-77 "HTTP/1.1 204 No Content"
2026-06-11 15:56:42,992 [INFO] HTTP Request: PATCH https://vpfjmgefygjhabuizdsq.supabase.co/rest/v1/pokemon_cards?id=eq.base1-78 "HTTP/1.1 204 No Content"
2026-06-11 15:56:43,105 [INFO] HTTP Request: PATCH https://vpfjmgefygjhabuizdsq.supabase.co/rest/v1/pokemon_cards?id=eq.base1-79 "HTTP/1.1 204 No Content"
2026-06-11 15:56:43,217 [INFO] HTTP Request: PATCH https://vpfjmgefygjhabuizdsq.supabase.co/rest/v1/pokemon_cards?id=eq.base1-8 "HTTP/1.1 204 No Content"
2026-06-11 15:56:43,328 [INFO] HTTP Request: PATCH https://vpfjmgefygjhabuizdsq.supabase.co/rest/v1/pokemon_cards?id=eq.base1-80 "HTTP/1.1 204 No Content"
2026-06-11 15:56:43,468 [INFO] HTTP Request: PATCH https://vpfjmgefygjhabuizdsq.supabase.co/rest/v1/pokemon_cards?id=eq.base1-81 "HTTP/1.1 204 No Content"
2026-06-11 15:56:43,592 [INFO] HTTP Request: PATCH https://vpfjmgefygjhabuizdsq.supabase.co/rest/v1/pokemon_cards?id=eq.base1-82 "HTTP/1.1 204 No Content"
2026-06-11 15:56:43,708 [INFO] HTTP Request: PATCH https://vpfjmgefygjhabuizdsq.supabase.co/rest/v1/pokemon_cards?id=eq.base1-83 "HTTP/1.1 204 No Content"
2026-06-11 15:56:43,821 [INFO] HTTP Request: PATCH https://vpfjmgefygjhabuizdsq.supabase.co/rest/v1/pokemon_cards?id=eq.base1-84 "HTTP/1.1 204 No Content"
2026-06-11 15:56:43,941 [INFO] HTTP Request: PATCH https://vpfjmgefygjhabuizdsq.supabase.co/rest/v1/pokemon_cards?id=eq.base1-85 "HTTP/1.1 204 No Content"
2026-06-11 15:56:44,069 [INFO] HTTP Request: PATCH https://vpfjmgefygjhabuizdsq.supabase.co/rest/v1/pokemon_cards?id=eq.base1-86 "HTTP/1.1 204 No Content"
2026-06-11 15:56:44,181 [INFO] HTTP Request: PATCH https://vpfjmgefygjhabuizdsq.supabase.co/rest/v1/pokemon_cards?id=eq.base1-87 "HTTP/1.1 204 No Content"
2026-06-11 15:56:44,297 [INFO] HTTP Request: PATCH https://vpfjmgefygjhabuizdsq.supabase.co/rest/v1/pokemon_cards?id=eq.base1-88 "HTTP/1.1 204 No Content"
2026-06-11 15:56:44,405 [INFO] HTTP Request: PATCH https://vpfjmgefygjhabuizdsq.supabase.co/rest/v1/pokemon_cards?id=eq.base1-89 "HTTP/1.1 204 No Content"
2026-06-11 15:56:44,522 [INFO] HTTP Request: PATCH https://vpfjmgefygjhabuizdsq.supabase.co/rest/v1/pokemon_cards?id=eq.base1-9 "HTTP/1.1 204 No Content"
2026-06-11 15:56:44,638 [INFO] HTTP Request: PATCH https://vpfjmgefygjhabuizdsq.supabase.co/rest/v1/pokemon_cards?id=eq.base1-90 "HTTP/1.1 204 No Content"
2026-06-11 15:56:44,751 [INFO] HTTP Request: PATCH https://vpfjmgefygjhabuizdsq.supabase.co/rest/v1/pokemon_cards?id=eq.base1-91 "HTTP/1.1 204 No Content"
2026-06-11 15:56:44,864 [INFO] HTTP Request: PATCH https://vpfjmgefygjhabuizdsq.supabase.co/rest/v1/pokemon_cards?id=eq.base1-92 "HTTP/1.1 204 No Content"
2026-06-11 15:56:44,990 [INFO] HTTP Request: PATCH https://vpfjmgefygjhabuizdsq.supabase.co/rest/v1/pokemon_cards?id=eq.base1-93 "HTTP/1.1 204 No Content"
2026-06-11 15:56:45,104 [INFO] HTTP Request: PATCH https://vpfjmgefygjhabuizdsq.supabase.co/rest/v1/pokemon_cards?id=eq.base1-94 "HTTP/1.1 204 No Content"
2026-06-11 15:56:45,251 [INFO] HTTP Request: PATCH https://vpfjmgefygjhabuizdsq.supabase.co/rest/v1/pokemon_cards?id=eq.base1-95 "HTTP/1.1 204 No Content"
2026-06-11 15:56:45,364 [INFO] HTTP Request: PATCH https://vpfjmgefygjhabuizdsq.supabase.co/rest/v1/pokemon_cards?id=eq.base1-96 "HTTP/1.1 204 No Content"
2026-06-11 15:56:45,570 [INFO] HTTP Request: PATCH https://vpfjmgefygjhabuizdsq.supabase.co/rest/v1/pokemon_cards?id=eq.base1-97 "HTTP/1.1 204 No Content"
2026-06-11 15:56:45,698 [INFO] HTTP Request: PATCH https://vpfjmgefygjhabuizdsq.supabase.co/rest/v1/pokemon_cards?id=eq.base1-98 "HTTP/1.1 204 No Content"
2026-06-11 15:56:45,836 [INFO] HTTP Request: PATCH https://vpfjmgefygjhabuizdsq.supabase.co/rest/v1/pokemon_cards?id=eq.base1-99 "HTTP/1.1 204 No Content"
2026-06-11 15:56:45,949 [INFO] HTTP Request: PATCH https://vpfjmgefygjhabuizdsq.supabase.co/rest/v1/pokemon_cards?id=eq.base2-1 "HTTP/1.1 204 No Content"
2026-06-11 15:56:46,066 [INFO] HTTP Request: PATCH https://vpfjmgefygjhabuizdsq.supabase.co/rest/v1/pokemon_cards?id=eq.base2-10 "HTTP/1.1 204 No Content"
2026-06-11 15:56:46,200 [INFO] HTTP Request: PATCH https://vpfjmgefygjhabuizdsq.supabase.co/rest/v1/pokemon_cards?id=eq.base2-11 "HTTP/1.1 204 No Content"
2026-06-11 15:56:46,310 [INFO] HTTP Request: PATCH https://vpfjmgefygjhabuizdsq.supabase.co/rest/v1/pokemon_cards?id=eq.base2-12 "HTTP/1.1 204 No Content"
2026-06-11 15:56:46,423 [INFO] HTTP Request: PATCH https://vpfjmgefygjhabuizdsq.supabase.co/rest/v1/pokemon_cards?id=eq.base2-13 "HTTP/1.1 204 No Content"
2026-06-11 15:56:46,616 [INFO] HTTP Request: PATCH https://vpfjmgefygjhabuizdsq.supabase.co/rest/v1/pokemon_cards?id=eq.base2-14 "HTTP/1.1 204 No Content"
2026-06-11 15:56:46,756 [INFO] HTTP Request: PATCH https://vpfjmgefygjhabuizdsq.supabase.co/rest/v1/pokemon_cards?id=eq.base2-15 "HTTP/1.1 204 No Content"
2026-06-11 15:56:46,876 [INFO] HTTP Request: PATCH https://vpfjmgefygjhabuizdsq.supabase.co/rest/v1/pokemon_cards?id=eq.base2-16 "HTTP/1.1 204 No Content"
2026-06-11 15:56:46,986 [INFO] HTTP Request: PATCH https://vpfjmgefygjhabuizdsq.supabase.co/rest/v1/pokemon_cards?id=eq.base2-17 "HTTP/1.1 204 No Content"
2026-06-11 15:56:46,987 [INFO]   ✅ Batch 50 kartu di-upsert (total berhasil: 100)
2026-06-11 15:56:47,536 [INFO] HTTP Request: GET https://prices.pokemontcg.io/tcgplayer/base2-18 "HTTP/1.1 302 Found"
2026-06-11 15:56:47,977 [INFO] HTTP Request: GET https://prices.pokemontcg.io/tcgplayer/base2-19 "HTTP/1.1 302 Found"
2026-06-11 15:56:48,412 [INFO] HTTP Request: GET https://prices.pokemontcg.io/tcgplayer/base2-2 "HTTP/1.1 302 Found"
2026-06-11 15:56:48,856 [INFO] HTTP Request: GET https://prices.pokemontcg.io/tcgplayer/base2-20 "HTTP/1.1 302 Found"
2026-06-11 15:56:49,326 [INFO] HTTP Request: GET https://prices.pokemontcg.io/tcgplayer/base2-21 "HTTP/1.1 302 Found"
2026-06-11 15:56:50,564 [INFO] HTTP Request: GET https://prices.pokemontcg.io/tcgplayer/base2-22 "HTTP/1.1 302 Found"
2026-06-11 15:56:50,995 [INFO] HTTP Request: GET https://prices.pokemontcg.io/tcgplayer/base2-23 "HTTP/1.1 302 Found"
2026-06-11 15:56:51,486 [INFO] HTTP Request: GET https://prices.pokemontcg.io/tcgplayer/base2-24 "HTTP/1.1 302 Found"
2026-06-11 15:56:51,942 [INFO] HTTP Request: GET https://prices.pokemontcg.io/tcgplayer/base2-25 "HTTP/1.1 302 Found"
2026-06-11 15:56:52,386 [INFO] HTTP Request: GET https://prices.pokemontcg.io/tcgplayer/base2-26 "HTTP/1.1 302 Found"
2026-06-11 15:56:53,470 [INFO] HTTP Request: GET https://prices.pokemontcg.io/tcgplayer/base2-27 "HTTP/1.1 302 Found"
2026-06-11 15:56:53,954 [INFO] HTTP Request: GET https://prices.pokemontcg.io/tcgplayer/base2-28 "HTTP/1.1 302 Found"
2026-06-11 15:56:54,386 [INFO] HTTP Request: GET https://prices.pokemontcg.io/tcgplayer/base2-29 "HTTP/1.1 302 Found"
2026-06-11 15:56:54,807 [INFO] HTTP Request: GET https://prices.pokemontcg.io/tcgplayer/base2-3 "HTTP/1.1 302 Found"
2026-06-11 15:56:55,329 [INFO] HTTP Request: GET https://prices.pokemontcg.io/tcgplayer/base2-30 "HTTP/1.1 302 Found"
2026-06-11 15:56:59,280 [INFO] HTTP Request: GET https://prices.pokemontcg.io/tcgplayer/base2-31 "HTTP/1.1 302 Found"
2026-06-11 15:57:02,501 [INFO] HTTP Request: GET https://prices.pokemontcg.io/tcgplayer/base2-32 "HTTP/1.1 302 Found"
2026-06-11 15:57:03,069 [INFO] HTTP Request: GET https://prices.pokemontcg.io/tcgplayer/base2-33 "HTTP/1.1 302 Found"
2026-06-11 15:57:03,554 [INFO] HTTP Request: GET https://prices.pokemontcg.io/tcgplayer/base2-34 "HTTP/1.1 302 Found"
2026-06-11 15:57:03,998 [INFO] HTTP Request: GET https://prices.pokemontcg.io/tcgplayer/base2-35 "HTTP/1.1 302 Found"
2026-06-11 15:57:04,447 [INFO] HTTP Request: GET https://prices.pokemontcg.io/tcgplayer/base2-36 "HTTP/1.1 302 Found"
2026-06-11 15:57:04,895 [INFO] HTTP Request: GET https://prices.pokemontcg.io/tcgplayer/base2-37 "HTTP/1.1 302 Found"
2026-06-11 15:57:05,324 [INFO] HTTP Request: GET https://prices.pokemontcg.io/tcgplayer/base2-38 "HTTP/1.1 302 Found"
2026-06-11 15:57:06,100 [INFO] HTTP Request: GET https://prices.pokemontcg.io/tcgplayer/base2-39 "HTTP/1.1 302 Found"
2026-06-11 15:57:07,146 [INFO] HTTP Request: GET https://prices.pokemontcg.io/tcgplayer/base2-4 "HTTP/1.1 302 Found"
2026-06-11 15:57:10,113 [INFO] HTTP Request: GET https://prices.pokemontcg.io/tcgplayer/base2-40 "HTTP/1.1 302 Found"
2026-06-11 15:57:12,075 [INFO] HTTP Request: GET https://prices.pokemontcg.io/tcgplayer/base2-41 "HTTP/1.1 302 Found"
2026-06-11 15:57:13,202 [INFO] HTTP Request: GET https://prices.pokemontcg.io/tcgplayer/base2-42 "HTTP/1.1 302 Found"
2026-06-11 15:57:13,653 [INFO] HTTP Request: GET https://prices.pokemontcg.io/tcgplayer/base2-43 "HTTP/1.1 302 Found"
2026-06-11 15:57:15,224 [INFO] HTTP Request: GET https://prices.pokemontcg.io/tcgplayer/base2-44 "HTTP/1.1 302 Found"
2026-06-11 15:57:15,670 [INFO] HTTP Request: GET https://prices.pokemontcg.io/tcgplayer/base2-45 "HTTP/1.1 302 Found"
2026-06-11 15:57:21,422 [INFO] HTTP Request: GET https://prices.pokemontcg.io/tcgplayer/base2-46 "HTTP/1.1 302 Found"
2026-06-11 15:57:22,268 [INFO] HTTP Request: GET https://prices.pokemontcg.io/tcgplayer/base2-47 "HTTP/1.1 302 Found"
2026-06-11 15:57:22,719 [INFO] HTTP Request: GET https://prices.pokemontcg.io/tcgplayer/base2-48 "HTTP/1.1 302 Found"
2026-06-11 15:57:23,152 [INFO] HTTP Request: GET https://prices.pokemontcg.io/tcgplayer/base2-49 "HTTP/1.1 302 Found"
2026-06-11 15:57:24,103 [INFO] HTTP Request: GET https://prices.pokemontcg.io/tcgplayer/base2-5 "HTTP/1.1 302 Found"
2026-06-11 15:57:24,540 [INFO] HTTP Request: GET https://prices.pokemontcg.io/tcgplayer/base2-50 "HTTP/1.1 302 Found"
2026-06-11 15:57:25,036 [INFO] HTTP Request: GET https://prices.pokemontcg.io/tcgplayer/base2-51 "HTTP/1.1 302 Found"
2026-06-11 15:57:25,489 [INFO] HTTP Request: GET https://prices.pokemontcg.io/tcgplayer/base2-52 "HTTP/1.1 302 Found"
2026-06-11 15:57:25,952 [INFO] HTTP Request: GET https://prices.pokemontcg.io/tcgplayer/base2-53 "HTTP/1.1 302 Found"
2026-06-11 15:57:26,547 [INFO] HTTP Request: GET https://prices.pokemontcg.io/tcgplayer/base2-54 "HTTP/1.1 302 Found"
2026-06-11 15:57:26,965 [INFO] HTTP Request: GET https://prices.pokemontcg.io/tcgplayer/base2-55 "HTTP/1.1 302 Found"
2026-06-11 15:57:27,390 [INFO] HTTP Request: GET https://prices.pokemontcg.io/tcgplayer/base2-56 "HTTP/1.1 302 Found"
2026-06-11 15:57:27,822 [INFO] HTTP Request: GET https://prices.pokemontcg.io/tcgplayer/base2-57 "HTTP/1.1 302 Found"
2026-06-11 15:57:28,275 [INFO] HTTP Request: GET https://prices.pokemontcg.io/tcgplayer/base2-58 "HTTP/1.1 302 Found"
2026-06-11 15:57:28,721 [INFO] HTTP Request: GET https://prices.pokemontcg.io/tcgplayer/base2-59 "HTTP/1.1 302 Found"
2026-06-11 15:57:29,195 [INFO] HTTP Request: GET https://prices.pokemontcg.io/tcgplayer/base2-6 "HTTP/1.1 302 Found"
2026-06-11 15:57:29,620 [INFO] HTTP Request: GET https://prices.pokemontcg.io/tcgplayer/base2-60 "HTTP/1.1 302 Found"
2026-06-11 15:57:30,052 [INFO] HTTP Request: GET https://prices.pokemontcg.io/tcgplayer/base2-61 "HTTP/1.1 302 Found"
2026-06-11 15:57:30,501 [INFO] HTTP Request: GET https://prices.pokemontcg.io/tcgplayer/base2-62 "HTTP/1.1 302 Found"
2026-06-11 15:57:30,890 [INFO] HTTP Request: PATCH https://vpfjmgefygjhabuizdsq.supabase.co/rest/v1/pokemon_cards?id=eq.base2-18 "HTTP/1.1 204 No Content"
2026-06-11 15:57:31,003 [INFO] HTTP Request: PATCH https://vpfjmgefygjhabuizdsq.supabase.co/rest/v1/pokemon_cards?id=eq.base2-19 "HTTP/1.1 204 No Content"
2026-06-11 15:57:31,114 [INFO] HTTP Request: PATCH https://vpfjmgefygjhabuizdsq.supabase.co/rest/v1/pokemon_cards?id=eq.base2-2 "HTTP/1.1 204 No Content"
2026-06-11 15:57:31,224 [INFO] HTTP Request: PATCH https://vpfjmgefygjhabuizdsq.supabase.co/rest/v1/pokemon_cards?id=eq.base2-20 "HTTP/1.1 204 No Content"
2026-06-11 15:57:31,332 [INFO] HTTP Request: PATCH https://vpfjmgefygjhabuizdsq.supabase.co/rest/v1/pokemon_cards?id=eq.base2-21 "HTTP/1.1 204 No Content"
2026-06-11 15:57:31,442 [INFO] HTTP Request: PATCH https://vpfjmgefygjhabuizdsq.supabase.co/rest/v1/pokemon_cards?id=eq.base2-22 "HTTP/1.1 204 No Content"
2026-06-11 15:57:31,551 [INFO] HTTP Request: PATCH https://vpfjmgefygjhabuizdsq.supabase.co/rest/v1/pokemon_cards?id=eq.base2-23 "HTTP/1.1 204 No Content"
2026-06-11 15:57:31,701 [INFO] HTTP Request: PATCH https://vpfjmgefygjhabuizdsq.supabase.co/rest/v1/pokemon_cards?id=eq.base2-24 "HTTP/1.1 204 No Content"
2026-06-11 15:57:31,813 [INFO] HTTP Request: PATCH https://vpfjmgefygjhabuizdsq.supabase.co/rest/v1/pokemon_cards?id=eq.base2-25 "HTTP/1.1 204 No Content"
2026-06-11 15:57:31,927 [INFO] HTTP Request: PATCH https://vpfjmgefygjhabuizdsq.supabase.co/rest/v1/pokemon_cards?id=eq.base2-26 "HTTP/1.1 204 No Content"
2026-06-11 15:57:32,039 [INFO] HTTP Request: PATCH https://vpfjmgefygjhabuizdsq.supabase.co/rest/v1/pokemon_cards?id=eq.base2-27 "HTTP/1.1 204 No Content"
2026-06-11 15:57:32,152 [INFO] HTTP Request: PATCH https://vpfjmgefygjhabuizdsq.supabase.co/rest/v1/pokemon_cards?id=eq.base2-28 "HTTP/1.1 204 No Content"
2026-06-11 15:57:32,260 [INFO] HTTP Request: PATCH https://vpfjmgefygjhabuizdsq.supabase.co/rest/v1/pokemon_cards?id=eq.base2-29 "HTTP/1.1 204 No Content"
2026-06-11 15:57:32,379 [INFO] HTTP Request: PATCH https://vpfjmgefygjhabuizdsq.supabase.co/rest/v1/pokemon_cards?id=eq.base2-3 "HTTP/1.1 204 No Content"
2026-06-11 15:57:32,488 [INFO] HTTP Request: PATCH https://vpfjmgefygjhabuizdsq.supabase.co/rest/v1/pokemon_cards?id=eq.base2-30 "HTTP/1.1 204 No Content"
2026-06-11 15:57:32,610 [INFO] HTTP Request: PATCH https://vpfjmgefygjhabuizdsq.supabase.co/rest/v1/pokemon_cards?id=eq.base2-31 "HTTP/1.1 204 No Content"
2026-06-11 15:57:32,757 [INFO] HTTP Request: PATCH https://vpfjmgefygjhabuizdsq.supabase.co/rest/v1/pokemon_cards?id=eq.base2-32 "HTTP/1.1 204 No Content"
2026-06-11 15:57:32,868 [INFO] HTTP Request: PATCH https://vpfjmgefygjhabuizdsq.supabase.co/rest/v1/pokemon_cards?id=eq.base2-33 "HTTP/1.1 204 No Content"
2026-06-11 15:57:32,979 [INFO] HTTP Request: PATCH https://vpfjmgefygjhabuizdsq.supabase.co/rest/v1/pokemon_cards?id=eq.base2-34 "HTTP/1.1 204 No Content"
2026-06-11 15:57:33,090 [INFO] HTTP Request: PATCH https://vpfjmgefygjhabuizdsq.supabase.co/rest/v1/pokemon_cards?id=eq.base2-35 "HTTP/1.1 204 No Content"
2026-06-11 15:57:33,200 [INFO] HTTP Request: PATCH https://vpfjmgefygjhabuizdsq.supabase.co/rest/v1/pokemon_cards?id=eq.base2-36 "HTTP/1.1 204 No Content"
2026-06-11 15:57:33,305 [INFO] HTTP Request: PATCH https://vpfjmgefygjhabuizdsq.supabase.co/rest/v1/pokemon_cards?id=eq.base2-37 "HTTP/1.1 204 No Content"
2026-06-11 15:57:33,418 [INFO] HTTP Request: PATCH https://vpfjmgefygjhabuizdsq.supabase.co/rest/v1/pokemon_cards?id=eq.base2-38 "HTTP/1.1 204 No Content"
2026-06-11 15:57:33,549 [INFO] HTTP Request: PATCH https://vpfjmgefygjhabuizdsq.supabase.co/rest/v1/pokemon_cards?id=eq.base2-39 "HTTP/1.1 204 No Content"
2026-06-11 15:57:33,664 [INFO] HTTP Request: PATCH https://vpfjmgefygjhabuizdsq.supabase.co/rest/v1/pokemon_cards?id=eq.base2-4 "HTTP/1.1 204 No Content"
2026-06-11 15:57:33,796 [INFO] HTTP Request: PATCH https://vpfjmgefygjhabuizdsq.supabase.co/rest/v1/pokemon_cards?id=eq.base2-40 "HTTP/1.1 204 No Content"
2026-06-11 15:57:33,905 [INFO] HTTP Request: PATCH https://vpfjmgefygjhabuizdsq.supabase.co/rest/v1/pokemon_cards?id=eq.base2-41 "HTTP/1.1 204 No Content"
2026-06-11 15:57:34,018 [INFO] HTTP Request: PATCH https://vpfjmgefygjhabuizdsq.supabase.co/rest/v1/pokemon_cards?id=eq.base2-42 "HTTP/1.1 204 No Content"
2026-06-11 15:57:34,129 [INFO] HTTP Request: PATCH https://vpfjmgefygjhabuizdsq.supabase.co/rest/v1/pokemon_cards?id=eq.base2-43 "HTTP/1.1 204 No Content"
2026-06-11 15:57:34,242 [INFO] HTTP Request: PATCH https://vpfjmgefygjhabuizdsq.supabase.co/rest/v1/pokemon_cards?id=eq.base2-44 "HTTP/1.1 204 No Content"
2026-06-11 15:57:34,358 [INFO] HTTP Request: PATCH https://vpfjmgefygjhabuizdsq.supabase.co/rest/v1/pokemon_cards?id=eq.base2-45 "HTTP/1.1 204 No Content"
2026-06-11 15:57:34,474 [INFO] HTTP Request: PATCH https://vpfjmgefygjhabuizdsq.supabase.co/rest/v1/pokemon_cards?id=eq.base2-46 "HTTP/1.1 204 No Content"
2026-06-11 15:57:34,583 [INFO] HTTP Request: PATCH https://vpfjmgefygjhabuizdsq.supabase.co/rest/v1/pokemon_cards?id=eq.base2-47 "HTTP/1.1 204 No Content"
2026-06-11 15:57:34,688 [INFO] HTTP Request: PATCH https://vpfjmgefygjhabuizdsq.supabase.co/rest/v1/pokemon_cards?id=eq.base2-48 "HTTP/1.1 204 No Content"
2026-06-11 15:57:34,857 [INFO] HTTP Request: PATCH https://vpfjmgefygjhabuizdsq.supabase.co/rest/v1/pokemon_cards?id=eq.base2-49 "HTTP/1.1 204 No Content"
2026-06-11 15:57:34,970 [INFO] HTTP Request: PATCH https://vpfjmgefygjhabuizdsq.supabase.co/rest/v1/pokemon_cards?id=eq.base2-5 "HTTP/1.1 204 No Content"
2026-06-11 15:57:35,080 [INFO] HTTP Request: PATCH https://vpfjmgefygjhabuizdsq.supabase.co/rest/v1/pokemon_cards?id=eq.base2-50 "HTTP/1.1 204 No Content"
2026-06-11 15:57:35,190 [INFO] HTTP Request: PATCH https://vpfjmgefygjhabuizdsq.supabase.co/rest/v1/pokemon_cards?id=eq.base2-51 "HTTP/1.1 204 No Content"
2026-06-11 15:57:35,303 [INFO] HTTP Request: PATCH https://vpfjmgefygjhabuizdsq.supabase.co/rest/v1/pokemon_cards?id=eq.base2-52 "HTTP/1.1 204 No Content"
2026-06-11 15:57:35,411 [INFO] HTTP Request: PATCH https://vpfjmgefygjhabuizdsq.supabase.co/rest/v1/pokemon_cards?id=eq.base2-53 "HTTP/1.1 204 No Content"
2026-06-11 15:57:35,518 [INFO] HTTP Request: PATCH https://vpfjmgefygjhabuizdsq.supabase.co/rest/v1/pokemon_cards?id=eq.base2-54 "HTTP/1.1 204 No Content"
2026-06-11 15:57:35,625 [INFO] HTTP Request: PATCH https://vpfjmgefygjhabuizdsq.supabase.co/rest/v1/pokemon_cards?id=eq.base2-55 "HTTP/1.1 204 No Content"
2026-06-11 15:57:35,738 [INFO] HTTP Request: PATCH https://vpfjmgefygjhabuizdsq.supabase.co/rest/v1/pokemon_cards?id=eq.base2-56 "HTTP/1.1 204 No Content"
2026-06-11 15:57:35,897 [INFO] HTTP Request: PATCH https://vpfjmgefygjhabuizdsq.supabase.co/rest/v1/pokemon_cards?id=eq.base2-57 "HTTP/1.1 204 No Content"
2026-06-11 15:57:36,005 [INFO] HTTP Request: PATCH https://vpfjmgefygjhabuizdsq.supabase.co/rest/v1/pokemon_cards?id=eq.base2-58 "HTTP/1.1 204 No Content"
2026-06-11 15:57:36,125 [INFO] HTTP Request: PATCH https://vpfjmgefygjhabuizdsq.supabase.co/rest/v1/pokemon_cards?id=eq.base2-59 "HTTP/1.1 204 No Content"
2026-06-11 15:57:36,237 [INFO] HTTP Request: PATCH https://vpfjmgefygjhabuizdsq.supabase.co/rest/v1/pokemon_cards?id=eq.base2-6 "HTTP/1.1 204 No Content"
2026-06-11 15:57:36,344 [INFO] HTTP Request: PATCH https://vpfjmgefygjhabuizdsq.supabase.co/rest/v1/pokemon_cards?id=eq.base2-60 "HTTP/1.1 204 No Content"
2026-06-11 15:57:36,459 [INFO] HTTP Request: PATCH https://vpfjmgefygjhabuizdsq.supabase.co/rest/v1/pokemon_cards?id=eq.base2-61 "HTTP/1.1 204 No Content"
2026-06-11 15:57:36,568 [INFO] HTTP Request: PATCH https://vpfjmgefygjhabuizdsq.supabase.co/rest/v1/pokemon_cards?id=eq.base2-62 "HTTP/1.1 204 No Content"
2026-06-11 15:57:36,569 [INFO]   ✅ Batch 50 kartu di-upsert (total berhasil: 150)
2026-06-11 15:57:37,130 [INFO] HTTP Request: GET https://prices.pokemontcg.io/tcgplayer/base2-63 "HTTP/1.1 302 Found"
2026-06-11 15:57:37,572 [INFO] HTTP Request: GET https://prices.pokemontcg.io/tcgplayer/base2-64 "HTTP/1.1 302 Found"
2026-06-11 15:57:38,003 [INFO] HTTP Request: GET https://prices.pokemontcg.io/tcgplayer/base2-7 "HTTP/1.1 302 Found"
2026-06-11 15:57:38,455 [INFO] HTTP Request: GET https://prices.pokemontcg.io/tcgplayer/base2-8 "HTTP/1.1 302 Found"
2026-06-11 15:57:38,894 [INFO] HTTP Request: GET https://prices.pokemontcg.io/tcgplayer/base2-9 "HTTP/1.1 302 Found"
2026-06-11 15:57:39,513 [INFO] HTTP Request: GET https://prices.pokemontcg.io/tcgplayer/base3-1 "HTTP/1.1 302 Found"
2026-06-11 15:57:39,948 [INFO] HTTP Request: GET https://prices.pokemontcg.io/tcgplayer/base3-10 "HTTP/1.1 302 Found"
2026-06-11 15:57:40,404 [INFO] HTTP Request: GET https://prices.pokemontcg.io/tcgplayer/base3-11 "HTTP/1.1 302 Found"
2026-06-11 15:57:40,832 [INFO] HTTP Request: GET https://prices.pokemontcg.io/tcgplayer/base3-12 "HTTP/1.1 302 Found"
2026-06-11 15:57:41,281 [INFO] HTTP Request: GET https://prices.pokemontcg.io/tcgplayer/base3-13 "HTTP/1.1 302 Found"
2026-06-11 15:57:42,188 [INFO] HTTP Request: GET https://prices.pokemontcg.io/tcgplayer/base3-14 "HTTP/1.1 302 Found"
2026-06-11 15:57:42,611 [INFO] HTTP Request: GET https://prices.pokemontcg.io/tcgplayer/base3-15 "HTTP/1.1 302 Found"
2026-06-11 15:57:43,043 [INFO] HTTP Request: GET https://prices.pokemontcg.io/tcgplayer/base3-16 "HTTP/1.1 302 Found"
2026-06-11 15:57:44,826 [INFO] HTTP Request: GET https://prices.pokemontcg.io/tcgplayer/base3-17 "HTTP/1.1 302 Found"
2026-06-11 15:57:45,334 [INFO] HTTP Request: GET https://prices.pokemontcg.io/tcgplayer/base3-18 "HTTP/1.1 302 Found"
2026-06-11 15:57:47,100 [INFO] HTTP Request: GET https://prices.pokemontcg.io/tcgplayer/base3-19 "HTTP/1.1 302 Found"
2026-06-11 15:57:47,591 [INFO] HTTP Request: GET https://prices.pokemontcg.io/tcgplayer/base3-2 "HTTP/1.1 302 Found"
2026-06-11 15:57:48,045 [INFO] HTTP Request: GET https://prices.pokemontcg.io/tcgplayer/base3-20 "HTTP/1.1 302 Found"
2026-06-11 15:57:48,481 [INFO] HTTP Request: GET https://prices.pokemontcg.io/tcgplayer/base3-21 "HTTP/1.1 302 Found"
2026-06-11 15:57:48,949 [INFO] HTTP Request: GET https://prices.pokemontcg.io/tcgplayer/base3-22 "HTTP/1.1 302 Found"
2026-06-11 15:57:49,530 [INFO] HTTP Request: GET https://prices.pokemontcg.io/tcgplayer/base3-23 "HTTP/1.1 302 Found"
2026-06-11 15:57:49,956 [INFO] HTTP Request: GET https://prices.pokemontcg.io/tcgplayer/base3-24 "HTTP/1.1 302 Found"
2026-06-11 15:57:50,386 [INFO] HTTP Request: GET https://prices.pokemontcg.io/tcgplayer/base3-25 "HTTP/1.1 302 Found"
2026-06-11 15:57:50,913 [INFO] HTTP Request: GET https://prices.pokemontcg.io/tcgplayer/base3-26 "HTTP/1.1 302 Found"
2026-06-11 15:57:51,352 [INFO] HTTP Request: GET https://prices.pokemontcg.io/tcgplayer/base3-27 "HTTP/1.1 302 Found"
2026-06-11 15:57:51,786 [INFO] HTTP Request: GET https://prices.pokemontcg.io/tcgplayer/base3-28 "HTTP/1.1 302 Found"
2026-06-11 15:57:52,227 [INFO] HTTP Request: GET https://prices.pokemontcg.io/tcgplayer/base3-29 "HTTP/1.1 302 Found"
2026-06-11 15:58:05,955 [INFO] HTTP Request: GET https://prices.pokemontcg.io/tcgplayer/base3-3 "HTTP/1.1 302 Found"
2026-06-11 15:58:06,502 [INFO] HTTP Request: GET https://prices.pokemontcg.io/tcgplayer/base3-30 "HTTP/1.1 302 Found"
2026-06-11 15:58:07,878 [INFO] HTTP Request: GET https://prices.pokemontcg.io/tcgplayer/base3-31 "HTTP/1.1 302 Found"
2026-06-11 15:58:08,630 [INFO] HTTP Request: GET https://prices.pokemontcg.io/tcgplayer/base3-32 "HTTP/1.1 302 Found"
2026-06-11 15:58:09,085 [INFO] HTTP Request: GET https://prices.pokemontcg.io/tcgplayer/base3-33 "HTTP/1.1 302 Found"
2026-06-11 15:58:09,538 [INFO] HTTP Request: GET https://prices.pokemontcg.io/tcgplayer/base3-34 "HTTP/1.1 302 Found"
2026-06-11 15:58:09,998 [INFO] HTTP Request: GET https://prices.pokemontcg.io/tcgplayer/base3-35 "HTTP/1.1 302 Found"
2026-06-11 15:58:10,501 [INFO] HTTP Request: GET https://prices.pokemontcg.io/tcgplayer/base3-36 "HTTP/1.1 302 Found"
2026-06-11 15:58:22,034 [INFO] HTTP Request: GET https://prices.pokemontcg.io/tcgplayer/base3-37 "HTTP/1.1 302 Found"
2026-06-11 15:58:22,460 [INFO] HTTP Request: GET https://prices.pokemontcg.io/tcgplayer/base3-38 "HTTP/1.1 302 Found"
2026-06-11 15:58:22,929 [INFO] HTTP Request: GET https://prices.pokemontcg.io/tcgplayer/base3-39 "HTTP/1.1 302 Found"
2026-06-11 15:58:23,437 [INFO] HTTP Request: GET https://prices.pokemontcg.io/tcgplayer/base3-4 "HTTP/1.1 302 Found"
2026-06-11 15:58:23,906 [INFO] HTTP Request: GET https://prices.pokemontcg.io/tcgplayer/base3-40 "HTTP/1.1 302 Found"
2026-06-11 15:58:24,358 [INFO] HTTP Request: GET https://prices.pokemontcg.io/tcgplayer/base3-41 "HTTP/1.1 302 Found"
2026-06-11 15:58:24,787 [INFO] HTTP Request: GET https://prices.pokemontcg.io/tcgplayer/base3-42 "HTTP/1.1 302 Found"
2026-06-11 15:58:25,222 [INFO] HTTP Request: GET https://prices.pokemontcg.io/tcgplayer/base3-43 "HTTP/1.1 302 Found"
2026-06-11 15:58:25,658 [INFO] HTTP Request: GET https://prices.pokemontcg.io/tcgplayer/base3-44 "HTTP/1.1 302 Found"
2026-06-11 15:58:26,114 [INFO] HTTP Request: GET https://prices.pokemontcg.io/tcgplayer/base3-45 "HTTP/1.1 302 Found"
2026-06-11 15:58:26,761 [INFO] HTTP Request: GET https://prices.pokemontcg.io/tcgplayer/base3-46 "HTTP/1.1 302 Found"
2026-06-11 15:58:27,567 [INFO] HTTP Request: GET https://prices.pokemontcg.io/tcgplayer/base3-47 "HTTP/1.1 302 Found"
2026-06-11 15:58:28,325 [INFO] HTTP Request: GET https://prices.pokemontcg.io/tcgplayer/base3-48 "HTTP/1.1 302 Found"
2026-06-11 15:58:28,757 [INFO] HTTP Request: GET https://prices.pokemontcg.io/tcgplayer/base3-49 "HTTP/1.1 302 Found"
2026-06-11 15:58:29,219 [INFO] HTTP Request: GET https://prices.pokemontcg.io/tcgplayer/base3-5 "HTTP/1.1 302 Found"
2026-06-11 15:58:29,577 [INFO] HTTP Request: PATCH https://vpfjmgefygjhabuizdsq.supabase.co/rest/v1/pokemon_cards?id=eq.base2-63 "HTTP/1.1 204 No Content"
2026-06-11 15:58:29,687 [INFO] HTTP Request: PATCH https://vpfjmgefygjhabuizdsq.supabase.co/rest/v1/pokemon_cards?id=eq.base2-64 "HTTP/1.1 204 No Content"
2026-06-11 15:58:29,812 [INFO] HTTP Request: PATCH https://vpfjmgefygjhabuizdsq.supabase.co/rest/v1/pokemon_cards?id=eq.base2-7 "HTTP/1.1 204 No Content"
2026-06-11 15:58:29,925 [INFO] HTTP Request: PATCH https://vpfjmgefygjhabuizdsq.supabase.co/rest/v1/pokemon_cards?id=eq.base2-8 "HTTP/1.1 204 No Content"
2026-06-11 15:58:30,047 [INFO] HTTP Request: PATCH https://vpfjmgefygjhabuizdsq.supabase.co/rest/v1/pokemon_cards?id=eq.base2-9 "HTTP/1.1 204 No Content"
2026-06-11 15:58:30,162 [INFO] HTTP Request: PATCH https://vpfjmgefygjhabuizdsq.supabase.co/rest/v1/pokemon_cards?id=eq.base3-1 "HTTP/1.1 204 No Content"
2026-06-11 15:58:30,283 [INFO] HTTP Request: PATCH https://vpfjmgefygjhabuizdsq.supabase.co/rest/v1/pokemon_cards?id=eq.base3-10 "HTTP/1.1 204 No Content"
2026-06-11 15:58:30,427 [INFO] HTTP Request: PATCH https://vpfjmgefygjhabuizdsq.supabase.co/rest/v1/pokemon_cards?id=eq.base3-11 "HTTP/1.1 204 No Content"
2026-06-11 15:58:30,537 [INFO] HTTP Request: PATCH https://vpfjmgefygjhabuizdsq.supabase.co/rest/v1/pokemon_cards?id=eq.base3-12 "HTTP/1.1 204 No Content"
2026-06-11 15:58:30,655 [INFO] HTTP Request: PATCH https://vpfjmgefygjhabuizdsq.supabase.co/rest/v1/pokemon_cards?id=eq.base3-13 "HTTP/1.1 204 No Content"
2026-06-11 15:58:30,767 [INFO] HTTP Request: PATCH https://vpfjmgefygjhabuizdsq.supabase.co/rest/v1/pokemon_cards?id=eq.base3-14 "HTTP/1.1 204 No Content"
2026-06-11 15:58:30,899 [INFO] HTTP Request: PATCH https://vpfjmgefygjhabuizdsq.supabase.co/rest/v1/pokemon_cards?id=eq.base3-15 "HTTP/1.1 204 No Content"
2026-06-11 15:58:31,015 [INFO] HTTP Request: PATCH https://vpfjmgefygjhabuizdsq.supabase.co/rest/v1/pokemon_cards?id=eq.base3-16 "HTTP/1.1 204 No Content"
2026-06-11 15:58:31,129 [INFO] HTTP Request: PATCH https://vpfjmgefygjhabuizdsq.supabase.co/rest/v1/pokemon_cards?id=eq.base3-17 "HTTP/1.1 204 No Content"
2026-06-11 15:58:31,246 [INFO] HTTP Request: PATCH https://vpfjmgefygjhabuizdsq.supabase.co/rest/v1/pokemon_cards?id=eq.base3-18 "HTTP/1.1 204 No Content"
2026-06-11 15:58:31,357 [INFO] HTTP Request: PATCH https://vpfjmgefygjhabuizdsq.supabase.co/rest/v1/pokemon_cards?id=eq.base3-19 "HTTP/1.1 204 No Content"
2026-06-11 15:58:31,480 [INFO] HTTP Request: PATCH https://vpfjmgefygjhabuizdsq.supabase.co/rest/v1/pokemon_cards?id=eq.base3-2 "HTTP/1.1 204 No Content"
2026-06-11 15:58:31,590 [INFO] HTTP Request: PATCH https://vpfjmgefygjhabuizdsq.supabase.co/rest/v1/pokemon_cards?id=eq.base3-20 "HTTP/1.1 204 No Content"
2026-06-11 15:58:31,722 [INFO] HTTP Request: PATCH https://vpfjmgefygjhabuizdsq.supabase.co/rest/v1/pokemon_cards?id=eq.base3-21 "HTTP/1.1 204 No Content"
2026-06-11 15:58:31,842 [INFO] HTTP Request: PATCH https://vpfjmgefygjhabuizdsq.supabase.co/rest/v1/pokemon_cards?id=eq.base3-22 "HTTP/1.1 204 No Content"
2026-06-11 15:58:31,954 [INFO] HTTP Request: PATCH https://vpfjmgefygjhabuizdsq.supabase.co/rest/v1/pokemon_cards?id=eq.base3-23 "HTTP/1.1 204 No Content"
2026-06-11 15:58:32,069 [INFO] HTTP Request: PATCH https://vpfjmgefygjhabuizdsq.supabase.co/rest/v1/pokemon_cards?id=eq.base3-24 "HTTP/1.1 204 No Content"
2026-06-11 15:58:32,180 [INFO] HTTP Request: PATCH https://vpfjmgefygjhabuizdsq.supabase.co/rest/v1/pokemon_cards?id=eq.base3-25 "HTTP/1.1 204 No Content"
2026-06-11 15:58:32,290 [INFO] HTTP Request: PATCH https://vpfjmgefygjhabuizdsq.supabase.co/rest/v1/pokemon_cards?id=eq.base3-26 "HTTP/1.1 204 No Content"
2026-06-11 15:58:32,406 [INFO] HTTP Request: PATCH https://vpfjmgefygjhabuizdsq.supabase.co/rest/v1/pokemon_cards?id=eq.base3-27 "HTTP/1.1 204 No Content"
2026-06-11 15:58:32,522 [INFO] HTTP Request: PATCH https://vpfjmgefygjhabuizdsq.supabase.co/rest/v1/pokemon_cards?id=eq.base3-28 "HTTP/1.1 204 No Content"
2026-06-11 15:58:32,630 [INFO] HTTP Request: PATCH https://vpfjmgefygjhabuizdsq.supabase.co/rest/v1/pokemon_cards?id=eq.base3-29 "HTTP/1.1 204 No Content"
2026-06-11 15:58:32,759 [INFO] HTTP Request: PATCH https://vpfjmgefygjhabuizdsq.supabase.co/rest/v1/pokemon_cards?id=eq.base3-3 "HTTP/1.1 204 No Content"
2026-06-11 15:58:32,870 [INFO] HTTP Request: PATCH https://vpfjmgefygjhabuizdsq.supabase.co/rest/v1/pokemon_cards?id=eq.base3-30 "HTTP/1.1 204 No Content"
2026-06-11 15:58:32,983 [INFO] HTTP Request: PATCH https://vpfjmgefygjhabuizdsq.supabase.co/rest/v1/pokemon_cards?id=eq.base3-31 "HTTP/1.1 204 No Content"
2026-06-11 15:58:33,092 [INFO] HTTP Request: PATCH https://vpfjmgefygjhabuizdsq.supabase.co/rest/v1/pokemon_cards?id=eq.base3-32 "HTTP/1.1 204 No Content"
2026-06-11 15:58:33,203 [INFO] HTTP Request: PATCH https://vpfjmgefygjhabuizdsq.supabase.co/rest/v1/pokemon_cards?id=eq.base3-33 "HTTP/1.1 204 No Content"
2026-06-11 15:58:33,313 [INFO] HTTP Request: PATCH https://vpfjmgefygjhabuizdsq.supabase.co/rest/v1/pokemon_cards?id=eq.base3-34 "HTTP/1.1 204 No Content"
2026-06-11 15:58:33,425 [INFO] HTTP Request: PATCH https://vpfjmgefygjhabuizdsq.supabase.co/rest/v1/pokemon_cards?id=eq.base3-35 "HTTP/1.1 204 No Content"
2026-06-11 15:58:33,582 [INFO] HTTP Request: PATCH https://vpfjmgefygjhabuizdsq.supabase.co/rest/v1/pokemon_cards?id=eq.base3-36 "HTTP/1.1 204 No Content"
2026-06-11 15:58:33,699 [INFO] HTTP Request: PATCH https://vpfjmgefygjhabuizdsq.supabase.co/rest/v1/pokemon_cards?id=eq.base3-37 "HTTP/1.1 204 No Content"
2026-06-11 15:58:33,820 [INFO] HTTP Request: PATCH https://vpfjmgefygjhabuizdsq.supabase.co/rest/v1/pokemon_cards?id=eq.base3-38 "HTTP/1.1 204 No Content"
2026-06-11 15:58:33,934 [INFO] HTTP Request: PATCH https://vpfjmgefygjhabuizdsq.supabase.co/rest/v1/pokemon_cards?id=eq.base3-39 "HTTP/1.1 204 No Content"
2026-06-11 15:58:34,065 [INFO] HTTP Request: PATCH https://vpfjmgefygjhabuizdsq.supabase.co/rest/v1/pokemon_cards?id=eq.base3-4 "HTTP/1.1 204 No Content"
2026-06-11 15:58:34,183 [INFO] HTTP Request: PATCH https://vpfjmgefygjhabuizdsq.supabase.co/rest/v1/pokemon_cards?id=eq.base3-40 "HTTP/1.1 204 No Content"
2026-06-11 15:58:34,302 [INFO] HTTP Request: PATCH https://vpfjmgefygjhabuizdsq.supabase.co/rest/v1/pokemon_cards?id=eq.base3-41 "HTTP/1.1 204 No Content"
2026-06-11 15:58:34,418 [INFO] HTTP Request: PATCH https://vpfjmgefygjhabuizdsq.supabase.co/rest/v1/pokemon_cards?id=eq.base3-42 "HTTP/1.1 204 No Content"
2026-06-11 15:58:34,615 [INFO] HTTP Request: PATCH https://vpfjmgefygjhabuizdsq.supabase.co/rest/v1/pokemon_cards?id=eq.base3-43 "HTTP/1.1 204 No Content"
2026-06-11 15:58:34,736 [INFO] HTTP Request: PATCH https://vpfjmgefygjhabuizdsq.supabase.co/rest/v1/pokemon_cards?id=eq.base3-44 "HTTP/1.1 204 No Content"
2026-06-11 15:58:34,852 [INFO] HTTP Request: PATCH https://vpfjmgefygjhabuizdsq.supabase.co/rest/v1/pokemon_cards?id=eq.base3-45 "HTTP/1.1 204 No Content"
2026-06-11 15:58:34,964 [INFO] HTTP Request: PATCH https://vpfjmgefygjhabuizdsq.supabase.co/rest/v1/pokemon_cards?id=eq.base3-46 "HTTP/1.1 204 No Content"
2026-06-11 15:58:35,082 [INFO] HTTP Request: PATCH https://vpfjmgefygjhabuizdsq.supabase.co/rest/v1/pokemon_cards?id=eq.base3-47 "HTTP/1.1 204 No Content"
2026-06-11 15:58:35,206 [INFO] HTTP Request: PATCH https://vpfjmgefygjhabuizdsq.supabase.co/rest/v1/pokemon_cards?id=eq.base3-48 "HTTP/1.1 204 No Content"
2026-06-11 15:58:35,321 [INFO] HTTP Request: PATCH https://vpfjmgefygjhabuizdsq.supabase.co/rest/v1/pokemon_cards?id=eq.base3-49 "HTTP/1.1 204 No Content"
2026-06-11 15:58:35,456 [INFO] HTTP Request: PATCH https://vpfjmgefygjhabuizdsq.supabase.co/rest/v1/pokemon_cards?id=eq.base3-5 "HTTP/1.1 204 No Content"
2026-06-11 15:58:35,456 [INFO]   ✅ Batch 50 kartu di-upsert (total berhasil: 200)
2026-06-11 15:58:36,041 [INFO] HTTP Request: GET https://prices.pokemontcg.io/tcgplayer/base3-50 "HTTP/1.1 302 Found"
2026-06-11 15:58:36,476 [INFO] HTTP Request: GET https://prices.pokemontcg.io/tcgplayer/base3-51 "HTTP/1.1 302 Found"
2026-06-11 15:58:37,046 [INFO] HTTP Request: GET https://prices.pokemontcg.io/tcgplayer/base3-52 "HTTP/1.1 302 Found"
2026-06-11 15:58:37,488 [INFO] HTTP Request: GET https://prices.pokemontcg.io/tcgplayer/base3-53 "HTTP/1.1 302 Found"
2026-06-11 15:58:37,905 [INFO] HTTP Request: GET https://prices.pokemontcg.io/tcgplayer/base3-54 "HTTP/1.1 302 Found"
2026-06-11 15:58:38,364 [INFO] HTTP Request: GET https://prices.pokemontcg.io/tcgplayer/base3-55 "HTTP/1.1 302 Found"
2026-06-11 15:58:38,812 [INFO] HTTP Request: GET https://prices.pokemontcg.io/tcgplayer/base3-56 "HTTP/1.1 302 Found"
2026-06-11 15:58:39,248 [INFO] HTTP Request: GET https://prices.pokemontcg.io/tcgplayer/base3-57 "HTTP/1.1 302 Found"
2026-06-11 15:58:39,666 [INFO] HTTP Request: GET https://prices.pokemontcg.io/tcgplayer/base3-58 "HTTP/1.1 302 Found"
2026-06-11 15:58:40,177 [INFO] HTTP Request: GET https://prices.pokemontcg.io/tcgplayer/base3-59 "HTTP/1.1 302 Found"
2026-06-11 15:58:40,613 [INFO] HTTP Request: GET https://prices.pokemontcg.io/tcgplayer/base3-6 "HTTP/1.1 302 Found"
2026-06-11 15:58:41,061 [INFO] HTTP Request: GET https://prices.pokemontcg.io/tcgplayer/base3-60 "HTTP/1.1 302 Found"
2026-06-11 15:58:58,806 [INFO] HTTP Request: GET https://prices.pokemontcg.io/tcgplayer/base3-61 "HTTP/1.1 302 Found"
2026-06-11 15:58:59,234 [INFO] HTTP Request: GET https://prices.pokemontcg.io/tcgplayer/base3-62 "HTTP/1.1 302 Found"
2026-06-11 15:58:59,869 [INFO] HTTP Request: GET https://prices.pokemontcg.io/tcgplayer/base3-7 "HTTP/1.1 302 Found"
2026-06-11 15:59:00,347 [INFO] HTTP Request: GET https://prices.pokemontcg.io/tcgplayer/base3-8 "HTTP/1.1 302 Found"
2026-06-11 15:59:00,838 [INFO] HTTP Request: GET https://prices.pokemontcg.io/tcgplayer/base3-9 "HTTP/1.1 302 Found"
2026-06-11 15:59:01,285 [INFO] HTTP Request: GET https://prices.pokemontcg.io/tcgplayer/base4-1 "HTTP/1.1 302 Found"
2026-06-11 15:59:01,722 [INFO] HTTP Request: GET https://prices.pokemontcg.io/tcgplayer/base4-10 "HTTP/1.1 302 Found"
2026-06-11 15:59:02,197 [INFO] HTTP Request: GET https://prices.pokemontcg.io/tcgplayer/base4-100 "HTTP/1.1 302 Found"
2026-06-11 15:59:06,740 [INFO] HTTP Request: GET https://prices.pokemontcg.io/tcgplayer/base4-101 "HTTP/1.1 302 Found"
2026-06-11 15:59:20,431 [INFO] HTTP Request: GET https://prices.pokemontcg.io/tcgplayer/base4-102 "HTTP/1.1 302 Found"
2026-06-11 15:59:21,508 [INFO] HTTP Request: GET https://prices.pokemontcg.io/tcgplayer/base4-103 "HTTP/1.1 302 Found"
2026-06-11 15:59:21,923 [INFO] HTTP Request: GET https://prices.pokemontcg.io/tcgplayer/base4-104 "HTTP/1.1 302 Found"
2026-06-11 15:59:25,131 [INFO] HTTP Request: GET https://prices.pokemontcg.io/tcgplayer/base4-105 "HTTP/1.1 302 Found"
2026-06-11 15:59:26,807 [INFO] HTTP Request: GET https://prices.pokemontcg.io/tcgplayer/base4-106 "HTTP/1.1 302 Found"
2026-06-11 15:59:33,917 [INFO] HTTP Request: GET https://prices.pokemontcg.io/tcgplayer/base4-107 "HTTP/1.1 302 Found"
2026-06-11 15:59:34,460 [INFO] HTTP Request: GET https://prices.pokemontcg.io/tcgplayer/base4-108 "HTTP/1.1 302 Found"
2026-06-11 15:59:35,308 [INFO] HTTP Request: GET https://prices.pokemontcg.io/tcgplayer/base4-109 "HTTP/1.1 302 Found"
2026-06-11 15:59:35,819 [INFO] HTTP Request: GET https://prices.pokemontcg.io/tcgplayer/base4-11 "HTTP/1.1 302 Found"
2026-06-11 15:59:36,368 [INFO] HTTP Request: GET https://prices.pokemontcg.io/tcgplayer/base4-110 "HTTP/1.1 302 Found"
2026-06-11 15:59:36,947 [INFO] HTTP Request: GET https://prices.pokemontcg.io/tcgplayer/base4-111 "HTTP/1.1 302 Found"
2026-06-11 15:59:37,375 [INFO] HTTP Request: GET https://prices.pokemontcg.io/tcgplayer/base4-112 "HTTP/1.1 302 Found"
2026-06-11 15:59:37,837 [INFO] HTTP Request: GET https://prices.pokemontcg.io/tcgplayer/base4-113 "HTTP/1.1 302 Found"
2026-06-11 15:59:38,298 [INFO] HTTP Request: GET https://prices.pokemontcg.io/tcgplayer/base4-114 "HTTP/1.1 302 Found"
2026-06-11 15:59:38,798 [INFO] HTTP Request: GET https://prices.pokemontcg.io/tcgplayer/base4-115 "HTTP/1.1 302 Found"
2026-06-11 15:59:40,037 [INFO] HTTP Request: GET https://prices.pokemontcg.io/tcgplayer/base4-116 "HTTP/1.1 302 Found"
2026-06-11 15:59:40,688 [INFO] HTTP Request: GET https://prices.pokemontcg.io/tcgplayer/base4-117 "HTTP/1.1 302 Found"
2026-06-11 15:59:41,934 [INFO] HTTP Request: GET https://prices.pokemontcg.io/tcgplayer/base4-118 "HTTP/1.1 302 Found"
2026-06-11 15:59:42,370 [INFO] HTTP Request: GET https://prices.pokemontcg.io/tcgplayer/base4-119 "HTTP/1.1 302 Found"
2026-06-11 15:59:42,816 [INFO] HTTP Request: GET https://prices.pokemontcg.io/tcgplayer/base4-12 "HTTP/1.1 302 Found"
2026-06-11 15:59:43,314 [INFO] HTTP Request: GET https://prices.pokemontcg.io/tcgplayer/base4-120 "HTTP/1.1 302 Found"
2026-06-11 15:59:44,231 [INFO] HTTP Request: GET https://prices.pokemontcg.io/tcgplayer/base4-121 "HTTP/1.1 302 Found"
2026-06-11 15:59:44,647 [INFO] HTTP Request: GET https://prices.pokemontcg.io/tcgplayer/base4-122 "HTTP/1.1 302 Found"
2026-06-11 15:59:46,851 [INFO] HTTP Request: GET https://prices.pokemontcg.io/tcgplayer/base4-123 "HTTP/1.1 302 Found"
2026-06-11 15:59:47,323 [INFO] HTTP Request: GET https://prices.pokemontcg.io/tcgplayer/base4-124 "HTTP/1.1 302 Found"
2026-06-11 15:59:47,751 [INFO] HTTP Request: GET https://prices.pokemontcg.io/tcgplayer/base4-125 "HTTP/1.1 302 Found"
2026-06-11 15:59:48,415 [INFO] HTTP Request: GET https://prices.pokemontcg.io/tcgplayer/base4-126 "HTTP/1.1 302 Found"
2026-06-11 15:59:48,889 [INFO] HTTP Request: GET https://prices.pokemontcg.io/tcgplayer/base4-127 "HTTP/1.1 302 Found"
2026-06-11 15:59:49,746 [INFO] HTTP Request: GET https://prices.pokemontcg.io/tcgplayer/base4-128 "HTTP/1.1 302 Found"
2026-06-11 15:59:50,116 [INFO] HTTP Request: PATCH https://vpfjmgefygjhabuizdsq.supabase.co/rest/v1/pokemon_cards?id=eq.base3-50 "HTTP/1.1 204 No Content"
2026-06-11 15:59:50,254 [INFO] HTTP Request: PATCH https://vpfjmgefygjhabuizdsq.supabase.co/rest/v1/pokemon_cards?id=eq.base3-51 "HTTP/1.1 204 No Content"
2026-06-11 15:59:50,383 [INFO] HTTP Request: PATCH https://vpfjmgefygjhabuizdsq.supabase.co/rest/v1/pokemon_cards?id=eq.base3-52 "HTTP/1.1 204 No Content"
2026-06-11 15:59:50,491 [INFO] HTTP Request: PATCH https://vpfjmgefygjhabuizdsq.supabase.co/rest/v1/pokemon_cards?id=eq.base3-53 "HTTP/1.1 204 No Content"
2026-06-11 15:59:50,599 [INFO] HTTP Request: PATCH https://vpfjmgefygjhabuizdsq.supabase.co/rest/v1/pokemon_cards?id=eq.base3-54 "HTTP/1.1 204 No Content"
2026-06-11 15:59:50,713 [INFO] HTTP Request: PATCH https://vpfjmgefygjhabuizdsq.supabase.co/rest/v1/pokemon_cards?id=eq.base3-55 "HTTP/1.1 204 No Content"
2026-06-11 15:59:50,820 [INFO] HTTP Request: PATCH https://vpfjmgefygjhabuizdsq.supabase.co/rest/v1/pokemon_cards?id=eq.base3-56 "HTTP/1.1 204 No Content"
2026-06-11 15:59:50,928 [INFO] HTTP Request: PATCH https://vpfjmgefygjhabuizdsq.supabase.co/rest/v1/pokemon_cards?id=eq.base3-57 "HTTP/1.1 204 No Content"
2026-06-11 15:59:51,043 [INFO] HTTP Request: PATCH https://vpfjmgefygjhabuizdsq.supabase.co/rest/v1/pokemon_cards?id=eq.base3-58 "HTTP/1.1 204 No Content"
2026-06-11 15:59:51,177 [INFO] HTTP Request: PATCH https://vpfjmgefygjhabuizdsq.supabase.co/rest/v1/pokemon_cards?id=eq.base3-59 "HTTP/1.1 204 No Content"
2026-06-11 15:59:51,300 [INFO] HTTP Request: PATCH https://vpfjmgefygjhabuizdsq.supabase.co/rest/v1/pokemon_cards?id=eq.base3-6 "HTTP/1.1 204 No Content"
2026-06-11 15:59:51,412 [INFO] HTTP Request: PATCH https://vpfjmgefygjhabuizdsq.supabase.co/rest/v1/pokemon_cards?id=eq.base3-60 "HTTP/1.1 204 No Content"
2026-06-11 15:59:51,521 [INFO] HTTP Request: PATCH https://vpfjmgefygjhabuizdsq.supabase.co/rest/v1/pokemon_cards?id=eq.base3-61 "HTTP/1.1 204 No Content"
2026-06-11 15:59:51,633 [INFO] HTTP Request: PATCH https://vpfjmgefygjhabuizdsq.supabase.co/rest/v1/pokemon_cards?id=eq.base3-62 "HTTP/1.1 204 No Content"
2026-06-11 15:59:51,747 [INFO] HTTP Request: PATCH https://vpfjmgefygjhabuizdsq.supabase.co/rest/v1/pokemon_cards?id=eq.base3-7 "HTTP/1.1 204 No Content"
2026-06-11 15:59:51,862 [INFO] HTTP Request: PATCH https://vpfjmgefygjhabuizdsq.supabase.co/rest/v1/pokemon_cards?id=eq.base3-8 "HTTP/1.1 204 No Content"
2026-06-11 15:59:51,998 [INFO] HTTP Request: PATCH https://vpfjmgefygjhabuizdsq.supabase.co/rest/v1/pokemon_cards?id=eq.base3-9 "HTTP/1.1 204 No Content"
2026-06-11 15:59:52,216 [INFO] HTTP Request: PATCH https://vpfjmgefygjhabuizdsq.supabase.co/rest/v1/pokemon_cards?id=eq.base4-1 "HTTP/1.1 204 No Content"
2026-06-11 15:59:52,331 [INFO] HTTP Request: PATCH https://vpfjmgefygjhabuizdsq.supabase.co/rest/v1/pokemon_cards?id=eq.base4-10 "HTTP/1.1 204 No Content"
2026-06-11 15:59:52,448 [INFO] HTTP Request: PATCH https://vpfjmgefygjhabuizdsq.supabase.co/rest/v1/pokemon_cards?id=eq.base4-100 "HTTP/1.1 204 No Content"
2026-06-11 15:59:52,563 [INFO] HTTP Request: PATCH https://vpfjmgefygjhabuizdsq.supabase.co/rest/v1/pokemon_cards?id=eq.base4-101 "HTTP/1.1 204 No Content"
2026-06-11 15:59:52,676 [INFO] HTTP Request: PATCH https://vpfjmgefygjhabuizdsq.supabase.co/rest/v1/pokemon_cards?id=eq.base4-102 "HTTP/1.1 204 No Content"
2026-06-11 15:59:52,795 [INFO] HTTP Request: PATCH https://vpfjmgefygjhabuizdsq.supabase.co/rest/v1/pokemon_cards?id=eq.base4-103 "HTTP/1.1 204 No Content"
2026-06-11 15:59:52,920 [INFO] HTTP Request: PATCH https://vpfjmgefygjhabuizdsq.supabase.co/rest/v1/pokemon_cards?id=eq.base4-104 "HTTP/1.1 204 No Content"
2026-06-11 15:59:53,038 [INFO] HTTP Request: PATCH https://vpfjmgefygjhabuizdsq.supabase.co/rest/v1/pokemon_cards?id=eq.base4-105 "HTTP/1.1 204 No Content"
2026-06-11 15:59:53,158 [INFO] HTTP Request: PATCH https://vpfjmgefygjhabuizdsq.supabase.co/rest/v1/pokemon_cards?id=eq.base4-106 "HTTP/1.1 204 No Content"
2026-06-11 15:59:53,271 [INFO] HTTP Request: PATCH https://vpfjmgefygjhabuizdsq.supabase.co/rest/v1/pokemon_cards?id=eq.base4-107 "HTTP/1.1 204 No Content"
2026-06-11 15:59:53,393 [INFO] HTTP Request: PATCH https://vpfjmgefygjhabuizdsq.supabase.co/rest/v1/pokemon_cards?id=eq.base4-108 "HTTP/1.1 204 No Content"
2026-06-11 15:59:53,504 [INFO] HTTP Request: PATCH https://vpfjmgefygjhabuizdsq.supabase.co/rest/v1/pokemon_cards?id=eq.base4-109 "HTTP/1.1 204 No Content"
2026-06-11 15:59:53,655 [INFO] HTTP Request: PATCH https://vpfjmgefygjhabuizdsq.supabase.co/rest/v1/pokemon_cards?id=eq.base4-11 "HTTP/1.1 204 No Content"
2026-06-11 15:59:53,790 [INFO] HTTP Request: PATCH https://vpfjmgefygjhabuizdsq.supabase.co/rest/v1/pokemon_cards?id=eq.base4-110 "HTTP/1.1 204 No Content"
2026-06-11 15:59:53,905 [INFO] HTTP Request: PATCH https://vpfjmgefygjhabuizdsq.supabase.co/rest/v1/pokemon_cards?id=eq.base4-111 "HTTP/1.1 204 No Content"
2026-06-11 15:59:54,016 [INFO] HTTP Request: PATCH https://vpfjmgefygjhabuizdsq.supabase.co/rest/v1/pokemon_cards?id=eq.base4-112 "HTTP/1.1 204 No Content"
2026-06-11 15:59:54,150 [INFO] HTTP Request: PATCH https://vpfjmgefygjhabuizdsq.supabase.co/rest/v1/pokemon_cards?id=eq.base4-113 "HTTP/1.1 204 No Content"
2026-06-11 15:59:54,310 [INFO] HTTP Request: PATCH https://vpfjmgefygjhabuizdsq.supabase.co/rest/v1/pokemon_cards?id=eq.base4-114 "HTTP/1.1 204 No Content"
2026-06-11 15:59:54,420 [INFO] HTTP Request: PATCH https://vpfjmgefygjhabuizdsq.supabase.co/rest/v1/pokemon_cards?id=eq.base4-115 "HTTP/1.1 204 No Content"
2026-06-11 15:59:54,543 [INFO] HTTP Request: PATCH https://vpfjmgefygjhabuizdsq.supabase.co/rest/v1/pokemon_cards?id=eq.base4-116 "HTTP/1.1 204 No Content"
2026-06-11 15:59:54,677 [INFO] HTTP Request: PATCH https://vpfjmgefygjhabuizdsq.supabase.co/rest/v1/pokemon_cards?id=eq.base4-117 "HTTP/1.1 204 No Content"
2026-06-11 15:59:54,786 [INFO] HTTP Request: PATCH https://vpfjmgefygjhabuizdsq.supabase.co/rest/v1/pokemon_cards?id=eq.base4-118 "HTTP/1.1 204 No Content"
2026-06-11 15:59:54,916 [INFO] HTTP Request: PATCH https://vpfjmgefygjhabuizdsq.supabase.co/rest/v1/pokemon_cards?id=eq.base4-119 "HTTP/1.1 204 No Content"
2026-06-11 15:59:55,044 [INFO] HTTP Request: PATCH https://vpfjmgefygjhabuizdsq.supabase.co/rest/v1/pokemon_cards?id=eq.base4-12 "HTTP/1.1 204 No Content"
2026-06-11 15:59:55,173 [INFO] HTTP Request: PATCH https://vpfjmgefygjhabuizdsq.supabase.co/rest/v1/pokemon_cards?id=eq.base4-120 "HTTP/1.1 204 No Content"
2026-06-11 15:59:55,360 [INFO] HTTP Request: PATCH https://vpfjmgefygjhabuizdsq.supabase.co/rest/v1/pokemon_cards?id=eq.base4-121 "HTTP/1.1 204 No Content"
2026-06-11 15:59:55,471 [INFO] HTTP Request: PATCH https://vpfjmgefygjhabuizdsq.supabase.co/rest/v1/pokemon_cards?id=eq.base4-122 "HTTP/1.1 204 No Content"
2026-06-11 15:59:55,582 [INFO] HTTP Request: PATCH https://vpfjmgefygjhabuizdsq.supabase.co/rest/v1/pokemon_cards?id=eq.base4-123 "HTTP/1.1 204 No Content"
2026-06-11 15:59:55,691 [INFO] HTTP Request: PATCH https://vpfjmgefygjhabuizdsq.supabase.co/rest/v1/pokemon_cards?id=eq.base4-124 "HTTP/1.1 204 No Content"
2026-06-11 15:59:55,810 [INFO] HTTP Request: PATCH https://vpfjmgefygjhabuizdsq.supabase.co/rest/v1/pokemon_cards?id=eq.base4-125 "HTTP/1.1 204 No Content"
2026-06-11 15:59:55,918 [INFO] HTTP Request: PATCH https://vpfjmgefygjhabuizdsq.supabase.co/rest/v1/pokemon_cards?id=eq.base4-126 "HTTP/1.1 204 No Content"
2026-06-11 15:59:56,052 [INFO] HTTP Request: PATCH https://vpfjmgefygjhabuizdsq.supabase.co/rest/v1/pokemon_cards?id=eq.base4-127 "HTTP/1.1 204 No Content"
2026-06-11 15:59:56,159 [INFO] HTTP Request: PATCH https://vpfjmgefygjhabuizdsq.supabase.co/rest/v1/pokemon_cards?id=eq.base4-128 "HTTP/1.1 204 No Content"
2026-06-11 15:59:56,160 [INFO]   ✅ Batch 50 kartu di-upsert (total berhasil: 250)
2026-06-11 15:59:56,801 [INFO] HTTP Request: GET https://prices.pokemontcg.io/tcgplayer/base4-129 "HTTP/1.1 302 Found"
2026-06-11 15:59:57,258 [INFO] HTTP Request: GET https://prices.pokemontcg.io/tcgplayer/base4-13 "HTTP/1.1 302 Found"
2026-06-11 15:59:58,071 [INFO] HTTP Request: GET https://prices.pokemontcg.io/tcgplayer/base4-130 "HTTP/1.1 302 Found"
2026-06-11 15:59:58,825 [INFO] HTTP Request: GET https://prices.pokemontcg.io/tcgplayer/base4-14 "HTTP/1.1 302 Found"
2026-06-11 15:59:59,286 [INFO] HTTP Request: GET https://prices.pokemontcg.io/tcgplayer/base4-15 "HTTP/1.1 302 Found"
2026-06-11 15:59:59,708 [INFO] HTTP Request: GET https://prices.pokemontcg.io/tcgplayer/base4-16 "HTTP/1.1 302 Found"
2026-06-11 16:00:07,111 [INFO] HTTP Request: GET https://prices.pokemontcg.io/tcgplayer/base4-17 "HTTP/1.1 302 Found"
2026-06-11 16:00:07,562 [INFO] HTTP Request: GET https://prices.pokemontcg.io/tcgplayer/base4-18 "HTTP/1.1 302 Found"
2026-06-11 16:00:11,406 [INFO] HTTP Request: GET https://prices.pokemontcg.io/tcgplayer/base4-19 "HTTP/1.1 302 Found"
2026-06-11 16:00:13,638 [INFO] HTTP Request: GET https://prices.pokemontcg.io/tcgplayer/base4-2 "HTTP/1.1 302 Found"
2026-06-11 16:00:21,942 [INFO] HTTP Request: GET https://prices.pokemontcg.io/tcgplayer/base4-20 "HTTP/1.1 302 Found"
2026-06-11 16:00:24,479 [INFO] HTTP Request: GET https://prices.pokemontcg.io/tcgplayer/base4-21 "HTTP/1.1 302 Found"
2026-06-11 16:00:25,569 [INFO] HTTP Request: GET https://prices.pokemontcg.io/tcgplayer/base4-22 "HTTP/1.1 302 Found"
2026-06-11 16:00:26,296 [INFO] HTTP Request: GET https://prices.pokemontcg.io/tcgplayer/base4-23 "HTTP/1.1 302 Found"
2026-06-11 16:00:26,838 [INFO] HTTP Request: GET https://prices.pokemontcg.io/tcgplayer/base4-24 "HTTP/1.1 302 Found"
2026-06-11 16:00:27,921 [INFO] HTTP Request: GET https://prices.pokemontcg.io/tcgplayer/base4-25 "HTTP/1.1 302 Found"
2026-06-11 16:00:30,539 [INFO] HTTP Request: GET https://prices.pokemontcg.io/tcgplayer/base4-26 "HTTP/1.1 302 Found"
2026-06-11 16:00:31,010 [INFO] HTTP Request: GET https://prices.pokemontcg.io/tcgplayer/base4-27 "HTTP/1.1 302 Found"
2026-06-11 16:00:48,406 [INFO] HTTP Request: GET https://prices.pokemontcg.io/tcgplayer/base4-28 "HTTP/1.1 302 Found"
2026-06-11 16:00:49,000 [INFO] HTTP Request: GET https://prices.pokemontcg.io/tcgplayer/base4-29 "HTTP/1.1 302 Found"
2026-06-11 16:00:50,576 [INFO] HTTP Request: GET https://prices.pokemontcg.io/tcgplayer/base4-3 "HTTP/1.1 302 Found"
2026-06-11 16:00:52,264 [INFO] HTTP Request: GET https://prices.pokemontcg.io/tcgplayer/base4-30 "HTTP/1.1 302 Found"
2026-06-11 16:01:04,299 [INFO] HTTP Request: GET https://prices.pokemontcg.io/tcgplayer/base4-31 "HTTP/1.1 302 Found"
2026-06-11 16:01:04,735 [INFO] HTTP Request: GET https://prices.pokemontcg.io/tcgplayer/base4-32 "HTTP/1.1 302 Found"
2026-06-11 16:01:07,300 [INFO] HTTP Request: GET https://prices.pokemontcg.io/tcgplayer/base4-33 "HTTP/1.1 302 Found"
2026-06-11 16:01:07,731 [INFO] HTTP Request: GET https://prices.pokemontcg.io/tcgplayer/base4-34 "HTTP/1.1 302 Found"
2026-06-11 16:01:12,228 [INFO] HTTP Request: GET https://prices.pokemontcg.io/tcgplayer/base4-35 "HTTP/1.1 302 Found"
2026-06-11 16:01:16,643 [INFO] HTTP Request: GET https://prices.pokemontcg.io/tcgplayer/base4-36 "HTTP/1.1 302 Found"
2026-06-11 16:01:17,088 [INFO] HTTP Request: GET https://prices.pokemontcg.io/tcgplayer/base4-37 "HTTP/1.1 302 Found"
2026-06-11 16:01:17,854 [INFO] HTTP Request: GET https://prices.pokemontcg.io/tcgplayer/base4-38 "HTTP/1.1 302 Found"
2026-06-11 16:01:18,494 [INFO] HTTP Request: GET https://prices.pokemontcg.io/tcgplayer/base4-39 "HTTP/1.1 302 Found"
2026-06-11 16:01:19,621 [INFO] HTTP Request: GET https://prices.pokemontcg.io/tcgplayer/base4-4 "HTTP/1.1 302 Found"
2026-06-11 16:01:20,974 [INFO] HTTP Request: GET https://prices.pokemontcg.io/tcgplayer/base4-40 "HTTP/1.1 302 Found"
2026-06-11 16:01:25,350 [INFO] HTTP Request: GET https://prices.pokemontcg.io/tcgplayer/base4-41 "HTTP/1.1 302 Found"
2026-06-11 16:01:25,779 [INFO] HTTP Request: GET https://prices.pokemontcg.io/tcgplayer/base4-42 "HTTP/1.1 302 Found"
2026-06-11 16:01:26,274 [INFO] HTTP Request: GET https://prices.pokemontcg.io/tcgplayer/base4-43 "HTTP/1.1 302 Found"
2026-06-11 16:01:51,764 [INFO] HTTP Request: GET https://prices.pokemontcg.io/tcgplayer/base4-44 "HTTP/1.1 302 Found"
2026-06-11 16:01:52,277 [INFO] HTTP Request: GET https://prices.pokemontcg.io/tcgplayer/base4-45 "HTTP/1.1 302 Found"
2026-06-11 16:01:52,706 [INFO] HTTP Request: GET https://prices.pokemontcg.io/tcgplayer/base4-46 "HTTP/1.1 302 Found"
2026-06-11 16:01:54,383 [INFO] HTTP Request: GET https://prices.pokemontcg.io/tcgplayer/base4-47 "HTTP/1.1 302 Found"
2026-06-11 16:02:18,057 [INFO] HTTP Request: GET https://prices.pokemontcg.io/tcgplayer/base4-48 "HTTP/1.1 302 Found"
2026-06-11 16:02:18,506 [INFO] HTTP Request: GET https://prices.pokemontcg.io/tcgplayer/base4-49 "HTTP/1.1 302 Found"
2026-06-11 16:02:20,337 [INFO] HTTP Request: GET https://prices.pokemontcg.io/tcgplayer/base4-5 "HTTP/1.1 302 Found"
2026-06-11 16:02:23,290 [INFO] HTTP Request: GET https://prices.pokemontcg.io/tcgplayer/base4-50 "HTTP/1.1 302 Found"
2026-06-11 16:02:23,749 [INFO] HTTP Request: GET https://prices.pokemontcg.io/tcgplayer/base4-51 "HTTP/1.1 302 Found"
2026-06-11 16:02:24,187 [INFO] HTTP Request: GET https://prices.pokemontcg.io/tcgplayer/base4-52 "HTTP/1.1 302 Found"
2026-06-11 16:02:30,653 [INFO] HTTP Request: GET https://prices.pokemontcg.io/tcgplayer/base4-53 "HTTP/1.1 302 Found"
2026-06-11 16:03:00,986 [INFO] HTTP Request: GET https://prices.pokemontcg.io/tcgplayer/base4-54 "HTTP/1.1 302 Found"
2026-06-11 16:03:04,830 [INFO] HTTP Request: GET https://prices.pokemontcg.io/tcgplayer/base4-55 "HTTP/1.1 302 Found"
2026-06-11 16:03:06,407 [INFO] HTTP Request: GET https://prices.pokemontcg.io/tcgplayer/base4-56 "HTTP/1.1 302 Found"
2026-06-11 16:03:07,172 [INFO] HTTP Request: PATCH https://vpfjmgefygjhabuizdsq.supabase.co/rest/v1/pokemon_cards?id=eq.base4-129 "HTTP/1.1 204 No Content"
2026-06-11 16:03:07,292 [INFO] HTTP Request: PATCH https://vpfjmgefygjhabuizdsq.supabase.co/rest/v1/pokemon_cards?id=eq.base4-13 "HTTP/1.1 204 No Content"
2026-06-11 16:03:07,428 [INFO] HTTP Request: PATCH https://vpfjmgefygjhabuizdsq.supabase.co/rest/v1/pokemon_cards?id=eq.base4-130 "HTTP/1.1 204 No Content"
2026-06-11 16:03:07,541 [INFO] HTTP Request: PATCH https://vpfjmgefygjhabuizdsq.supabase.co/rest/v1/pokemon_cards?id=eq.base4-14 "HTTP/1.1 204 No Content"
2026-06-11 16:03:07,675 [INFO] HTTP Request: PATCH https://vpfjmgefygjhabuizdsq.supabase.co/rest/v1/pokemon_cards?id=eq.base4-15 "HTTP/1.1 204 No Content"
2026-06-11 16:03:07,786 [INFO] HTTP Request: PATCH https://vpfjmgefygjhabuizdsq.supabase.co/rest/v1/pokemon_cards?id=eq.base4-16 "HTTP/1.1 204 No Content"
2026-06-11 16:03:07,900 [INFO] HTTP Request: PATCH https://vpfjmgefygjhabuizdsq.supabase.co/rest/v1/pokemon_cards?id=eq.base4-17 "HTTP/1.1 204 No Content"
2026-06-11 16:03:08,024 [INFO] HTTP Request: PATCH https://vpfjmgefygjhabuizdsq.supabase.co/rest/v1/pokemon_cards?id=eq.base4-18 "HTTP/1.1 204 No Content"
2026-06-11 16:03:08,136 [INFO] HTTP Request: PATCH https://vpfjmgefygjhabuizdsq.supabase.co/rest/v1/pokemon_cards?id=eq.base4-19 "HTTP/1.1 204 No Content"
2026-06-11 16:03:08,249 [INFO] HTTP Request: PATCH https://vpfjmgefygjhabuizdsq.supabase.co/rest/v1/pokemon_cards?id=eq.base4-2 "HTTP/1.1 204 No Content"
2026-06-11 16:03:08,363 [INFO] HTTP Request: PATCH https://vpfjmgefygjhabuizdsq.supabase.co/rest/v1/pokemon_cards?id=eq.base4-20 "HTTP/1.1 204 No Content"
2026-06-11 16:03:08,488 [INFO] HTTP Request: PATCH https://vpfjmgefygjhabuizdsq.supabase.co/rest/v1/pokemon_cards?id=eq.base4-21 "HTTP/1.1 204 No Content"
2026-06-11 16:03:08,606 [INFO] HTTP Request: PATCH https://vpfjmgefygjhabuizdsq.supabase.co/rest/v1/pokemon_cards?id=eq.base4-22 "HTTP/1.1 204 No Content"
2026-06-11 16:03:08,722 [INFO] HTTP Request: PATCH https://vpfjmgefygjhabuizdsq.supabase.co/rest/v1/pokemon_cards?id=eq.base4-23 "HTTP/1.1 204 No Content"
2026-06-11 16:03:08,854 [INFO] HTTP Request: PATCH https://vpfjmgefygjhabuizdsq.supabase.co/rest/v1/pokemon_cards?id=eq.base4-24 "HTTP/1.1 204 No Content"
2026-06-11 16:03:08,987 [INFO] HTTP Request: PATCH https://vpfjmgefygjhabuizdsq.supabase.co/rest/v1/pokemon_cards?id=eq.base4-25 "HTTP/1.1 204 No Content"
2026-06-11 16:03:09,100 [INFO] HTTP Request: PATCH https://vpfjmgefygjhabuizdsq.supabase.co/rest/v1/pokemon_cards?id=eq.base4-26 "HTTP/1.1 204 No Content"
2026-06-11 16:03:09,237 [INFO] HTTP Request: PATCH https://vpfjmgefygjhabuizdsq.supabase.co/rest/v1/pokemon_cards?id=eq.base4-27 "HTTP/1.1 204 No Content"
2026-06-11 16:03:09,349 [INFO] HTTP Request: PATCH https://vpfjmgefygjhabuizdsq.supabase.co/rest/v1/pokemon_cards?id=eq.base4-28 "HTTP/1.1 204 No Content"
2026-06-11 16:03:09,465 [INFO] HTTP Request: PATCH https://vpfjmgefygjhabuizdsq.supabase.co/rest/v1/pokemon_cards?id=eq.base4-29 "HTTP/1.1 204 No Content"
2026-06-11 16:03:09,581 [INFO] HTTP Request: PATCH https://vpfjmgefygjhabuizdsq.supabase.co/rest/v1/pokemon_cards?id=eq.base4-3 "HTTP/1.1 204 No Content"
2026-06-11 16:03:09,698 [INFO] HTTP Request: PATCH https://vpfjmgefygjhabuizdsq.supabase.co/rest/v1/pokemon_cards?id=eq.base4-30 "HTTP/1.1 204 No Content"
2026-06-11 16:03:09,883 [INFO] HTTP Request: PATCH https://vpfjmgefygjhabuizdsq.supabase.co/rest/v1/pokemon_cards?id=eq.base4-31 "HTTP/1.1 204 No Content"
2026-06-11 16:03:10,023 [INFO] HTTP Request: PATCH https://vpfjmgefygjhabuizdsq.supabase.co/rest/v1/pokemon_cards?id=eq.base4-32 "HTTP/1.1 204 No Content"
2026-06-11 16:03:10,141 [INFO] HTTP Request: PATCH https://vpfjmgefygjhabuizdsq.supabase.co/rest/v1/pokemon_cards?id=eq.base4-33 "HTTP/1.1 204 No Content"
2026-06-11 16:03:10,258 [INFO] HTTP Request: PATCH https://vpfjmgefygjhabuizdsq.supabase.co/rest/v1/pokemon_cards?id=eq.base4-34 "HTTP/1.1 204 No Content"
2026-06-11 16:03:10,400 [INFO] HTTP Request: PATCH https://vpfjmgefygjhabuizdsq.supabase.co/rest/v1/pokemon_cards?id=eq.base4-35 "HTTP/1.1 204 No Content"
2026-06-11 16:03:10,515 [INFO] HTTP Request: PATCH https://vpfjmgefygjhabuizdsq.supabase.co/rest/v1/pokemon_cards?id=eq.base4-36 "HTTP/1.1 204 No Content"
2026-06-11 16:03:10,637 [INFO] HTTP Request: PATCH https://vpfjmgefygjhabuizdsq.supabase.co/rest/v1/pokemon_cards?id=eq.base4-37 "HTTP/1.1 204 No Content"
2026-06-11 16:03:10,753 [INFO] HTTP Request: PATCH https://vpfjmgefygjhabuizdsq.supabase.co/rest/v1/pokemon_cards?id=eq.base4-38 "HTTP/1.1 204 No Content"
2026-06-11 16:03:10,922 [INFO] HTTP Request: PATCH https://vpfjmgefygjhabuizdsq.supabase.co/rest/v1/pokemon_cards?id=eq.base4-39 "HTTP/1.1 204 No Content"
2026-06-11 16:03:11,046 [INFO] HTTP Request: PATCH https://vpfjmgefygjhabuizdsq.supabase.co/rest/v1/pokemon_cards?id=eq.base4-4 "HTTP/1.1 204 No Content"
2026-06-11 16:03:11,168 [INFO] HTTP Request: PATCH https://vpfjmgefygjhabuizdsq.supabase.co/rest/v1/pokemon_cards?id=eq.base4-40 "HTTP/1.1 204 No Content"
2026-06-11 16:03:11,286 [INFO] HTTP Request: PATCH https://vpfjmgefygjhabuizdsq.supabase.co/rest/v1/pokemon_cards?id=eq.base4-41 "HTTP/1.1 204 No Content"
2026-06-11 16:03:11,399 [INFO] HTTP Request: PATCH https://vpfjmgefygjhabuizdsq.supabase.co/rest/v1/pokemon_cards?id=eq.base4-42 "HTTP/1.1 204 No Content"
2026-06-11 16:03:11,527 [INFO] HTTP Request: PATCH https://vpfjmgefygjhabuizdsq.supabase.co/rest/v1/pokemon_cards?id=eq.base4-43 "HTTP/1.1 204 No Content"
2026-06-11 16:03:11,649 [INFO] HTTP Request: PATCH https://vpfjmgefygjhabuizdsq.supabase.co/rest/v1/pokemon_cards?id=eq.base4-44 "HTTP/1.1 204 No Content"
2026-06-11 16:03:11,767 [INFO] HTTP Request: PATCH https://vpfjmgefygjhabuizdsq.supabase.co/rest/v1/pokemon_cards?id=eq.base4-45 "HTTP/1.1 204 No Content"
2026-06-11 16:03:11,981 [INFO] HTTP Request: PATCH https://vpfjmgefygjhabuizdsq.supabase.co/rest/v1/pokemon_cards?id=eq.base4-46 "HTTP/1.1 204 No Content"
2026-06-11 16:03:12,106 [INFO] HTTP Request: PATCH https://vpfjmgefygjhabuizdsq.supabase.co/rest/v1/pokemon_cards?id=eq.base4-47 "HTTP/1.1 204 No Content"
2026-06-11 16:03:12,223 [INFO] HTTP Request: PATCH https://vpfjmgefygjhabuizdsq.supabase.co/rest/v1/pokemon_cards?id=eq.base4-48 "HTTP/1.1 204 No Content"
2026-06-11 16:03:12,339 [INFO] HTTP Request: PATCH https://vpfjmgefygjhabuizdsq.supabase.co/rest/v1/pokemon_cards?id=eq.base4-49 "HTTP/1.1 204 No Content"
2026-06-11 16:03:12,457 [INFO] HTTP Request: PATCH https://vpfjmgefygjhabuizdsq.supabase.co/rest/v1/pokemon_cards?id=eq.base4-5 "HTTP/1.1 204 No Content"
2026-06-11 16:03:12,567 [INFO] HTTP Request: PATCH https://vpfjmgefygjhabuizdsq.supabase.co/rest/v1/pokemon_cards?id=eq.base4-50 "HTTP/1.1 204 No Content"
2026-06-11 16:03:12,684 [INFO] HTTP Request: PATCH https://vpfjmgefygjhabuizdsq.supabase.co/rest/v1/pokemon_cards?id=eq.base4-51 "HTTP/1.1 204 No Content"
2026-06-11 16:03:12,798 [INFO] HTTP Request: PATCH https://vpfjmgefygjhabuizdsq.supabase.co/rest/v1/pokemon_cards?id=eq.base4-52 "HTTP/1.1 204 No Content"
2026-06-11 16:03:13,031 [INFO] HTTP Request: PATCH https://vpfjmgefygjhabuizdsq.supabase.co/rest/v1/pokemon_cards?id=eq.base4-53 "HTTP/1.1 204 No Content"
2026-06-11 16:03:13,147 [INFO] HTTP Request: PATCH https://vpfjmgefygjhabuizdsq.supabase.co/rest/v1/pokemon_cards?id=eq.base4-54 "HTTP/1.1 204 No Content"
2026-06-11 16:03:13,264 [INFO] HTTP Request: PATCH https://vpfjmgefygjhabuizdsq.supabase.co/rest/v1/pokemon_cards?id=eq.base4-55 "HTTP/1.1 204 No Content"
2026-06-11 16:03:13,378 [INFO] HTTP Request: PATCH https://vpfjmgefygjhabuizdsq.supabase.co/rest/v1/pokemon_cards?id=eq.base4-56 "HTTP/1.1 204 No Content"
2026-06-11 16:03:13,379 [INFO]   ✅ Batch 50 kartu di-upsert (total berhasil: 300)
2026-06-11 16:03:14,256 [INFO] HTTP Request: GET https://prices.pokemontcg.io/tcgplayer/base4-57 "HTTP/1.1 302 Found"
2026-06-11 16:03:15,941 [INFO] HTTP Request: GET https://prices.pokemontcg.io/tcgplayer/base4-58 "HTTP/1.1 302 Found"
2026-06-11 16:03:16,580 [INFO] HTTP Request: GET https://prices.pokemontcg.io/tcgplayer/base4-59 "HTTP/1.1 302 Found"
2026-06-11 16:03:17,018 [INFO] HTTP Request: GET https://prices.pokemontcg.io/tcgplayer/base4-6 "HTTP/1.1 302 Found"
2026-06-11 16:03:22,275 [INFO] HTTP Request: GET https://prices.pokemontcg.io/tcgplayer/base4-60 "HTTP/1.1 302 Found"
2026-06-11 16:03:22,801 [INFO] HTTP Request: GET https://prices.pokemontcg.io/tcgplayer/base4-61 "HTTP/1.1 302 Found"
2026-06-11 16:03:50,676 [INFO] HTTP Request: GET https://prices.pokemontcg.io/tcgplayer/base4-62 "HTTP/1.1 302 Found"
2026-06-11 16:03:51,118 [INFO] HTTP Request: GET https://prices.pokemontcg.io/tcgplayer/base4-63 "HTTP/1.1 302 Found"
2026-06-11 16:03:51,685 [INFO] HTTP Request: GET https://prices.pokemontcg.io/tcgplayer/base4-64 "HTTP/1.1 302 Found"
2026-06-11 16:03:52,123 [INFO] HTTP Request: GET https://prices.pokemontcg.io/tcgplayer/base4-65 "HTTP/1.1 302 Found"
2026-06-11 16:03:52,590 [INFO] HTTP Request: GET https://prices.pokemontcg.io/tcgplayer/base4-66 "HTTP/1.1 302 Found"
2026-06-11 16:03:53,047 [INFO] HTTP Request: GET https://prices.pokemontcg.io/tcgplayer/base4-67 "HTTP/1.1 302 Found"
2026-06-11 16:03:54,307 [INFO] HTTP Request: GET https://prices.pokemontcg.io/tcgplayer/base4-68 "HTTP/1.1 302 Found"
2026-06-11 16:03:54,761 [INFO] HTTP Request: GET https://prices.pokemontcg.io/tcgplayer/base4-69 "HTTP/1.1 302 Found"
2026-06-11 16:03:57,420 [INFO] HTTP Request: GET https://prices.pokemontcg.io/tcgplayer/base4-7 "HTTP/1.1 302 Found"
2026-06-11 16:03:57,921 [INFO] HTTP Request: GET https://prices.pokemontcg.io/tcgplayer/base4-70 "HTTP/1.1 302 Found"
2026-06-11 16:03:58,516 [INFO] HTTP Request: GET https://prices.pokemontcg.io/tcgplayer/base4-71 "HTTP/1.1 302 Found"
2026-06-11 16:03:58,957 [INFO] HTTP Request: GET https://prices.pokemontcg.io/tcgplayer/base4-72 "HTTP/1.1 302 Found"
2026-06-11 16:04:02,509 [INFO] HTTP Request: GET https://prices.pokemontcg.io/tcgplayer/base4-73 "HTTP/1.1 302 Found"
2026-06-11 16:04:02,962 [INFO] HTTP Request: GET https://prices.pokemontcg.io/tcgplayer/base4-74 "HTTP/1.1 302 Found"
2026-06-11 16:04:03,394 [INFO] HTTP Request: GET https://prices.pokemontcg.io/tcgplayer/base4-75 "HTTP/1.1 302 Found"
2026-06-11 16:04:03,897 [INFO] HTTP Request: GET https://prices.pokemontcg.io/tcgplayer/base4-76 "HTTP/1.1 302 Found"
2026-06-11 16:04:06,269 [INFO] HTTP Request: GET https://prices.pokemontcg.io/tcgplayer/base4-77 "HTTP/1.1 302 Found"
2026-06-11 16:04:08,359 [INFO] HTTP Request: GET https://prices.pokemontcg.io/tcgplayer/base4-78 "HTTP/1.1 302 Found"
2026-06-11 16:04:10,119 [INFO] HTTP Request: GET https://prices.pokemontcg.io/tcgplayer/base4-79 "HTTP/1.1 302 Found"
2026-06-11 16:04:12,984 [INFO] HTTP Request: GET https://prices.pokemontcg.io/tcgplayer/base4-8 "HTTP/1.1 302 Found"
2026-06-11 16:04:13,427 [INFO] HTTP Request: GET https://prices.pokemontcg.io/tcgplayer/base4-80 "HTTP/1.1 302 Found"
2026-06-11 16:04:13,878 [INFO] HTTP Request: GET https://prices.pokemontcg.io/tcgplayer/base4-81 "HTTP/1.1 302 Found"
2026-06-11 16:04:14,473 [INFO] HTTP Request: GET https://prices.pokemontcg.io/tcgplayer/base4-82 "HTTP/1.1 302 Found"
2026-06-11 16:04:18,124 [INFO] HTTP Request: GET https://prices.pokemontcg.io/tcgplayer/base4-83 "HTTP/1.1 302 Found"
2026-06-11 16:04:20,391 [INFO] HTTP Request: GET https://prices.pokemontcg.io/tcgplayer/base4-84 "HTTP/1.1 302 Found"
2026-06-11 16:04:20,861 [INFO] HTTP Request: GET https://prices.pokemontcg.io/tcgplayer/base4-85 "HTTP/1.1 302 Found"
2026-06-11 16:04:21,501 [INFO] HTTP Request: GET https://prices.pokemontcg.io/tcgplayer/base4-86 "HTTP/1.1 302 Found"
2026-06-11 16:04:22,275 [INFO] HTTP Request: GET https://prices.pokemontcg.io/tcgplayer/base4-87 "HTTP/1.1 302 Found"
2026-06-11 16:04:27,485 [INFO] HTTP Request: GET https://prices.pokemontcg.io/tcgplayer/base4-88 "HTTP/1.1 302 Found"
2026-06-11 16:04:28,375 [INFO] HTTP Request: GET https://prices.pokemontcg.io/tcgplayer/base4-89 "HTTP/1.1 302 Found"
2026-06-11 16:04:44,582 [INFO] HTTP Request: GET https://prices.pokemontcg.io/tcgplayer/base4-9 "HTTP/1.1 302 Found"
2026-06-11 16:04:47,184 [INFO] HTTP Request: GET https://prices.pokemontcg.io/tcgplayer/base4-90 "HTTP/1.1 302 Found"
2026-06-11 16:04:48,875 [INFO] HTTP Request: GET https://prices.pokemontcg.io/tcgplayer/base4-91 "HTTP/1.1 302 Found"
2026-06-11 16:05:00,827 [INFO] HTTP Request: GET https://prices.pokemontcg.io/tcgplayer/base4-92 "HTTP/1.1 302 Found"
2026-06-11 16:05:08,405 [INFO] HTTP Request: GET https://prices.pokemontcg.io/tcgplayer/base4-93 "HTTP/1.1 302 Found"
2026-06-11 16:05:14,127 [INFO] HTTP Request: GET https://prices.pokemontcg.io/tcgplayer/base4-94 "HTTP/1.1 302 Found"
2026-06-11 16:05:14,779 [INFO] HTTP Request: GET https://prices.pokemontcg.io/tcgplayer/base4-95 "HTTP/1.1 302 Found"
2026-06-11 16:05:15,283 [INFO] HTTP Request: GET https://prices.pokemontcg.io/tcgplayer/base4-96 "HTTP/1.1 302 Found"
2026-06-11 16:05:22,226 [INFO] HTTP Request: GET https://prices.pokemontcg.io/tcgplayer/base4-97 "HTTP/1.1 302 Found"
2026-06-11 16:05:25,955 [INFO] HTTP Request: GET https://prices.pokemontcg.io/tcgplayer/base4-98 "HTTP/1.1 302 Found"
2026-06-11 16:05:38,024 [INFO] HTTP Request: GET https://prices.pokemontcg.io/tcgplayer/base4-99 "HTTP/1.1 302 Found"
2026-06-11 16:05:39,228 [INFO] HTTP Request: GET https://prices.pokemontcg.io/tcgplayer/base5-1 "HTTP/1.1 302 Found"
2026-06-11 16:05:48,587 [INFO] HTTP Request: GET https://prices.pokemontcg.io/tcgplayer/base5-10 "HTTP/1.1 302 Found"
2026-06-11 16:06:12,330 [INFO] HTTP Request: GET https://prices.pokemontcg.io/tcgplayer/base5-11 "HTTP/1.1 302 Found"
2026-06-11 16:06:13,021 [INFO] HTTP Request: PATCH https://vpfjmgefygjhabuizdsq.supabase.co/rest/v1/pokemon_cards?id=eq.base4-57 "HTTP/1.1 204 No Content"
2026-06-11 16:06:13,132 [INFO] HTTP Request: PATCH https://vpfjmgefygjhabuizdsq.supabase.co/rest/v1/pokemon_cards?id=eq.base4-58 "HTTP/1.1 204 No Content"
2026-06-11 16:06:13,247 [INFO] HTTP Request: PATCH https://vpfjmgefygjhabuizdsq.supabase.co/rest/v1/pokemon_cards?id=eq.base4-59 "HTTP/1.1 204 No Content"
2026-06-11 16:06:13,376 [INFO] HTTP Request: PATCH https://vpfjmgefygjhabuizdsq.supabase.co/rest/v1/pokemon_cards?id=eq.base4-6 "HTTP/1.1 204 No Content"
2026-06-11 16:06:13,494 [INFO] HTTP Request: PATCH https://vpfjmgefygjhabuizdsq.supabase.co/rest/v1/pokemon_cards?id=eq.base4-60 "HTTP/1.1 204 No Content"
2026-06-11 16:06:13,614 [INFO] HTTP Request: PATCH https://vpfjmgefygjhabuizdsq.supabase.co/rest/v1/pokemon_cards?id=eq.base4-61 "HTTP/1.1 204 No Content"
2026-06-11 16:06:13,737 [INFO] HTTP Request: PATCH https://vpfjmgefygjhabuizdsq.supabase.co/rest/v1/pokemon_cards?id=eq.base4-62 "HTTP/1.1 204 No Content"
2026-06-11 16:06:13,852 [INFO] HTTP Request: PATCH https://vpfjmgefygjhabuizdsq.supabase.co/rest/v1/pokemon_cards?id=eq.base4-63 "HTTP/1.1 204 No Content"
2026-06-11 16:06:13,987 [INFO] HTTP Request: PATCH https://vpfjmgefygjhabuizdsq.supabase.co/rest/v1/pokemon_cards?id=eq.base4-64 "HTTP/1.1 204 No Content"
2026-06-11 16:06:14,103 [INFO] HTTP Request: PATCH https://vpfjmgefygjhabuizdsq.supabase.co/rest/v1/pokemon_cards?id=eq.base4-65 "HTTP/1.1 204 No Content"
2026-06-11 16:06:14,252 [INFO] HTTP Request: PATCH https://vpfjmgefygjhabuizdsq.supabase.co/rest/v1/pokemon_cards?id=eq.base4-66 "HTTP/1.1 204 No Content"
2026-06-11 16:06:14,423 [INFO] HTTP Request: PATCH https://vpfjmgefygjhabuizdsq.supabase.co/rest/v1/pokemon_cards?id=eq.base4-67 "HTTP/1.1 204 No Content"
2026-06-11 16:06:14,537 [INFO] HTTP Request: PATCH https://vpfjmgefygjhabuizdsq.supabase.co/rest/v1/pokemon_cards?id=eq.base4-68 "HTTP/1.1 204 No Content"
2026-06-11 16:06:14,656 [INFO] HTTP Request: PATCH https://vpfjmgefygjhabuizdsq.supabase.co/rest/v1/pokemon_cards?id=eq.base4-69 "HTTP/1.1 204 No Content"
2026-06-11 16:06:14,783 [INFO] HTTP Request: PATCH https://vpfjmgefygjhabuizdsq.supabase.co/rest/v1/pokemon_cards?id=eq.base4-7 "HTTP/1.1 204 No Content"
2026-06-11 16:06:14,945 [INFO] HTTP Request: PATCH https://vpfjmgefygjhabuizdsq.supabase.co/rest/v1/pokemon_cards?id=eq.base4-70 "HTTP/1.1 204 No Content"
2026-06-11 16:06:15,063 [INFO] HTTP Request: PATCH https://vpfjmgefygjhabuizdsq.supabase.co/rest/v1/pokemon_cards?id=eq.base4-71 "HTTP/1.1 204 No Content"
2026-06-11 16:06:15,192 [INFO] HTTP Request: PATCH https://vpfjmgefygjhabuizdsq.supabase.co/rest/v1/pokemon_cards?id=eq.base4-72 "HTTP/1.1 204 No Content"
2026-06-11 16:06:15,308 [INFO] HTTP Request: PATCH https://vpfjmgefygjhabuizdsq.supabase.co/rest/v1/pokemon_cards?id=eq.base4-73 "HTTP/1.1 204 No Content"
2026-06-11 16:06:15,507 [INFO] HTTP Request: PATCH https://vpfjmgefygjhabuizdsq.supabase.co/rest/v1/pokemon_cards?id=eq.base4-74 "HTTP/1.1 204 No Content"
2026-06-11 16:06:15,623 [INFO] HTTP Request: PATCH https://vpfjmgefygjhabuizdsq.supabase.co/rest/v1/pokemon_cards?id=eq.base4-75 "HTTP/1.1 204 No Content"
2026-06-11 16:06:15,741 [INFO] HTTP Request: PATCH https://vpfjmgefygjhabuizdsq.supabase.co/rest/v1/pokemon_cards?id=eq.base4-76 "HTTP/1.1 204 No Content"
2026-06-11 16:06:15,855 [INFO] HTTP Request: PATCH https://vpfjmgefygjhabuizdsq.supabase.co/rest/v1/pokemon_cards?id=eq.base4-77 "HTTP/1.1 204 No Content"
2026-06-11 16:06:16,011 [INFO] HTTP Request: PATCH https://vpfjmgefygjhabuizdsq.supabase.co/rest/v1/pokemon_cards?id=eq.base4-78 "HTTP/1.1 204 No Content"
2026-06-11 16:06:16,129 [INFO] HTTP Request: PATCH https://vpfjmgefygjhabuizdsq.supabase.co/rest/v1/pokemon_cards?id=eq.base4-79 "HTTP/1.1 204 No Content"
2026-06-11 16:06:16,239 [INFO] HTTP Request: PATCH https://vpfjmgefygjhabuizdsq.supabase.co/rest/v1/pokemon_cards?id=eq.base4-8 "HTTP/1.1 204 No Content"
2026-06-11 16:06:16,350 [INFO] HTTP Request: PATCH https://vpfjmgefygjhabuizdsq.supabase.co/rest/v1/pokemon_cards?id=eq.base4-80 "HTTP/1.1 204 No Content"
2026-06-11 16:06:16,521 [INFO] HTTP Request: PATCH https://vpfjmgefygjhabuizdsq.supabase.co/rest/v1/pokemon_cards?id=eq.base4-81 "HTTP/1.1 204 No Content"
2026-06-11 16:06:16,651 [INFO] HTTP Request: PATCH https://vpfjmgefygjhabuizdsq.supabase.co/rest/v1/pokemon_cards?id=eq.base4-82 "HTTP/1.1 204 No Content"
2026-06-11 16:06:16,770 [INFO] HTTP Request: PATCH https://vpfjmgefygjhabuizdsq.supabase.co/rest/v1/pokemon_cards?id=eq.base4-83 "HTTP/1.1 204 No Content"
2026-06-11 16:06:16,888 [INFO] HTTP Request: PATCH https://vpfjmgefygjhabuizdsq.supabase.co/rest/v1/pokemon_cards?id=eq.base4-84 "HTTP/1.1 204 No Content"
2026-06-11 16:06:16,998 [INFO] HTTP Request: PATCH https://vpfjmgefygjhabuizdsq.supabase.co/rest/v1/pokemon_cards?id=eq.base4-85 "HTTP/1.1 204 No Content"
2026-06-11 16:06:17,123 [INFO] HTTP Request: PATCH https://vpfjmgefygjhabuizdsq.supabase.co/rest/v1/pokemon_cards?id=eq.base4-86 "HTTP/1.1 204 No Content"
2026-06-11 16:06:17,267 [INFO] HTTP Request: PATCH https://vpfjmgefygjhabuizdsq.supabase.co/rest/v1/pokemon_cards?id=eq.base4-87 "HTTP/1.1 204 No Content"
2026-06-11 16:06:17,385 [INFO] HTTP Request: PATCH https://vpfjmgefygjhabuizdsq.supabase.co/rest/v1/pokemon_cards?id=eq.base4-88 "HTTP/1.1 204 No Content"
2026-06-11 16:06:17,579 [INFO] HTTP Request: PATCH https://vpfjmgefygjhabuizdsq.supabase.co/rest/v1/pokemon_cards?id=eq.base4-89 "HTTP/1.1 204 No Content"
2026-06-11 16:06:17,694 [INFO] HTTP Request: PATCH https://vpfjmgefygjhabuizdsq.supabase.co/rest/v1/pokemon_cards?id=eq.base4-9 "HTTP/1.1 204 No Content"
2026-06-11 16:06:17,811 [INFO] HTTP Request: PATCH https://vpfjmgefygjhabuizdsq.supabase.co/rest/v1/pokemon_cards?id=eq.base4-90 "HTTP/1.1 204 No Content"
2026-06-11 16:06:17,918 [INFO] HTTP Request: PATCH https://vpfjmgefygjhabuizdsq.supabase.co/rest/v1/pokemon_cards?id=eq.base4-91 "HTTP/1.1 204 No Content"
2026-06-11 16:06:18,031 [INFO] HTTP Request: PATCH https://vpfjmgefygjhabuizdsq.supabase.co/rest/v1/pokemon_cards?id=eq.base4-92 "HTTP/1.1 204 No Content"
2026-06-11 16:06:18,145 [INFO] HTTP Request: PATCH https://vpfjmgefygjhabuizdsq.supabase.co/rest/v1/pokemon_cards?id=eq.base4-93 "HTTP/1.1 204 No Content"
2026-06-11 16:06:18,285 [INFO] HTTP Request: PATCH https://vpfjmgefygjhabuizdsq.supabase.co/rest/v1/pokemon_cards?id=eq.base4-94 "HTTP/1.1 204 No Content"
2026-06-11 16:06:18,403 [INFO] HTTP Request: PATCH https://vpfjmgefygjhabuizdsq.supabase.co/rest/v1/pokemon_cards?id=eq.base4-95 "HTTP/1.1 204 No Content"
2026-06-11 16:06:18,520 [INFO] HTTP Request: PATCH https://vpfjmgefygjhabuizdsq.supabase.co/rest/v1/pokemon_cards?id=eq.base4-96 "HTTP/1.1 204 No Content"
2026-06-11 16:06:18,718 [INFO] HTTP Request: PATCH https://vpfjmgefygjhabuizdsq.supabase.co/rest/v1/pokemon_cards?id=eq.base4-97 "HTTP/1.1 204 No Content"
2026-06-11 16:06:18,836 [INFO] HTTP Request: PATCH https://vpfjmgefygjhabuizdsq.supabase.co/rest/v1/pokemon_cards?id=eq.base4-98 "HTTP/1.1 204 No Content"
2026-06-11 16:06:18,948 [INFO] HTTP Request: PATCH https://vpfjmgefygjhabuizdsq.supabase.co/rest/v1/pokemon_cards?id=eq.base4-99 "HTTP/1.1 204 No Content"
2026-06-11 16:06:19,068 [INFO] HTTP Request: PATCH https://vpfjmgefygjhabuizdsq.supabase.co/rest/v1/pokemon_cards?id=eq.base5-1 "HTTP/1.1 204 No Content"
2026-06-11 16:06:19,178 [INFO] HTTP Request: PATCH https://vpfjmgefygjhabuizdsq.supabase.co/rest/v1/pokemon_cards?id=eq.base5-10 "HTTP/1.1 204 No Content"
2026-06-11 16:06:19,293 [INFO] HTTP Request: PATCH https://vpfjmgefygjhabuizdsq.supabase.co/rest/v1/pokemon_cards?id=eq.base5-11 "HTTP/1.1 204 No Content"
2026-06-11 16:06:19,294 [INFO]   ✅ Batch 50 kartu di-upsert (total berhasil: 350)
2026-06-11 16:06:20,422 [INFO] HTTP Request: GET https://prices.pokemontcg.io/tcgplayer/base5-12 "HTTP/1.1 302 Found"
2026-06-11 16:06:21,083 [INFO] HTTP Request: GET https://prices.pokemontcg.io/tcgplayer/base5-13 "HTTP/1.1 302 Found"
2026-06-11 16:06:21,763 [INFO] HTTP Request: GET https://prices.pokemontcg.io/tcgplayer/base5-14 "HTTP/1.1 302 Found"
2026-06-11 16:06:22,184 [INFO] HTTP Request: GET https://prices.pokemontcg.io/tcgplayer/base5-15 "HTTP/1.1 302 Found"
2026-06-11 16:06:22,926 [INFO] HTTP Request: GET https://prices.pokemontcg.io/tcgplayer/base5-16 "HTTP/1.1 302 Found"
2026-06-11 16:06:23,881 [INFO] HTTP Request: GET https://prices.pokemontcg.io/tcgplayer/base5-17 "HTTP/1.1 302 Found"
2026-06-11 16:06:24,306 [INFO] HTTP Request: GET https://prices.pokemontcg.io/tcgplayer/base5-18 "HTTP/1.1 302 Found"
2026-06-11 16:06:25,378 [INFO] HTTP Request: GET https://prices.pokemontcg.io/tcgplayer/base5-19 "HTTP/1.1 302 Found"
2026-06-11 16:06:25,814 [INFO] HTTP Request: GET https://prices.pokemontcg.io/tcgplayer/base5-2 "HTTP/1.1 302 Found"
2026-06-11 16:06:26,284 [INFO] HTTP Request: GET https://prices.pokemontcg.io/tcgplayer/base5-20 "HTTP/1.1 302 Found"
2026-06-11 16:06:26,716 [INFO] HTTP Request: GET https://prices.pokemontcg.io/tcgplayer/base5-21 "HTTP/1.1 302 Found"
2026-06-11 16:06:27,168 [INFO] HTTP Request: GET https://prices.pokemontcg.io/tcgplayer/base5-22 "HTTP/1.1 302 Found"
2026-06-11 16:06:28,054 [INFO] HTTP Request: GET https://prices.pokemontcg.io/tcgplayer/base5-23 "HTTP/1.1 302 Found"
2026-06-11 16:06:28,877 [INFO] HTTP Request: GET https://prices.pokemontcg.io/tcgplayer/base5-24 "HTTP/1.1 302 Found"
2026-06-11 16:06:29,306 [INFO] HTTP Request: GET https://prices.pokemontcg.io/tcgplayer/base5-25 "HTTP/1.1 302 Found"
2026-06-11 16:06:30,515 [INFO] HTTP Request: GET https://prices.pokemontcg.io/tcgplayer/base5-26 "HTTP/1.1 302 Found"
2026-06-11 16:06:31,203 [INFO] HTTP Request: GET https://prices.pokemontcg.io/tcgplayer/base5-27 "HTTP/1.1 302 Found"
2026-06-11 16:06:31,635 [INFO] HTTP Request: GET https://prices.pokemontcg.io/tcgplayer/base5-28 "HTTP/1.1 302 Found"
2026-06-11 16:06:33,084 [INFO] HTTP Request: GET https://prices.pokemontcg.io/tcgplayer/base5-29 "HTTP/1.1 302 Found"
2026-06-11 16:06:33,532 [INFO] HTTP Request: GET https://prices.pokemontcg.io/tcgplayer/base5-3 "HTTP/1.1 302 Found"
2026-06-11 16:06:34,738 [INFO] HTTP Request: GET https://prices.pokemontcg.io/tcgplayer/base5-30 "HTTP/1.1 302 Found"
2026-06-11 16:06:35,172 [INFO] HTTP Request: GET https://prices.pokemontcg.io/tcgplayer/base5-31 "HTTP/1.1 302 Found"
2026-06-11 16:06:38,341 [INFO] HTTP Request: GET https://prices.pokemontcg.io/tcgplayer/base5-32 "HTTP/1.1 302 Found"
2026-06-11 16:06:40,848 [INFO] HTTP Request: GET https://prices.pokemontcg.io/tcgplayer/base5-33 "HTTP/1.1 302 Found"
2026-06-11 16:06:41,307 [INFO] HTTP Request: GET https://prices.pokemontcg.io/tcgplayer/base5-34 "HTTP/1.1 302 Found"
2026-06-11 16:06:41,882 [INFO] HTTP Request: GET https://prices.pokemontcg.io/tcgplayer/base5-35 "HTTP/1.1 302 Found"
2026-06-11 16:06:47,182 [INFO] HTTP Request: GET https://prices.pokemontcg.io/tcgplayer/base5-36 "HTTP/1.1 302 Found"
2026-06-11 16:07:06,139 [INFO] HTTP Request: GET https://prices.pokemontcg.io/tcgplayer/base5-37 "HTTP/1.1 302 Found"
2026-06-11 16:07:07,450 [INFO] HTTP Request: GET https://prices.pokemontcg.io/tcgplayer/base5-38 "HTTP/1.1 302 Found"
2026-06-11 16:07:07,932 [INFO] HTTP Request: GET https://prices.pokemontcg.io/tcgplayer/base5-39 "HTTP/1.1 302 Found"
2026-06-11 16:07:13,300 [INFO] HTTP Request: GET https://prices.pokemontcg.io/tcgplayer/base5-4 "HTTP/1.1 302 Found"
2026-06-11 16:07:20,348 [INFO] HTTP Request: GET https://prices.pokemontcg.io/tcgplayer/base5-40 "HTTP/1.1 302 Found"
2026-06-11 16:07:21,212 [INFO] HTTP Request: GET https://prices.pokemontcg.io/tcgplayer/base5-41 "HTTP/1.1 302 Found"
2026-06-11 16:07:30,752 [INFO] HTTP Request: GET https://prices.pokemontcg.io/tcgplayer/base5-42 "HTTP/1.1 302 Found"
2026-06-11 16:07:33,867 [INFO] HTTP Request: GET https://prices.pokemontcg.io/tcgplayer/base5-43 "HTTP/1.1 302 Found"
2026-06-11 16:07:38,104 [INFO] HTTP Request: GET https://prices.pokemontcg.io/tcgplayer/base5-44 "HTTP/1.1 302 Found"
2026-06-11 16:07:38,532 [INFO] HTTP Request: GET https://prices.pokemontcg.io/tcgplayer/base5-45 "HTTP/1.1 302 Found"
2026-06-11 16:07:43,856 [INFO] HTTP Request: GET https://prices.pokemontcg.io/tcgplayer/base5-46 "HTTP/1.1 302 Found"
2026-06-11 16:08:36,535 [INFO] HTTP Request: GET https://prices.pokemontcg.io/tcgplayer/base5-48 "HTTP/1.1 302 Found"
2026-06-11 16:09:10,374 [INFO] HTTP Request: GET https://prices.pokemontcg.io/tcgplayer/base5-5 "HTTP/1.1 302 Found"
2026-06-11 16:09:45,189 [INFO] HTTP Request: GET https://prices.pokemontcg.io/tcgplayer/base5-51 "HTTP/1.1 302 Found"
2026-06-11 16:09:45,850 [INFO] HTTP Request: GET https://prices.pokemontcg.io/tcgplayer/base5-52 "HTTP/1.1 302 Found"
2026-06-11 16:09:46,789 [INFO] HTTP Request: GET https://prices.pokemontcg.io/tcgplayer/base5-53 "HTTP/1.1 302 Found"
2026-06-11 16:09:47,284 [INFO] HTTP Request: GET https://prices.pokemontcg.io/tcgplayer/base5-54 "HTTP/1.1 302 Found"
2026-06-11 16:09:48,338 [INFO] HTTP Request: GET https://prices.pokemontcg.io/tcgplayer/base5-55 "HTTP/1.1 302 Found"
2026-06-11 16:09:49,174 [INFO] HTTP Request: GET https://prices.pokemontcg.io/tcgplayer/base5-56 "HTTP/1.1 302 Found"
2026-06-11 16:09:49,651 [INFO] HTTP Request: GET https://prices.pokemontcg.io/tcgplayer/base5-57 "HTTP/1.1 302 Found"
2026-06-11 16:09:50,318 [INFO] HTTP Request: GET https://prices.pokemontcg.io/tcgplayer/base5-58 "HTTP/1.1 302 Found"
2026-06-11 16:09:50,860 [INFO] HTTP Request: GET https://prices.pokemontcg.io/tcgplayer/base5-59 "HTTP/1.1 302 Found"
2026-06-11 16:09:51,330 [INFO] HTTP Request: GET https://prices.pokemontcg.io/tcgplayer/base5-6 "HTTP/1.1 302 Found"
2026-06-11 16:09:51,968 [INFO] HTTP Request: PATCH https://vpfjmgefygjhabuizdsq.supabase.co/rest/v1/pokemon_cards?id=eq.base5-12 "HTTP/1.1 204 No Content"
2026-06-11 16:09:52,082 [INFO] HTTP Request: PATCH https://vpfjmgefygjhabuizdsq.supabase.co/rest/v1/pokemon_cards?id=eq.base5-13 "HTTP/1.1 204 No Content"
2026-06-11 16:09:52,198 [INFO] HTTP Request: PATCH https://vpfjmgefygjhabuizdsq.supabase.co/rest/v1/pokemon_cards?id=eq.base5-14 "HTTP/1.1 204 No Content"
2026-06-11 16:09:52,316 [INFO] HTTP Request: PATCH https://vpfjmgefygjhabuizdsq.supabase.co/rest/v1/pokemon_cards?id=eq.base5-15 "HTTP/1.1 204 No Content"
2026-06-11 16:09:52,528 [INFO] HTTP Request: PATCH https://vpfjmgefygjhabuizdsq.supabase.co/rest/v1/pokemon_cards?id=eq.base5-16 "HTTP/1.1 204 No Content"
2026-06-11 16:09:52,725 [INFO] HTTP Request: PATCH https://vpfjmgefygjhabuizdsq.supabase.co/rest/v1/pokemon_cards?id=eq.base5-17 "HTTP/1.1 204 No Content"
2026-06-11 16:09:52,843 [INFO] HTTP Request: PATCH https://vpfjmgefygjhabuizdsq.supabase.co/rest/v1/pokemon_cards?id=eq.base5-18 "HTTP/1.1 204 No Content"
2026-06-11 16:09:52,960 [INFO] HTTP Request: PATCH https://vpfjmgefygjhabuizdsq.supabase.co/rest/v1/pokemon_cards?id=eq.base5-19 "HTTP/1.1 204 No Content"
2026-06-11 16:09:53,080 [INFO] HTTP Request: PATCH https://vpfjmgefygjhabuizdsq.supabase.co/rest/v1/pokemon_cards?id=eq.base5-2 "HTTP/1.1 204 No Content"
2026-06-11 16:09:53,195 [INFO] HTTP Request: PATCH https://vpfjmgefygjhabuizdsq.supabase.co/rest/v1/pokemon_cards?id=eq.base5-20 "HTTP/1.1 204 No Content"
2026-06-11 16:09:53,311 [INFO] HTTP Request: PATCH https://vpfjmgefygjhabuizdsq.supabase.co/rest/v1/pokemon_cards?id=eq.base5-21 "HTTP/1.1 204 No Content"
2026-06-11 16:09:53,485 [INFO] HTTP Request: PATCH https://vpfjmgefygjhabuizdsq.supabase.co/rest/v1/pokemon_cards?id=eq.base5-22 "HTTP/1.1 204 No Content"
2026-06-11 16:09:53,684 [INFO] HTTP Request: PATCH https://vpfjmgefygjhabuizdsq.supabase.co/rest/v1/pokemon_cards?id=eq.base5-23 "HTTP/1.1 204 No Content"
2026-06-11 16:09:53,808 [INFO] HTTP Request: PATCH https://vpfjmgefygjhabuizdsq.supabase.co/rest/v1/pokemon_cards?id=eq.base5-24 "HTTP/1.1 204 No Content"
2026-06-11 16:09:53,941 [INFO] HTTP Request: PATCH https://vpfjmgefygjhabuizdsq.supabase.co/rest/v1/pokemon_cards?id=eq.base5-25 "HTTP/1.1 204 No Content"
2026-06-11 16:09:54,053 [INFO] HTTP Request: PATCH https://vpfjmgefygjhabuizdsq.supabase.co/rest/v1/pokemon_cards?id=eq.base5-26 "HTTP/1.1 204 No Content"
2026-06-11 16:09:54,165 [INFO] HTTP Request: PATCH https://vpfjmgefygjhabuizdsq.supabase.co/rest/v1/pokemon_cards?id=eq.base5-27 "HTTP/1.1 204 No Content"
2026-06-11 16:09:54,355 [INFO] HTTP Request: PATCH https://vpfjmgefygjhabuizdsq.supabase.co/rest/v1/pokemon_cards?id=eq.base5-28 "HTTP/1.1 204 No Content"
2026-06-11 16:09:54,497 [INFO] HTTP Request: PATCH https://vpfjmgefygjhabuizdsq.supabase.co/rest/v1/pokemon_cards?id=eq.base5-29 "HTTP/1.1 204 No Content"
2026-06-11 16:09:54,626 [INFO] HTTP Request: PATCH https://vpfjmgefygjhabuizdsq.supabase.co/rest/v1/pokemon_cards?id=eq.base5-3 "HTTP/1.1 204 No Content"
2026-06-11 16:09:54,741 [INFO] HTTP Request: PATCH https://vpfjmgefygjhabuizdsq.supabase.co/rest/v1/pokemon_cards?id=eq.base5-30 "HTTP/1.1 204 No Content"
2026-06-11 16:09:54,852 [INFO] HTTP Request: PATCH https://vpfjmgefygjhabuizdsq.supabase.co/rest/v1/pokemon_cards?id=eq.base5-31 "HTTP/1.1 204 No Content"
2026-06-11 16:09:54,966 [INFO] HTTP Request: PATCH https://vpfjmgefygjhabuizdsq.supabase.co/rest/v1/pokemon_cards?id=eq.base5-32 "HTTP/1.1 204 No Content"
2026-06-11 16:09:55,095 [INFO] HTTP Request: PATCH https://vpfjmgefygjhabuizdsq.supabase.co/rest/v1/pokemon_cards?id=eq.base5-33 "HTTP/1.1 204 No Content"
2026-06-11 16:09:55,210 [INFO] HTTP Request: PATCH https://vpfjmgefygjhabuizdsq.supabase.co/rest/v1/pokemon_cards?id=eq.base5-34 "HTTP/1.1 204 No Content"
2026-06-11 16:09:55,325 [INFO] HTTP Request: PATCH https://vpfjmgefygjhabuizdsq.supabase.co/rest/v1/pokemon_cards?id=eq.base5-35 "HTTP/1.1 204 No Content"
2026-06-11 16:09:55,440 [INFO] HTTP Request: PATCH https://vpfjmgefygjhabuizdsq.supabase.co/rest/v1/pokemon_cards?id=eq.base5-36 "HTTP/1.1 204 No Content"
2026-06-11 16:09:55,551 [INFO] HTTP Request: PATCH https://vpfjmgefygjhabuizdsq.supabase.co/rest/v1/pokemon_cards?id=eq.base5-37 "HTTP/1.1 204 No Content"
2026-06-11 16:09:55,674 [INFO] HTTP Request: PATCH https://vpfjmgefygjhabuizdsq.supabase.co/rest/v1/pokemon_cards?id=eq.base5-38 "HTTP/1.1 204 No Content"
2026-06-11 16:09:55,805 [INFO] HTTP Request: PATCH https://vpfjmgefygjhabuizdsq.supabase.co/rest/v1/pokemon_cards?id=eq.base5-39 "HTTP/1.1 204 No Content"
2026-06-11 16:09:55,916 [INFO] HTTP Request: PATCH https://vpfjmgefygjhabuizdsq.supabase.co/rest/v1/pokemon_cards?id=eq.base5-4 "HTTP/1.1 204 No Content"
2026-06-11 16:09:56,027 [INFO] HTTP Request: PATCH https://vpfjmgefygjhabuizdsq.supabase.co/rest/v1/pokemon_cards?id=eq.base5-40 "HTTP/1.1 204 No Content"
2026-06-11 16:09:56,152 [INFO] HTTP Request: PATCH https://vpfjmgefygjhabuizdsq.supabase.co/rest/v1/pokemon_cards?id=eq.base5-41 "HTTP/1.1 204 No Content"
2026-06-11 16:09:56,271 [INFO] HTTP Request: PATCH https://vpfjmgefygjhabuizdsq.supabase.co/rest/v1/pokemon_cards?id=eq.base5-42 "HTTP/1.1 204 No Content"
2026-06-11 16:09:56,383 [INFO] HTTP Request: PATCH https://vpfjmgefygjhabuizdsq.supabase.co/rest/v1/pokemon_cards?id=eq.base5-43 "HTTP/1.1 204 No Content"
2026-06-11 16:09:56,528 [INFO] HTTP Request: PATCH https://vpfjmgefygjhabuizdsq.supabase.co/rest/v1/pokemon_cards?id=eq.base5-44 "HTTP/1.1 204 No Content"
2026-06-11 16:09:56,723 [INFO] HTTP Request: PATCH https://vpfjmgefygjhabuizdsq.supabase.co/rest/v1/pokemon_cards?id=eq.base5-45 "HTTP/1.1 204 No Content"
2026-06-11 16:09:56,878 [INFO] HTTP Request: PATCH https://vpfjmgefygjhabuizdsq.supabase.co/rest/v1/pokemon_cards?id=eq.base5-46 "HTTP/1.1 204 No Content"
2026-06-11 16:09:56,995 [INFO] HTTP Request: PATCH https://vpfjmgefygjhabuizdsq.supabase.co/rest/v1/pokemon_cards?id=eq.base5-48 "HTTP/1.1 204 No Content"
2026-06-11 16:09:57,106 [INFO] HTTP Request: PATCH https://vpfjmgefygjhabuizdsq.supabase.co/rest/v1/pokemon_cards?id=eq.base5-5 "HTTP/1.1 204 No Content"
2026-06-11 16:09:57,215 [INFO] HTTP Request: PATCH https://vpfjmgefygjhabuizdsq.supabase.co/rest/v1/pokemon_cards?id=eq.base5-51 "HTTP/1.1 204 No Content"
2026-06-11 16:09:57,333 [INFO] HTTP Request: PATCH https://vpfjmgefygjhabuizdsq.supabase.co/rest/v1/pokemon_cards?id=eq.base5-52 "HTTP/1.1 204 No Content"
2026-06-11 16:09:57,447 [INFO] HTTP Request: PATCH https://vpfjmgefygjhabuizdsq.supabase.co/rest/v1/pokemon_cards?id=eq.base5-53 "HTTP/1.1 204 No Content"
2026-06-11 16:09:57,562 [INFO] HTTP Request: PATCH https://vpfjmgefygjhabuizdsq.supabase.co/rest/v1/pokemon_cards?id=eq.base5-54 "HTTP/1.1 204 No Content"
2026-06-11 16:09:57,672 [INFO] HTTP Request: PATCH https://vpfjmgefygjhabuizdsq.supabase.co/rest/v1/pokemon_cards?id=eq.base5-55 "HTTP/1.1 204 No Content"
2026-06-11 16:09:57,879 [INFO] HTTP Request: PATCH https://vpfjmgefygjhabuizdsq.supabase.co/rest/v1/pokemon_cards?id=eq.base5-56 "HTTP/1.1 204 No Content"
2026-06-11 16:09:58,010 [INFO] HTTP Request: PATCH https://vpfjmgefygjhabuizdsq.supabase.co/rest/v1/pokemon_cards?id=eq.base5-57 "HTTP/1.1 204 No Content"
2026-06-11 16:09:58,130 [INFO] HTTP Request: PATCH https://vpfjmgefygjhabuizdsq.supabase.co/rest/v1/pokemon_cards?id=eq.base5-58 "HTTP/1.1 204 No Content"
2026-06-11 16:09:58,238 [INFO] HTTP Request: PATCH https://vpfjmgefygjhabuizdsq.supabase.co/rest/v1/pokemon_cards?id=eq.base5-59 "HTTP/1.1 204 No Content"
2026-06-11 16:09:58,347 [INFO] HTTP Request: PATCH https://vpfjmgefygjhabuizdsq.supabase.co/rest/v1/pokemon_cards?id=eq.base5-6 "HTTP/1.1 204 No Content"
2026-06-11 16:09:58,348 [INFO]   ✅ Batch 50 kartu di-upsert (total berhasil: 400)
2026-06-11 16:09:59,219 [INFO] HTTP Request: GET https://prices.pokemontcg.io/tcgplayer/base5-60 "HTTP/1.1 302 Found"
2026-06-11 16:10:00,552 [INFO] HTTP Request: GET https://prices.pokemontcg.io/tcgplayer/base5-61 "HTTP/1.1 302 Found"
2026-06-11 16:10:03,109 [INFO] HTTP Request: GET https://prices.pokemontcg.io/tcgplayer/base5-62 "HTTP/1.1 302 Found"
2026-06-11 16:10:04,764 [INFO] HTTP Request: GET https://prices.pokemontcg.io/tcgplayer/base5-63 "HTTP/1.1 302 Found"
2026-06-11 16:10:06,159 [INFO] HTTP Request: GET https://prices.pokemontcg.io/tcgplayer/base5-64 "HTTP/1.1 302 Found"
2026-06-11 16:10:07,970 [INFO] HTTP Request: GET https://prices.pokemontcg.io/tcgplayer/base5-65 "HTTP/1.1 302 Found"
2026-06-11 16:10:09,702 [INFO] HTTP Request: GET https://prices.pokemontcg.io/tcgplayer/base5-66 "HTTP/1.1 302 Found"
2026-06-11 16:10:10,466 [INFO] HTTP Request: GET https://prices.pokemontcg.io/tcgplayer/base5-67 "HTTP/1.1 302 Found"
2026-06-11 16:10:15,876 [INFO] HTTP Request: GET https://prices.pokemontcg.io/tcgplayer/base5-68 "HTTP/1.1 302 Found"
2026-06-11 16:10:18,578 [INFO] HTTP Request: GET https://prices.pokemontcg.io/tcgplayer/base5-69 "HTTP/1.1 302 Found"
2026-06-11 16:10:19,055 [INFO] HTTP Request: GET https://prices.pokemontcg.io/tcgplayer/base5-7 "HTTP/1.1 302 Found"
2026-06-11 16:10:21,742 [INFO] HTTP Request: GET https://prices.pokemontcg.io/tcgplayer/base5-70 "HTTP/1.1 302 Found"
2026-06-11 16:10:33,296 [INFO] HTTP Request: GET https://prices.pokemontcg.io/tcgplayer/base5-71 "HTTP/1.1 302 Found"
2026-06-11 16:10:35,521 [INFO] HTTP Request: GET https://prices.pokemontcg.io/tcgplayer/base5-72 "HTTP/1.1 302 Found"
2026-06-11 16:10:35,933 [INFO] HTTP Request: GET https://prices.pokemontcg.io/tcgplayer/base5-73 "HTTP/1.1 302 Found"
2026-06-11 16:10:41,332 [INFO] HTTP Request: GET https://prices.pokemontcg.io/tcgplayer/base5-74 "HTTP/1.1 302 Found"
2026-06-11 16:10:46,625 [INFO] HTTP Request: GET https://prices.pokemontcg.io/tcgplayer/base5-75 "HTTP/1.1 302 Found"
2026-06-11 16:10:47,177 [INFO] HTTP Request: GET https://prices.pokemontcg.io/tcgplayer/base5-76 "HTTP/1.1 302 Found"
2026-06-11 16:10:49,158 [INFO] HTTP Request: GET https://prices.pokemontcg.io/tcgplayer/base5-77 "HTTP/1.1 302 Found"
2026-06-11 16:10:49,572 [INFO] HTTP Request: GET https://prices.pokemontcg.io/tcgplayer/base5-78 "HTTP/1.1 302 Found"
2026-06-11 16:10:56,182 [INFO] HTTP Request: GET https://prices.pokemontcg.io/tcgplayer/base5-79 "HTTP/1.1 302 Found"
2026-06-11 16:10:56,642 [INFO] HTTP Request: GET https://prices.pokemontcg.io/tcgplayer/base5-8 "HTTP/1.1 302 Found"
2026-06-11 16:11:23,057 [INFO] HTTP Request: GET https://prices.pokemontcg.io/tcgplayer/base5-80 "HTTP/1.1 302 Found"
2026-06-11 16:11:23,488 [INFO] HTTP Request: GET https://prices.pokemontcg.io/tcgplayer/base5-81 "HTTP/1.1 302 Found"
2026-06-11 16:11:24,181 [INFO] HTTP Request: GET https://prices.pokemontcg.io/tcgplayer/base5-82 "HTTP/1.1 302 Found"
2026-06-11 16:11:29,817 [INFO] HTTP Request: GET https://prices.pokemontcg.io/tcgplayer/base5-83 "HTTP/1.1 302 Found"
2026-06-11 16:11:31,668 [INFO] HTTP Request: GET https://prices.pokemontcg.io/tcgplayer/base5-9 "HTTP/1.1 302 Found"
2026-06-11 16:11:34,579 [INFO] HTTP Request: GET https://prices.pokemontcg.io/tcgplayer/base6-1 "HTTP/1.1 302 Found"
2026-06-11 16:11:35,507 [INFO] HTTP Request: GET https://prices.pokemontcg.io/tcgplayer/base6-10 "HTTP/1.1 302 Found"
2026-06-11 16:11:36,214 [INFO] HTTP Request: GET https://prices.pokemontcg.io/tcgplayer/base6-100 "HTTP/1.1 302 Found"
2026-06-11 16:11:38,429 [INFO] HTTP Request: GET https://prices.pokemontcg.io/tcgplayer/base6-101 "HTTP/1.1 302 Found"
2026-06-11 16:11:41,625 [INFO] HTTP Request: GET https://prices.pokemontcg.io/tcgplayer/base6-102 "HTTP/1.1 302 Found"
2026-06-11 16:11:59,353 [INFO] HTTP Request: GET https://prices.pokemontcg.io/tcgplayer/base6-103 "HTTP/1.1 302 Found"
2026-06-11 16:12:00,283 [INFO] HTTP Request: GET https://prices.pokemontcg.io/tcgplayer/base6-104 "HTTP/1.1 302 Found"
2026-06-11 16:12:12,070 [INFO] HTTP Request: GET https://prices.pokemontcg.io/tcgplayer/base6-105 "HTTP/1.1 302 Found"
2026-06-11 16:12:13,049 [INFO] HTTP Request: GET https://prices.pokemontcg.io/tcgplayer/base6-106 "HTTP/1.1 302 Found"
2026-06-11 16:12:13,650 [INFO] HTTP Request: GET https://prices.pokemontcg.io/tcgplayer/base6-107 "HTTP/1.1 302 Found"
2026-06-11 16:12:14,326 [INFO] HTTP Request: GET https://prices.pokemontcg.io/tcgplayer/base6-108 "HTTP/1.1 302 Found"
2026-06-11 16:12:21,231 [INFO] HTTP Request: GET https://prices.pokemontcg.io/tcgplayer/base6-109 "HTTP/1.1 302 Found"
2026-06-11 16:12:22,767 [INFO] HTTP Request: GET https://prices.pokemontcg.io/tcgplayer/base6-11 "HTTP/1.1 302 Found"
2026-06-11 16:12:24,470 [INFO] HTTP Request: GET https://prices.pokemontcg.io/tcgplayer/base6-110 "HTTP/1.1 302 Found"
2026-06-11 16:12:28,089 [INFO] HTTP Request: GET https://prices.pokemontcg.io/tcgplayer/base6-12 "HTTP/1.1 302 Found"
2026-06-11 16:12:39,741 [INFO] HTTP Request: GET https://prices.pokemontcg.io/tcgplayer/base6-13 "HTTP/1.1 302 Found"
2026-06-11 16:12:51,722 [INFO] HTTP Request: GET https://prices.pokemontcg.io/tcgplayer/base6-14 "HTTP/1.1 302 Found"
2026-06-11 16:13:03,273 [INFO] HTTP Request: GET https://prices.pokemontcg.io/tcgplayer/base6-15 "HTTP/1.1 302 Found"
2026-06-11 16:13:05,465 [INFO] HTTP Request: GET https://prices.pokemontcg.io/tcgplayer/base6-16 "HTTP/1.1 302 Found"
2026-06-11 16:13:33,619 [INFO] HTTP Request: GET https://prices.pokemontcg.io/tcgplayer/base6-17 "HTTP/1.1 302 Found"
2026-06-11 16:13:35,060 [INFO] HTTP Request: GET https://prices.pokemontcg.io/tcgplayer/base6-18 "HTTP/1.1 302 Found"
2026-06-11 16:13:58,667 [INFO] HTTP Request: GET https://prices.pokemontcg.io/tcgplayer/base6-19 "HTTP/1.1 302 Found"
2026-06-11 16:13:59,107 [INFO] HTTP Request: GET https://prices.pokemontcg.io/tcgplayer/base6-2 "HTTP/1.1 302 Found"
2026-06-11 16:14:00,130 [INFO] HTTP Request: PATCH https://vpfjmgefygjhabuizdsq.supabase.co/rest/v1/pokemon_cards?id=eq.base5-60 "HTTP/1.1 204 No Content"
2026-06-11 16:14:00,325 [INFO] HTTP Request: PATCH https://vpfjmgefygjhabuizdsq.supabase.co/rest/v1/pokemon_cards?id=eq.base5-61 "HTTP/1.1 204 No Content"
2026-06-11 16:14:00,438 [INFO] HTTP Request: PATCH https://vpfjmgefygjhabuizdsq.supabase.co/rest/v1/pokemon_cards?id=eq.base5-62 "HTTP/1.1 204 No Content"
2026-06-11 16:14:00,553 [INFO] HTTP Request: PATCH https://vpfjmgefygjhabuizdsq.supabase.co/rest/v1/pokemon_cards?id=eq.base5-63 "HTTP/1.1 204 No Content"
2026-06-11 16:14:00,674 [INFO] HTTP Request: PATCH https://vpfjmgefygjhabuizdsq.supabase.co/rest/v1/pokemon_cards?id=eq.base5-64 "HTTP/1.1 204 No Content"
2026-06-11 16:14:00,789 [INFO] HTTP Request: PATCH https://vpfjmgefygjhabuizdsq.supabase.co/rest/v1/pokemon_cards?id=eq.base5-65 "HTTP/1.1 204 No Content"
2026-06-11 16:14:00,904 [INFO] HTTP Request: PATCH https://vpfjmgefygjhabuizdsq.supabase.co/rest/v1/pokemon_cards?id=eq.base5-66 "HTTP/1.1 204 No Content"
2026-06-11 16:14:01,026 [INFO] HTTP Request: PATCH https://vpfjmgefygjhabuizdsq.supabase.co/rest/v1/pokemon_cards?id=eq.base5-67 "HTTP/1.1 204 No Content"
2026-06-11 16:14:01,138 [INFO] HTTP Request: PATCH https://vpfjmgefygjhabuizdsq.supabase.co/rest/v1/pokemon_cards?id=eq.base5-68 "HTTP/1.1 204 No Content"
2026-06-11 16:14:01,252 [INFO] HTTP Request: PATCH https://vpfjmgefygjhabuizdsq.supabase.co/rest/v1/pokemon_cards?id=eq.base5-69 "HTTP/1.1 204 No Content"
2026-06-11 16:14:01,368 [INFO] HTTP Request: PATCH https://vpfjmgefygjhabuizdsq.supabase.co/rest/v1/pokemon_cards?id=eq.base5-7 "HTTP/1.1 204 No Content"
2026-06-11 16:14:01,491 [INFO] HTTP Request: PATCH https://vpfjmgefygjhabuizdsq.supabase.co/rest/v1/pokemon_cards?id=eq.base5-70 "HTTP/1.1 204 No Content"
2026-06-11 16:14:01,605 [INFO] HTTP Request: PATCH https://vpfjmgefygjhabuizdsq.supabase.co/rest/v1/pokemon_cards?id=eq.base5-71 "HTTP/1.1 204 No Content"
2026-06-11 16:14:01,729 [INFO] HTTP Request: PATCH https://vpfjmgefygjhabuizdsq.supabase.co/rest/v1/pokemon_cards?id=eq.base5-72 "HTTP/1.1 204 No Content"
2026-06-11 16:14:01,843 [INFO] HTTP Request: PATCH https://vpfjmgefygjhabuizdsq.supabase.co/rest/v1/pokemon_cards?id=eq.base5-73 "HTTP/1.1 204 No Content"
2026-06-11 16:14:01,959 [INFO] HTTP Request: PATCH https://vpfjmgefygjhabuizdsq.supabase.co/rest/v1/pokemon_cards?id=eq.base5-74 "HTTP/1.1 204 No Content"
2026-06-11 16:14:02,076 [INFO] HTTP Request: PATCH https://vpfjmgefygjhabuizdsq.supabase.co/rest/v1/pokemon_cards?id=eq.base5-75 "HTTP/1.1 204 No Content"
2026-06-11 16:14:02,189 [INFO] HTTP Request: PATCH https://vpfjmgefygjhabuizdsq.supabase.co/rest/v1/pokemon_cards?id=eq.base5-76 "HTTP/1.1 204 No Content"
2026-06-11 16:14:02,320 [INFO] HTTP Request: PATCH https://vpfjmgefygjhabuizdsq.supabase.co/rest/v1/pokemon_cards?id=eq.base5-77 "HTTP/1.1 204 No Content"
2026-06-11 16:14:02,434 [INFO] HTTP Request: PATCH https://vpfjmgefygjhabuizdsq.supabase.co/rest/v1/pokemon_cards?id=eq.base5-78 "HTTP/1.1 204 No Content"
2026-06-11 16:14:02,549 [INFO] HTTP Request: PATCH https://vpfjmgefygjhabuizdsq.supabase.co/rest/v1/pokemon_cards?id=eq.base5-79 "HTTP/1.1 204 No Content"
2026-06-11 16:14:02,660 [INFO] HTTP Request: PATCH https://vpfjmgefygjhabuizdsq.supabase.co/rest/v1/pokemon_cards?id=eq.base5-8 "HTTP/1.1 204 No Content"
2026-06-11 16:14:02,777 [INFO] HTTP Request: PATCH https://vpfjmgefygjhabuizdsq.supabase.co/rest/v1/pokemon_cards?id=eq.base5-80 "HTTP/1.1 204 No Content"
2026-06-11 16:14:02,892 [INFO] HTTP Request: PATCH https://vpfjmgefygjhabuizdsq.supabase.co/rest/v1/pokemon_cards?id=eq.base5-81 "HTTP/1.1 204 No Content"
2026-06-11 16:14:03,010 [INFO] HTTP Request: PATCH https://vpfjmgefygjhabuizdsq.supabase.co/rest/v1/pokemon_cards?id=eq.base5-82 "HTTP/1.1 204 No Content"
2026-06-11 16:14:03,126 [INFO] HTTP Request: PATCH https://vpfjmgefygjhabuizdsq.supabase.co/rest/v1/pokemon_cards?id=eq.base5-83 "HTTP/1.1 204 No Content"
2026-06-11 16:14:03,239 [INFO] HTTP Request: PATCH https://vpfjmgefygjhabuizdsq.supabase.co/rest/v1/pokemon_cards?id=eq.base5-9 "HTTP/1.1 204 No Content"
2026-06-11 16:14:03,354 [INFO] HTTP Request: PATCH https://vpfjmgefygjhabuizdsq.supabase.co/rest/v1/pokemon_cards?id=eq.base6-1 "HTTP/1.1 204 No Content"
2026-06-11 16:14:03,468 [INFO] HTTP Request: PATCH https://vpfjmgefygjhabuizdsq.supabase.co/rest/v1/pokemon_cards?id=eq.base6-10 "HTTP/1.1 204 No Content"
2026-06-11 16:14:03,581 [INFO] HTTP Request: PATCH https://vpfjmgefygjhabuizdsq.supabase.co/rest/v1/pokemon_cards?id=eq.base6-100 "HTTP/1.1 204 No Content"
2026-06-11 16:14:03,695 [INFO] HTTP Request: PATCH https://vpfjmgefygjhabuizdsq.supabase.co/rest/v1/pokemon_cards?id=eq.base6-101 "HTTP/1.1 204 No Content"
2026-06-11 16:14:03,828 [INFO] HTTP Request: PATCH https://vpfjmgefygjhabuizdsq.supabase.co/rest/v1/pokemon_cards?id=eq.base6-102 "HTTP/1.1 204 No Content"
2026-06-11 16:14:03,940 [INFO] HTTP Request: PATCH https://vpfjmgefygjhabuizdsq.supabase.co/rest/v1/pokemon_cards?id=eq.base6-103 "HTTP/1.1 204 No Content"
2026-06-11 16:14:04,052 [INFO] HTTP Request: PATCH https://vpfjmgefygjhabuizdsq.supabase.co/rest/v1/pokemon_cards?id=eq.base6-104 "HTTP/1.1 204 No Content"
2026-06-11 16:14:04,160 [INFO] HTTP Request: PATCH https://vpfjmgefygjhabuizdsq.supabase.co/rest/v1/pokemon_cards?id=eq.base6-105 "HTTP/1.1 204 No Content"
2026-06-11 16:14:04,268 [INFO] HTTP Request: PATCH https://vpfjmgefygjhabuizdsq.supabase.co/rest/v1/pokemon_cards?id=eq.base6-106 "HTTP/1.1 204 No Content"
2026-06-11 16:14:04,382 [INFO] HTTP Request: PATCH https://vpfjmgefygjhabuizdsq.supabase.co/rest/v1/pokemon_cards?id=eq.base6-107 "HTTP/1.1 204 No Content"
2026-06-11 16:14:04,500 [INFO] HTTP Request: PATCH https://vpfjmgefygjhabuizdsq.supabase.co/rest/v1/pokemon_cards?id=eq.base6-108 "HTTP/1.1 204 No Content"
2026-06-11 16:14:04,618 [INFO] HTTP Request: PATCH https://vpfjmgefygjhabuizdsq.supabase.co/rest/v1/pokemon_cards?id=eq.base6-109 "HTTP/1.1 204 No Content"
2026-06-11 16:14:04,729 [INFO] HTTP Request: PATCH https://vpfjmgefygjhabuizdsq.supabase.co/rest/v1/pokemon_cards?id=eq.base6-11 "HTTP/1.1 204 No Content"
2026-06-11 16:14:04,846 [INFO] HTTP Request: PATCH https://vpfjmgefygjhabuizdsq.supabase.co/rest/v1/pokemon_cards?id=eq.base6-110 "HTTP/1.1 204 No Content"
2026-06-11 16:14:04,971 [INFO] HTTP Request: PATCH https://vpfjmgefygjhabuizdsq.supabase.co/rest/v1/pokemon_cards?id=eq.base6-12 "HTTP/1.1 204 No Content"
2026-06-11 16:14:05,081 [INFO] HTTP Request: PATCH https://vpfjmgefygjhabuizdsq.supabase.co/rest/v1/pokemon_cards?id=eq.base6-13 "HTTP/1.1 204 No Content"
2026-06-11 16:14:05,194 [INFO] HTTP Request: PATCH https://vpfjmgefygjhabuizdsq.supabase.co/rest/v1/pokemon_cards?id=eq.base6-14 "HTTP/1.1 204 No Content"
2026-06-11 16:14:05,302 [INFO] HTTP Request: PATCH https://vpfjmgefygjhabuizdsq.supabase.co/rest/v1/pokemon_cards?id=eq.base6-15 "HTTP/1.1 204 No Content"
2026-06-11 16:14:05,421 [INFO] HTTP Request: PATCH https://vpfjmgefygjhabuizdsq.supabase.co/rest/v1/pokemon_cards?id=eq.base6-16 "HTTP/1.1 204 No Content"
2026-06-11 16:14:05,534 [INFO] HTTP Request: PATCH https://vpfjmgefygjhabuizdsq.supabase.co/rest/v1/pokemon_cards?id=eq.base6-17 "HTTP/1.1 204 No Content"
2026-06-11 16:14:05,650 [INFO] HTTP Request: PATCH https://vpfjmgefygjhabuizdsq.supabase.co/rest/v1/pokemon_cards?id=eq.base6-18 "HTTP/1.1 204 No Content"
2026-06-11 16:14:05,765 [INFO] HTTP Request: PATCH https://vpfjmgefygjhabuizdsq.supabase.co/rest/v1/pokemon_cards?id=eq.base6-19 "HTTP/1.1 204 No Content"
2026-06-11 16:14:05,879 [INFO] HTTP Request: PATCH https://vpfjmgefygjhabuizdsq.supabase.co/rest/v1/pokemon_cards?id=eq.base6-2 "HTTP/1.1 204 No Content"
2026-06-11 16:14:05,880 [INFO]   ✅ Batch 50 kartu di-upsert (total berhasil: 450)
2026-06-11 16:14:11,975 [INFO] HTTP Request: GET https://prices.pokemontcg.io/tcgplayer/base6-20 "HTTP/1.1 302 Found"
2026-06-11 16:14:16,096 [INFO] HTTP Request: GET https://prices.pokemontcg.io/tcgplayer/base6-21 "HTTP/1.1 302 Found"
2026-06-11 16:14:16,519 [INFO] HTTP Request: GET https://prices.pokemontcg.io/tcgplayer/base6-22 "HTTP/1.1 302 Found"
2026-06-11 16:14:17,168 [INFO] HTTP Request: GET https://prices.pokemontcg.io/tcgplayer/base6-23 "HTTP/1.1 302 Found"
2026-06-11 16:14:17,658 [INFO] HTTP Request: GET https://prices.pokemontcg.io/tcgplayer/base6-24 "HTTP/1.1 302 Found"
2026-06-11 16:14:19,085 [INFO] HTTP Request: GET https://prices.pokemontcg.io/tcgplayer/base6-25 "HTTP/1.1 302 Found"
2026-06-11 16:14:30,784 [INFO] HTTP Request: GET https://prices.pokemontcg.io/tcgplayer/base6-26 "HTTP/1.1 302 Found"
2026-06-11 16:14:31,393 [INFO] HTTP Request: GET https://prices.pokemontcg.io/tcgplayer/base6-27 "HTTP/1.1 302 Found"
2026-06-11 16:14:44,353 [INFO] HTTP Request: GET https://prices.pokemontcg.io/tcgplayer/base6-28 "HTTP/1.1 302 Found"
2026-06-11 16:14:44,800 [INFO] HTTP Request: GET https://prices.pokemontcg.io/tcgplayer/base6-29 "HTTP/1.1 302 Found"
2026-06-11 16:14:45,263 [INFO] HTTP Request: GET https://prices.pokemontcg.io/tcgplayer/base6-3 "HTTP/1.1 302 Found"
2026-06-11 16:14:50,419 [INFO] HTTP Request: GET https://prices.pokemontcg.io/tcgplayer/base6-30 "HTTP/1.1 302 Found"
2026-06-11 16:14:51,581 [INFO] HTTP Request: GET https://prices.pokemontcg.io/tcgplayer/base6-31 "HTTP/1.1 302 Found"
