2026-06-11 13:41:59,928 [INFO] Fetching semua Pokemon TCG sets...
2026-06-11 13:42:03,779 [INFO] HTTP Request: GET https://api.pokemontcg.io/v2/sets?pageSize=250&orderBy=releaseDate&select=id%2Cname%2Cseries%2CprintedTotal%2Ctotal%2CptcgoCode%2CreleaseDate%2Cimages "HTTP/1.1 200 OK"
2026-06-11 13:42:04,208 [INFO] Ditemukan 173 sets
2026-06-11 13:42:04,208 [INFO] Upserting 1 sets ke Supabase...
2026-06-11 13:42:05,450 [INFO] HTTP Request: POST https://vpfjmgefygjhabuizdsq.supabase.co/rest/v1/pokemon_sets "HTTP/1.1 201 Created"
2026-06-11 13:42:05,451 [INFO] ✅ Sets berhasil di-upsert
2026-06-11 13:42:05,593 [INFO] HTTP Request: GET https://vpfjmgefygjhabuizdsq.supabase.co/rest/v1/pokemon_sets?select=id "HTTP/1.1 200 OK"
2026-06-11 13:42:05,594 [INFO] Mode incremental: 1 sets sudah ada di DB
2026-06-11 13:42:09,058 [INFO] HTTP Request: GET https://api.pokemontcg.io/v2/cards?q=set.id%3A%22base1%22&page=1&pageSize=250&orderBy=number "HTTP/1.1 200 OK"
2026-06-11 13:42:09,730 [INFO] HTTP Request: POST https://vpfjmgefygjhabuizdsq.supabase.co/rest/v1/pokemon_cards "HTTP/1.1 201 Created"
2026-06-11 13:42:10,297 [INFO] HTTP Request: POST https://vpfjmgefygjhabuizdsq.supabase.co/rest/v1/pokemon_cards "HTTP/1.1 201 Created"
2026-06-11 13:42:10,425 [INFO] HTTP Request: POST https://vpfjmgefygjhabuizdsq.supabase.co/rest/v1/pokemon_cards "HTTP/1.1 201 Created"
2026-06-11 13:42:10,426 [INFO]   ✅ Base (base1): 102 kartu
2026-06-11 13:42:10,428 [INFO] 
🎉 Selesai! Total kartu di-upsert: 102
2026-06-11 13:42:10,428 [INFO]    Jalankan ulang kapan saja — scraper bersifat incremental (idempotent).
2026-06-11 13:43:22,892 [INFO] Fetching semua Pokemon TCG sets...
2026-06-11 13:43:24,955 [INFO] HTTP Request: GET https://api.pokemontcg.io/v2/sets?pageSize=250&orderBy=releaseDate&select=id%2Cname%2Cseries%2CprintedTotal%2Ctotal%2CptcgoCode%2CreleaseDate%2Cimages "HTTP/1.1 200 OK"
2026-06-11 13:43:25,453 [INFO] Ditemukan 173 sets
2026-06-11 13:43:25,453 [INFO] Upserting 173 sets ke Supabase...
2026-06-11 13:43:26,037 [INFO] HTTP Request: POST https://vpfjmgefygjhabuizdsq.supabase.co/rest/v1/pokemon_sets "HTTP/1.1 201 Created"
2026-06-11 13:43:26,037 [INFO] ✅ Sets berhasil di-upsert
2026-06-11 13:43:26,207 [INFO] HTTP Request: GET https://vpfjmgefygjhabuizdsq.supabase.co/rest/v1/pokemon_sets?select=id "HTTP/1.1 200 OK"
2026-06-11 13:43:26,207 [INFO] Mode incremental: 173 sets sudah ada di DB
2026-06-11 13:43:26,369 [INFO] HTTP Request: GET https://vpfjmgefygjhabuizdsq.supabase.co/rest/v1/pokemon_cards?select=set_id&group=set_id "HTTP/1.1 400 Bad Request"
2026-06-11 13:43:26,494 [INFO] HTTP Request: GET https://vpfjmgefygjhabuizdsq.supabase.co/rest/v1/pokemon_cards?select=set_id&limit=10000 "HTTP/1.1 200 OK"
2026-06-11 13:43:26,495 [INFO] Incremental: 1 sets sudah ada kartunya, 172 sets perlu di-scrape
2026-06-11 13:43:32,973 [INFO] HTTP Request: GET https://api.pokemontcg.io/v2/cards?q=set.id%3A%22base2%22&page=1&pageSize=250&orderBy=number "HTTP/1.1 200 OK"
2026-06-11 13:43:33,300 [INFO] HTTP Request: POST https://vpfjmgefygjhabuizdsq.supabase.co/rest/v1/pokemon_cards "HTTP/1.1 201 Created"
2026-06-11 13:43:33,447 [INFO] HTTP Request: POST https://vpfjmgefygjhabuizdsq.supabase.co/rest/v1/pokemon_cards "HTTP/1.1 201 Created"
2026-06-11 13:43:33,448 [INFO]   ✅ Jungle (base2): 64 kartu
2026-06-11 13:43:35,363 [INFO] HTTP Request: GET https://api.pokemontcg.io/v2/cards?q=set.id%3A%22basep%22&page=1&pageSize=250&orderBy=number "HTTP/1.1 200 OK"
2026-06-11 13:43:35,663 [INFO] HTTP Request: POST https://vpfjmgefygjhabuizdsq.supabase.co/rest/v1/pokemon_cards "HTTP/1.1 201 Created"
2026-06-11 13:43:35,786 [INFO] HTTP Request: POST https://vpfjmgefygjhabuizdsq.supabase.co/rest/v1/pokemon_cards "HTTP/1.1 201 Created"
2026-06-11 13:43:35,790 [INFO]   ✅ Wizards Black Star Promos (basep): 53 kartu
2026-06-11 13:43:38,115 [INFO] HTTP Request: GET https://api.pokemontcg.io/v2/cards?q=set.id%3A%22base3%22&page=1&pageSize=250&orderBy=number "HTTP/1.1 200 OK"
2026-06-11 13:43:38,491 [INFO] HTTP Request: POST https://vpfjmgefygjhabuizdsq.supabase.co/rest/v1/pokemon_cards "HTTP/1.1 201 Created"
2026-06-11 13:43:38,632 [INFO] HTTP Request: POST https://vpfjmgefygjhabuizdsq.supabase.co/rest/v1/pokemon_cards "HTTP/1.1 201 Created"
2026-06-11 13:43:38,634 [INFO]   ✅ Fossil (base3): 62 kartu
2026-06-11 13:43:42,149 [INFO] HTTP Request: GET https://api.pokemontcg.io/v2/cards?q=set.id%3A%22base4%22&page=1&pageSize=250&orderBy=number "HTTP/1.1 200 OK"
2026-06-11 13:43:42,615 [INFO] HTTP Request: POST https://vpfjmgefygjhabuizdsq.supabase.co/rest/v1/pokemon_cards "HTTP/1.1 201 Created"
2026-06-11 13:43:42,814 [INFO] HTTP Request: POST https://vpfjmgefygjhabuizdsq.supabase.co/rest/v1/pokemon_cards "HTTP/1.1 201 Created"
2026-06-11 13:43:42,961 [INFO] HTTP Request: POST https://vpfjmgefygjhabuizdsq.supabase.co/rest/v1/pokemon_cards "HTTP/1.1 201 Created"
2026-06-11 13:43:42,963 [INFO]   ✅ Base Set 2 (base4): 130 kartu
2026-06-11 13:43:46,273 [INFO] HTTP Request: GET https://api.pokemontcg.io/v2/cards?q=set.id%3A%22base5%22&page=1&pageSize=250&orderBy=number "HTTP/1.1 200 OK"
2026-06-11 13:43:46,549 [INFO] HTTP Request: POST https://vpfjmgefygjhabuizdsq.supabase.co/rest/v1/pokemon_cards "HTTP/1.1 201 Created"
2026-06-11 13:43:46,711 [INFO] HTTP Request: POST https://vpfjmgefygjhabuizdsq.supabase.co/rest/v1/pokemon_cards "HTTP/1.1 201 Created"
2026-06-11 13:43:46,713 [INFO]   ✅ Team Rocket (base5): 83 kartu
2026-06-11 13:43:50,248 [INFO] HTTP Request: GET https://api.pokemontcg.io/v2/cards?q=set.id%3A%22gym1%22&page=1&pageSize=250&orderBy=number "HTTP/1.1 200 OK"
2026-06-11 13:43:50,532 [INFO] HTTP Request: POST https://vpfjmgefygjhabuizdsq.supabase.co/rest/v1/pokemon_cards "HTTP/1.1 201 Created"
2026-06-11 13:43:50,732 [INFO] HTTP Request: POST https://vpfjmgefygjhabuizdsq.supabase.co/rest/v1/pokemon_cards "HTTP/1.1 201 Created"
2026-06-11 13:43:50,890 [INFO] HTTP Request: POST https://vpfjmgefygjhabuizdsq.supabase.co/rest/v1/pokemon_cards "HTTP/1.1 201 Created"
2026-06-11 13:43:50,891 [INFO]   ✅ Gym Heroes (gym1): 132 kartu
2026-06-11 13:43:54,615 [INFO] HTTP Request: GET https://api.pokemontcg.io/v2/cards?q=set.id%3A%22gym2%22&page=1&pageSize=250&orderBy=number "HTTP/1.1 200 OK"
2026-06-11 13:43:54,841 [INFO] HTTP Request: POST https://vpfjmgefygjhabuizdsq.supabase.co/rest/v1/pokemon_cards "HTTP/1.1 201 Created"
2026-06-11 13:43:55,018 [INFO] HTTP Request: POST https://vpfjmgefygjhabuizdsq.supabase.co/rest/v1/pokemon_cards "HTTP/1.1 201 Created"
2026-06-11 13:43:55,173 [INFO] HTTP Request: POST https://vpfjmgefygjhabuizdsq.supabase.co/rest/v1/pokemon_cards "HTTP/1.1 201 Created"
2026-06-11 13:43:55,175 [INFO]   ✅ Gym Challenge (gym2): 132 kartu
2026-06-11 13:43:58,520 [INFO] HTTP Request: GET https://api.pokemontcg.io/v2/cards?q=set.id%3A%22neo1%22&page=1&pageSize=250&orderBy=number "HTTP/1.1 200 OK"
2026-06-11 13:43:58,813 [INFO] HTTP Request: POST https://vpfjmgefygjhabuizdsq.supabase.co/rest/v1/pokemon_cards "HTTP/1.1 201 Created"
2026-06-11 13:43:59,000 [INFO] HTTP Request: POST https://vpfjmgefygjhabuizdsq.supabase.co/rest/v1/pokemon_cards "HTTP/1.1 201 Created"
2026-06-11 13:43:59,133 [INFO] HTTP Request: POST https://vpfjmgefygjhabuizdsq.supabase.co/rest/v1/pokemon_cards "HTTP/1.1 201 Created"
2026-06-11 13:43:59,134 [INFO]   ✅ Neo Genesis (neo1): 111 kartu
2026-06-11 13:44:04,504 [INFO] HTTP Request: GET https://api.pokemontcg.io/v2/cards?q=set.id%3A%22neo2%22&page=1&pageSize=250&orderBy=number "HTTP/1.1 200 OK"
2026-06-11 13:44:04,940 [INFO] HTTP Request: POST https://vpfjmgefygjhabuizdsq.supabase.co/rest/v1/pokemon_cards "HTTP/1.1 201 Created"
2026-06-11 13:44:05,093 [INFO] HTTP Request: POST https://vpfjmgefygjhabuizdsq.supabase.co/rest/v1/pokemon_cards "HTTP/1.1 201 Created"
2026-06-11 13:44:05,094 [INFO]   ✅ Neo Discovery (neo2): 75 kartu
2026-06-11 13:44:07,405 [INFO] HTTP Request: GET https://api.pokemontcg.io/v2/cards?q=set.id%3A%22si1%22&page=1&pageSize=250&orderBy=number "HTTP/1.1 200 OK"
2026-06-11 13:44:21,317 [INFO] HTTP Request: POST https://vpfjmgefygjhabuizdsq.supabase.co/rest/v1/pokemon_cards "HTTP/1.1 201 Created"
2026-06-11 13:44:21,318 [INFO]   ✅ Southern Islands (si1): 18 kartu
2026-06-11 13:44:24,129 [INFO] HTTP Request: GET https://api.pokemontcg.io/v2/cards?q=set.id%3A%22neo3%22&page=1&pageSize=250&orderBy=number "HTTP/1.1 200 OK"
2026-06-11 13:44:24,448 [INFO] HTTP Request: POST https://vpfjmgefygjhabuizdsq.supabase.co/rest/v1/pokemon_cards "HTTP/1.1 201 Created"
2026-06-11 13:44:24,595 [INFO] HTTP Request: POST https://vpfjmgefygjhabuizdsq.supabase.co/rest/v1/pokemon_cards "HTTP/1.1 201 Created"
2026-06-11 13:44:24,596 [INFO]   ✅ Neo Revelation (neo3): 66 kartu
2026-06-11 13:44:33,917 [INFO] HTTP Request: GET https://api.pokemontcg.io/v2/cards?q=set.id%3A%22neo4%22&page=1&pageSize=250&orderBy=number "HTTP/1.1 200 OK"
2026-06-11 13:44:34,397 [INFO] HTTP Request: POST https://vpfjmgefygjhabuizdsq.supabase.co/rest/v1/pokemon_cards "HTTP/1.1 201 Created"
2026-06-11 13:44:34,603 [INFO] HTTP Request: POST https://vpfjmgefygjhabuizdsq.supabase.co/rest/v1/pokemon_cards "HTTP/1.1 201 Created"
2026-06-11 13:44:34,737 [INFO] HTTP Request: POST https://vpfjmgefygjhabuizdsq.supabase.co/rest/v1/pokemon_cards "HTTP/1.1 201 Created"
2026-06-11 13:44:34,739 [INFO]   ✅ Neo Destiny (neo4): 113 kartu
2026-06-11 13:44:38,157 [INFO] HTTP Request: GET https://api.pokemontcg.io/v2/cards?q=set.id%3A%22base6%22&page=1&pageSize=250&orderBy=number "HTTP/1.1 200 OK"
2026-06-11 13:44:38,698 [INFO] HTTP Request: POST https://vpfjmgefygjhabuizdsq.supabase.co/rest/v1/pokemon_cards "HTTP/1.1 201 Created"
2026-06-11 13:44:38,895 [INFO] HTTP Request: POST https://vpfjmgefygjhabuizdsq.supabase.co/rest/v1/pokemon_cards "HTTP/1.1 201 Created"
2026-06-11 13:44:39,022 [INFO] HTTP Request: POST https://vpfjmgefygjhabuizdsq.supabase.co/rest/v1/pokemon_cards "HTTP/1.1 201 Created"
2026-06-11 13:44:39,023 [INFO]   ✅ Legendary Collection (base6): 110 kartu
2026-06-11 13:44:43,672 [INFO] HTTP Request: GET https://api.pokemontcg.io/v2/cards?q=set.id%3A%22ecard1%22&page=1&pageSize=250&orderBy=number "HTTP/1.1 200 OK"
2026-06-11 13:44:44,004 [INFO] HTTP Request: POST https://vpfjmgefygjhabuizdsq.supabase.co/rest/v1/pokemon_cards "HTTP/1.1 201 Created"
2026-06-11 13:44:44,183 [INFO] HTTP Request: POST https://vpfjmgefygjhabuizdsq.supabase.co/rest/v1/pokemon_cards "HTTP/1.1 201 Created"
2026-06-11 13:44:44,359 [INFO] HTTP Request: POST https://vpfjmgefygjhabuizdsq.supabase.co/rest/v1/pokemon_cards "HTTP/1.1 201 Created"
2026-06-11 13:44:44,497 [INFO] HTTP Request: POST https://vpfjmgefygjhabuizdsq.supabase.co/rest/v1/pokemon_cards "HTTP/1.1 201 Created"
2026-06-11 13:44:44,499 [INFO]   ✅ Expedition Base Set (ecard1): 165 kartu
2026-06-11 13:44:46,612 [INFO] HTTP Request: GET https://api.pokemontcg.io/v2/cards?q=set.id%3A%22bp%22&page=1&pageSize=250&orderBy=number "HTTP/1.1 200 OK"
2026-06-11 13:44:46,740 [INFO] HTTP Request: POST https://vpfjmgefygjhabuizdsq.supabase.co/rest/v1/pokemon_cards "HTTP/1.1 201 Created"
2026-06-11 13:44:46,741 [INFO]   ✅ Best of Game (bp): 9 kartu
2026-06-11 13:44:53,187 [INFO] HTTP Request: GET https://api.pokemontcg.io/v2/cards?q=set.id%3A%22ecard2%22&page=1&pageSize=250&orderBy=number "HTTP/1.1 200 OK"
2026-06-11 13:44:55,049 [INFO] HTTP Request: POST https://vpfjmgefygjhabuizdsq.supabase.co/rest/v1/pokemon_cards "HTTP/1.1 201 Created"
2026-06-11 13:44:55,232 [INFO] HTTP Request: POST https://vpfjmgefygjhabuizdsq.supabase.co/rest/v1/pokemon_cards "HTTP/1.1 201 Created"
2026-06-11 13:44:55,416 [INFO] HTTP Request: POST https://vpfjmgefygjhabuizdsq.supabase.co/rest/v1/pokemon_cards "HTTP/1.1 201 Created"
2026-06-11 13:44:55,575 [INFO] HTTP Request: POST https://vpfjmgefygjhabuizdsq.supabase.co/rest/v1/pokemon_cards "HTTP/1.1 201 Created"
2026-06-11 13:44:55,576 [INFO]   ✅ Aquapolis (ecard2): 182 kartu
2026-06-11 13:45:13,655 [INFO] HTTP Request: GET https://api.pokemontcg.io/v2/cards?q=set.id%3A%22ecard3%22&page=1&pageSize=250&orderBy=number "HTTP/1.1 200 OK"
2026-06-11 13:45:27,121 [INFO] HTTP Request: POST https://vpfjmgefygjhabuizdsq.supabase.co/rest/v1/pokemon_cards "HTTP/1.1 201 Created"
2026-06-11 13:45:27,308 [INFO] HTTP Request: POST https://vpfjmgefygjhabuizdsq.supabase.co/rest/v1/pokemon_cards "HTTP/1.1 201 Created"
2026-06-11 13:45:27,490 [INFO] HTTP Request: POST https://vpfjmgefygjhabuizdsq.supabase.co/rest/v1/pokemon_cards "HTTP/1.1 201 Created"
2026-06-11 13:45:27,658 [INFO] HTTP Request: POST https://vpfjmgefygjhabuizdsq.supabase.co/rest/v1/pokemon_cards "HTTP/1.1 201 Created"
2026-06-11 13:45:27,660 [INFO]   ✅ Skyridge (ecard3): 182 kartu
2026-06-11 13:45:30,810 [INFO] HTTP Request: GET https://api.pokemontcg.io/v2/cards?q=set.id%3A%22ex1%22&page=1&pageSize=250&orderBy=number "HTTP/1.1 200 OK"
2026-06-11 13:45:31,073 [INFO] HTTP Request: POST https://vpfjmgefygjhabuizdsq.supabase.co/rest/v1/pokemon_cards "HTTP/1.1 201 Created"
2026-06-11 13:45:31,243 [INFO] HTTP Request: POST https://vpfjmgefygjhabuizdsq.supabase.co/rest/v1/pokemon_cards "HTTP/1.1 201 Created"
2026-06-11 13:45:31,371 [INFO] HTTP Request: POST https://vpfjmgefygjhabuizdsq.supabase.co/rest/v1/pokemon_cards "HTTP/1.1 201 Created"
2026-06-11 13:45:31,373 [INFO]   ✅ Ruby & Sapphire (ex1): 109 kartu
2026-06-11 13:45:34,422 [INFO] HTTP Request: GET https://api.pokemontcg.io/v2/cards?q=set.id%3A%22ex2%22&page=1&pageSize=250&orderBy=number "HTTP/1.1 200 OK"
2026-06-11 13:45:34,699 [INFO] HTTP Request: POST https://vpfjmgefygjhabuizdsq.supabase.co/rest/v1/pokemon_cards "HTTP/1.1 201 Created"
2026-06-11 13:45:34,876 [INFO] HTTP Request: POST https://vpfjmgefygjhabuizdsq.supabase.co/rest/v1/pokemon_cards "HTTP/1.1 201 Created"
2026-06-11 13:45:34,878 [INFO]   ✅ Sandstorm (ex2): 100 kartu
2026-06-11 13:45:36,409 [INFO] HTTP Request: GET https://api.pokemontcg.io/v2/cards?q=set.id%3A%22np%22&page=1&pageSize=250&orderBy=number "HTTP/1.1 200 OK"
2026-06-11 13:45:36,583 [INFO] HTTP Request: POST https://vpfjmgefygjhabuizdsq.supabase.co/rest/v1/pokemon_cards "HTTP/1.1 201 Created"
2026-06-11 13:45:36,584 [INFO]   ✅ Nintendo Black Star Promos (np): 40 kartu
2026-06-11 13:45:39,682 [INFO] HTTP Request: GET https://api.pokemontcg.io/v2/cards?q=set.id%3A%22ex3%22&page=1&pageSize=250&orderBy=number "HTTP/1.1 200 OK"
2026-06-11 13:45:39,887 [INFO] HTTP Request: POST https://vpfjmgefygjhabuizdsq.supabase.co/rest/v1/pokemon_cards "HTTP/1.1 201 Created"
2026-06-11 13:45:40,073 [INFO] HTTP Request: POST https://vpfjmgefygjhabuizdsq.supabase.co/rest/v1/pokemon_cards "HTTP/1.1 201 Created"
2026-06-11 13:45:40,074 [INFO]   ✅ Dragon (ex3): 100 kartu
2026-06-11 13:45:43,162 [INFO] HTTP Request: GET https://api.pokemontcg.io/v2/cards?q=set.id%3A%22ex4%22&page=1&pageSize=250&orderBy=number "HTTP/1.1 200 OK"
2026-06-11 13:45:43,469 [INFO] HTTP Request: POST https://vpfjmgefygjhabuizdsq.supabase.co/rest/v1/pokemon_cards "HTTP/1.1 201 Created"
2026-06-11 13:45:43,642 [INFO] HTTP Request: POST https://vpfjmgefygjhabuizdsq.supabase.co/rest/v1/pokemon_cards "HTTP/1.1 201 Created"
2026-06-11 13:45:43,643 [INFO]   ✅ Team Magma vs Team Aqua (ex4): 97 kartu
2026-06-11 13:45:47,070 [INFO] HTTP Request: GET https://api.pokemontcg.io/v2/cards?q=set.id%3A%22ex5%22&page=1&pageSize=250&orderBy=number "HTTP/1.1 200 OK"
2026-06-11 13:45:47,853 [INFO] HTTP Request: POST https://vpfjmgefygjhabuizdsq.supabase.co/rest/v1/pokemon_cards "HTTP/1.1 201 Created"
2026-06-11 13:45:48,036 [INFO] HTTP Request: POST https://vpfjmgefygjhabuizdsq.supabase.co/rest/v1/pokemon_cards "HTTP/1.1 201 Created"
2026-06-11 13:45:48,156 [INFO] HTTP Request: POST https://vpfjmgefygjhabuizdsq.supabase.co/rest/v1/pokemon_cards "HTTP/1.1 201 Created"
2026-06-11 13:45:48,158 [INFO]   ✅ Hidden Legends (ex5): 102 kartu
2026-06-11 13:45:49,102 [INFO] HTTP Request: GET https://api.pokemontcg.io/v2/cards?q=set.id%3A%22tk1b%22&page=1&pageSize=250&orderBy=number "HTTP/1.1 200 OK"
2026-06-11 13:45:49,218 [INFO] HTTP Request: POST https://vpfjmgefygjhabuizdsq.supabase.co/rest/v1/pokemon_cards "HTTP/1.1 201 Created"
2026-06-11 13:45:49,219 [INFO]   ✅ EX Trainer Kit Latios (tk1b): 10 kartu
2026-06-11 13:45:49,880 [INFO] HTTP Request: GET https://api.pokemontcg.io/v2/cards?q=set.id%3A%22tk1a%22&page=1&pageSize=250&orderBy=number "HTTP/1.1 200 OK"
2026-06-11 13:45:50,006 [INFO] HTTP Request: POST https://vpfjmgefygjhabuizdsq.supabase.co/rest/v1/pokemon_cards "HTTP/1.1 201 Created"
2026-06-11 13:45:50,006 [INFO]   ✅ EX Trainer Kit Latias (tk1a): 10 kartu
2026-06-11 13:45:53,666 [INFO] HTTP Request: GET https://api.pokemontcg.io/v2/cards?q=set.id%3A%22ex6%22&page=1&pageSize=250&orderBy=number "HTTP/1.1 200 OK"
2026-06-11 13:45:53,943 [INFO] HTTP Request: POST https://vpfjmgefygjhabuizdsq.supabase.co/rest/v1/pokemon_cards "HTTP/1.1 201 Created"
2026-06-11 13:45:54,128 [INFO] HTTP Request: POST https://vpfjmgefygjhabuizdsq.supabase.co/rest/v1/pokemon_cards "HTTP/1.1 201 Created"
2026-06-11 13:45:54,273 [INFO] HTTP Request: POST https://vpfjmgefygjhabuizdsq.supabase.co/rest/v1/pokemon_cards "HTTP/1.1 201 Created"
2026-06-11 13:45:54,275 [INFO]   ✅ FireRed & LeafGreen (ex6): 116 kartu
2026-06-11 13:46:44,206 [INFO] HTTP Request: GET https://api.pokemontcg.io/v2/cards?q=set.id%3A%22pop1%22&page=1&pageSize=250&orderBy=number "HTTP/1.1 200 OK"
2026-06-11 13:46:44,702 [INFO] HTTP Request: POST https://vpfjmgefygjhabuizdsq.supabase.co/rest/v1/pokemon_cards "HTTP/1.1 201 Created"
2026-06-11 13:46:44,703 [INFO]   ✅ POP Series 1 (pop1): 17 kartu
2026-06-11 13:46:48,234 [INFO] HTTP Request: GET https://api.pokemontcg.io/v2/cards?q=set.id%3A%22ex7%22&page=1&pageSize=250&orderBy=number "HTTP/1.1 200 OK"
2026-06-11 13:46:48,523 [INFO] HTTP Request: POST https://vpfjmgefygjhabuizdsq.supabase.co/rest/v1/pokemon_cards "HTTP/1.1 201 Created"
2026-06-11 13:46:48,723 [INFO] HTTP Request: POST https://vpfjmgefygjhabuizdsq.supabase.co/rest/v1/pokemon_cards "HTTP/1.1 201 Created"
2026-06-11 13:46:48,863 [INFO] HTTP Request: POST https://vpfjmgefygjhabuizdsq.supabase.co/rest/v1/pokemon_cards "HTTP/1.1 201 Created"
2026-06-11 13:46:48,865 [INFO]   ✅ Team Rocket Returns (ex7): 111 kartu
2026-06-11 13:46:54,478 [INFO] HTTP Request: GET https://api.pokemontcg.io/v2/cards?q=set.id%3A%22ex8%22&page=1&pageSize=250&orderBy=number "HTTP/1.1 200 OK"
2026-06-11 13:46:54,777 [INFO] HTTP Request: POST https://vpfjmgefygjhabuizdsq.supabase.co/rest/v1/pokemon_cards "HTTP/1.1 201 Created"
2026-06-11 13:46:55,148 [INFO] HTTP Request: POST https://vpfjmgefygjhabuizdsq.supabase.co/rest/v1/pokemon_cards "HTTP/1.1 201 Created"
2026-06-11 13:46:55,286 [INFO] HTTP Request: POST https://vpfjmgefygjhabuizdsq.supabase.co/rest/v1/pokemon_cards "HTTP/1.1 201 Created"
2026-06-11 13:46:55,287 [INFO]   ✅ Deoxys (ex8): 108 kartu
2026-06-11 13:47:05,488 [INFO] HTTP Request: GET https://api.pokemontcg.io/v2/cards?q=set.id%3A%22ex9%22&page=1&pageSize=250&orderBy=number "HTTP/1.1 200 OK"
2026-06-11 13:47:05,763 [INFO] HTTP Request: POST https://vpfjmgefygjhabuizdsq.supabase.co/rest/v1/pokemon_cards "HTTP/1.1 201 Created"
2026-06-11 13:47:05,969 [INFO] HTTP Request: POST https://vpfjmgefygjhabuizdsq.supabase.co/rest/v1/pokemon_cards "HTTP/1.1 201 Created"
2026-06-11 13:47:06,104 [INFO] HTTP Request: POST https://vpfjmgefygjhabuizdsq.supabase.co/rest/v1/pokemon_cards "HTTP/1.1 201 Created"
2026-06-11 13:47:06,106 [INFO]   ✅ Emerald (ex9): 107 kartu
2026-06-11 13:47:11,654 [INFO] HTTP Request: GET https://api.pokemontcg.io/v2/cards?q=set.id%3A%22ex10%22&page=1&pageSize=250&orderBy=number "HTTP/1.1 200 OK"
2026-06-11 13:47:11,919 [INFO] HTTP Request: POST https://vpfjmgefygjhabuizdsq.supabase.co/rest/v1/pokemon_cards "HTTP/1.1 201 Created"
2026-06-11 13:47:12,120 [INFO] HTTP Request: POST https://vpfjmgefygjhabuizdsq.supabase.co/rest/v1/pokemon_cards "HTTP/1.1 201 Created"
2026-06-11 13:47:12,324 [INFO] HTTP Request: POST https://vpfjmgefygjhabuizdsq.supabase.co/rest/v1/pokemon_cards "HTTP/1.1 201 Created"
2026-06-11 13:47:12,325 [INFO]   ✅ Unseen Forces (ex10): 145 kartu
2026-06-11 13:47:14,076 [INFO] HTTP Request: GET https://api.pokemontcg.io/v2/cards?q=set.id%3A%22pop2%22&page=1&pageSize=250&orderBy=number "HTTP/1.1 200 OK"
2026-06-11 13:47:14,217 [INFO] HTTP Request: POST https://vpfjmgefygjhabuizdsq.supabase.co/rest/v1/pokemon_cards "HTTP/1.1 201 Created"
2026-06-11 13:47:14,217 [INFO]   ✅ POP Series 2 (pop2): 17 kartu
2026-06-11 13:47:17,610 [INFO] HTTP Request: GET https://api.pokemontcg.io/v2/cards?q=set.id%3A%22ex11%22&page=1&pageSize=250&orderBy=number "HTTP/1.1 200 OK"
2026-06-11 13:47:17,906 [INFO] HTTP Request: POST https://vpfjmgefygjhabuizdsq.supabase.co/rest/v1/pokemon_cards "HTTP/1.1 201 Created"
2026-06-11 13:47:18,080 [INFO] HTTP Request: POST https://vpfjmgefygjhabuizdsq.supabase.co/rest/v1/pokemon_cards "HTTP/1.1 201 Created"
2026-06-11 13:47:18,259 [INFO] HTTP Request: POST https://vpfjmgefygjhabuizdsq.supabase.co/rest/v1/pokemon_cards "HTTP/1.1 201 Created"
2026-06-11 13:47:18,261 [INFO]   ✅ Delta Species (ex11): 114 kartu
2026-06-11 13:47:21,262 [INFO] HTTP Request: GET https://api.pokemontcg.io/v2/cards?q=set.id%3A%22ex12%22&page=1&pageSize=250&orderBy=number "HTTP/1.1 200 OK"
2026-06-11 13:47:21,459 [INFO] HTTP Request: POST https://vpfjmgefygjhabuizdsq.supabase.co/rest/v1/pokemon_cards "HTTP/1.1 201 Created"
2026-06-11 13:47:21,633 [INFO] HTTP Request: POST https://vpfjmgefygjhabuizdsq.supabase.co/rest/v1/pokemon_cards "HTTP/1.1 201 Created"
2026-06-11 13:47:21,634 [INFO]   ✅ Legend Maker (ex12): 93 kartu
2026-06-11 13:47:22,315 [INFO] HTTP Request: GET https://api.pokemontcg.io/v2/cards?q=set.id%3A%22tk2b%22&page=1&pageSize=250&orderBy=number "HTTP/1.1 200 OK"
2026-06-11 13:47:22,445 [INFO] HTTP Request: POST https://vpfjmgefygjhabuizdsq.supabase.co/rest/v1/pokemon_cards "HTTP/1.1 201 Created"
2026-06-11 13:47:22,445 [INFO]   ✅ EX Trainer Kit 2 Minun (tk2b): 12 kartu
2026-06-11 13:47:23,162 [INFO] HTTP Request: GET https://api.pokemontcg.io/v2/cards?q=set.id%3A%22tk2a%22&page=1&pageSize=250&orderBy=number "HTTP/1.1 200 OK"
2026-06-11 13:47:23,301 [INFO] HTTP Request: POST https://vpfjmgefygjhabuizdsq.supabase.co/rest/v1/pokemon_cards "HTTP/1.1 201 Created"
2026-06-11 13:47:23,301 [INFO]   ✅ EX Trainer Kit 2 Plusle (tk2a): 12 kartu
2026-06-11 13:47:24,266 [INFO] HTTP Request: GET https://api.pokemontcg.io/v2/cards?q=set.id%3A%22pop3%22&page=1&pageSize=250&orderBy=number "HTTP/1.1 200 OK"
2026-06-11 13:47:24,409 [INFO] HTTP Request: POST https://vpfjmgefygjhabuizdsq.supabase.co/rest/v1/pokemon_cards "HTTP/1.1 201 Created"
2026-06-11 13:47:24,410 [INFO]   ✅ POP Series 3 (pop3): 17 kartu
2026-06-11 13:47:28,090 [INFO] HTTP Request: GET https://api.pokemontcg.io/v2/cards?q=set.id%3A%22ex13%22&page=1&pageSize=250&orderBy=number "HTTP/1.1 200 OK"
2026-06-11 13:47:28,299 [INFO] HTTP Request: POST https://vpfjmgefygjhabuizdsq.supabase.co/rest/v1/pokemon_cards "HTTP/1.1 201 Created"
2026-06-11 13:47:28,472 [INFO] HTTP Request: POST https://vpfjmgefygjhabuizdsq.supabase.co/rest/v1/pokemon_cards "HTTP/1.1 201 Created"
2026-06-11 13:47:28,608 [INFO] HTTP Request: POST https://vpfjmgefygjhabuizdsq.supabase.co/rest/v1/pokemon_cards "HTTP/1.1 201 Created"
2026-06-11 13:47:28,610 [INFO]   ✅ Holon Phantoms (ex13): 111 kartu
2026-06-11 13:47:31,653 [INFO] HTTP Request: GET https://api.pokemontcg.io/v2/cards?q=set.id%3A%22ex14%22&page=1&pageSize=250&orderBy=number "HTTP/1.1 200 OK"
2026-06-11 13:47:31,883 [INFO] HTTP Request: POST https://vpfjmgefygjhabuizdsq.supabase.co/rest/v1/pokemon_cards "HTTP/1.1 201 Created"
2026-06-11 13:47:32,062 [INFO] HTTP Request: POST https://vpfjmgefygjhabuizdsq.supabase.co/rest/v1/pokemon_cards "HTTP/1.1 201 Created"
2026-06-11 13:47:32,064 [INFO]   ✅ Crystal Guardians (ex14): 100 kartu
2026-06-11 13:47:33,038 [INFO] HTTP Request: GET https://api.pokemontcg.io/v2/cards?q=set.id%3A%22pop4%22&page=1&pageSize=250&orderBy=number "HTTP/1.1 200 OK"
2026-06-11 13:47:33,175 [INFO] HTTP Request: POST https://vpfjmgefygjhabuizdsq.supabase.co/rest/v1/pokemon_cards "HTTP/1.1 201 Created"
2026-06-11 13:47:33,176 [INFO]   ✅ POP Series 4 (pop4): 17 kartu
2026-06-11 13:47:36,459 [INFO] HTTP Request: GET https://api.pokemontcg.io/v2/cards?q=set.id%3A%22ex15%22&page=1&pageSize=250&orderBy=number "HTTP/1.1 200 OK"
2026-06-11 13:47:36,715 [INFO] HTTP Request: POST https://vpfjmgefygjhabuizdsq.supabase.co/rest/v1/pokemon_cards "HTTP/1.1 201 Created"
2026-06-11 13:47:36,897 [INFO] HTTP Request: POST https://vpfjmgefygjhabuizdsq.supabase.co/rest/v1/pokemon_cards "HTTP/1.1 201 Created"
2026-06-11 13:47:37,022 [INFO] HTTP Request: POST https://vpfjmgefygjhabuizdsq.supabase.co/rest/v1/pokemon_cards "HTTP/1.1 201 Created"
2026-06-11 13:47:37,024 [INFO]   ✅ Dragon Frontiers (ex15): 101 kartu
2026-06-11 13:47:40,206 [INFO] HTTP Request: GET https://api.pokemontcg.io/v2/cards?q=set.id%3A%22ex16%22&page=1&pageSize=250&orderBy=number "HTTP/1.1 200 OK"
2026-06-11 13:47:40,406 [INFO] HTTP Request: POST https://vpfjmgefygjhabuizdsq.supabase.co/rest/v1/pokemon_cards "HTTP/1.1 201 Created"
2026-06-11 13:47:40,577 [INFO] HTTP Request: POST https://vpfjmgefygjhabuizdsq.supabase.co/rest/v1/pokemon_cards "HTTP/1.1 201 Created"
2026-06-11 13:47:40,696 [INFO] HTTP Request: POST https://vpfjmgefygjhabuizdsq.supabase.co/rest/v1/pokemon_cards "HTTP/1.1 201 Created"
2026-06-11 13:47:40,697 [INFO]   ✅ Power Keepers (ex16): 108 kartu
2026-06-11 13:47:41,739 [INFO] HTTP Request: GET https://api.pokemontcg.io/v2/cards?q=set.id%3A%22pop5%22&page=1&pageSize=250&orderBy=number "HTTP/1.1 200 OK"
2026-06-11 13:47:41,882 [INFO] HTTP Request: POST https://vpfjmgefygjhabuizdsq.supabase.co/rest/v1/pokemon_cards "HTTP/1.1 201 Created"
2026-06-11 13:47:41,883 [INFO]   ✅ POP Series 5 (pop5): 17 kartu
2026-06-11 13:47:48,562 [INFO] HTTP Request: GET https://api.pokemontcg.io/v2/cards?q=set.id%3A%22dp1%22&page=1&pageSize=250&orderBy=number "HTTP/1.1 200 OK"
2026-06-11 13:47:49,270 [INFO] HTTP Request: POST https://vpfjmgefygjhabuizdsq.supabase.co/rest/v1/pokemon_cards "HTTP/1.1 201 Created"
2026-06-11 13:47:49,511 [INFO] HTTP Request: POST https://vpfjmgefygjhabuizdsq.supabase.co/rest/v1/pokemon_cards "HTTP/1.1 201 Created"
2026-06-11 13:47:49,665 [INFO] HTTP Request: POST https://vpfjmgefygjhabuizdsq.supabase.co/rest/v1/pokemon_cards "HTTP/1.1 201 Created"
2026-06-11 13:47:49,668 [INFO]   ✅ Diamond & Pearl (dp1): 130 kartu
2026-06-11 13:47:51,367 [INFO] HTTP Request: GET https://api.pokemontcg.io/v2/cards?q=set.id%3A%22dpp%22&page=1&pageSize=250&orderBy=number "HTTP/1.1 200 OK"
2026-06-11 13:47:51,583 [INFO] HTTP Request: POST https://vpfjmgefygjhabuizdsq.supabase.co/rest/v1/pokemon_cards "HTTP/1.1 201 Created"
2026-06-11 13:47:51,718 [INFO] HTTP Request: POST https://vpfjmgefygjhabuizdsq.supabase.co/rest/v1/pokemon_cards "HTTP/1.1 201 Created"
2026-06-11 13:47:51,719 [INFO]   ✅ DP Black Star Promos (dpp): 56 kartu
2026-06-11 13:48:30,357 [INFO] HTTP Request: GET https://api.pokemontcg.io/v2/cards?q=set.id%3A%22dp2%22&page=1&pageSize=250&orderBy=number "HTTP/1.1 200 OK"
2026-06-11 13:48:31,085 [INFO] HTTP Request: POST https://vpfjmgefygjhabuizdsq.supabase.co/rest/v1/pokemon_cards "HTTP/1.1 201 Created"
2026-06-11 13:48:31,265 [INFO] HTTP Request: POST https://vpfjmgefygjhabuizdsq.supabase.co/rest/v1/pokemon_cards "HTTP/1.1 201 Created"
2026-06-11 13:48:31,416 [INFO] HTTP Request: POST https://vpfjmgefygjhabuizdsq.supabase.co/rest/v1/pokemon_cards "HTTP/1.1 201 Created"
2026-06-11 13:48:31,416 [INFO]   ✅ Mysterious Treasures (dp2): 124 kartu
2026-06-11 13:48:36,014 [INFO] HTTP Request: GET https://api.pokemontcg.io/v2/cards?q=set.id%3A%22pop6%22&page=1&pageSize=250&orderBy=number "HTTP/1.1 200 OK"
2026-06-11 13:48:36,167 [INFO] HTTP Request: POST https://vpfjmgefygjhabuizdsq.supabase.co/rest/v1/pokemon_cards "HTTP/1.1 201 Created"
2026-06-11 13:48:36,167 [INFO]   ✅ POP Series 6 (pop6): 17 kartu
2026-06-11 13:48:40,373 [INFO] HTTP Request: GET https://api.pokemontcg.io/v2/cards?q=set.id%3A%22dp3%22&page=1&pageSize=250&orderBy=number "HTTP/1.1 200 OK"
2026-06-11 13:48:40,754 [INFO] HTTP Request: POST https://vpfjmgefygjhabuizdsq.supabase.co/rest/v1/pokemon_cards "HTTP/1.1 201 Created"
2026-06-11 13:48:40,964 [INFO] HTTP Request: POST https://vpfjmgefygjhabuizdsq.supabase.co/rest/v1/pokemon_cards "HTTP/1.1 201 Created"
2026-06-11 13:48:41,128 [INFO] HTTP Request: POST https://vpfjmgefygjhabuizdsq.supabase.co/rest/v1/pokemon_cards "HTTP/1.1 201 Created"
2026-06-11 13:48:41,130 [INFO]   ✅ Secret Wonders (dp3): 132 kartu
2026-06-11 13:48:44,975 [INFO] HTTP Request: GET https://api.pokemontcg.io/v2/cards?q=set.id%3A%22dp4%22&page=1&pageSize=250&orderBy=number "HTTP/1.1 200 OK"
2026-06-11 13:48:45,253 [INFO] HTTP Request: POST https://vpfjmgefygjhabuizdsq.supabase.co/rest/v1/pokemon_cards "HTTP/1.1 201 Created"
2026-06-11 13:48:45,437 [INFO] HTTP Request: POST https://vpfjmgefygjhabuizdsq.supabase.co/rest/v1/pokemon_cards "HTTP/1.1 201 Created"
2026-06-11 13:48:45,564 [INFO] HTTP Request: POST https://vpfjmgefygjhabuizdsq.supabase.co/rest/v1/pokemon_cards "HTTP/1.1 201 Created"
2026-06-11 13:48:45,566 [INFO]   ✅ Great Encounters (dp4): 106 kartu
2026-06-11 13:48:46,545 [INFO] HTTP Request: GET https://api.pokemontcg.io/v2/cards?q=set.id%3A%22pop7%22&page=1&pageSize=250&orderBy=number "HTTP/1.1 200 OK"
2026-06-11 13:48:46,699 [INFO] HTTP Request: POST https://vpfjmgefygjhabuizdsq.supabase.co/rest/v1/pokemon_cards "HTTP/1.1 201 Created"
2026-06-11 13:48:46,700 [INFO]   ✅ POP Series 7 (pop7): 17 kartu
2026-06-11 13:48:49,832 [INFO] HTTP Request: GET https://api.pokemontcg.io/v2/cards?q=set.id%3A%22dp5%22&page=1&pageSize=250&orderBy=number "HTTP/1.1 200 OK"
2026-06-11 13:48:50,099 [INFO] HTTP Request: POST https://vpfjmgefygjhabuizdsq.supabase.co/rest/v1/pokemon_cards "HTTP/1.1 201 Created"
2026-06-11 13:48:50,287 [INFO] HTTP Request: POST https://vpfjmgefygjhabuizdsq.supabase.co/rest/v1/pokemon_cards "HTTP/1.1 201 Created"
2026-06-11 13:48:50,289 [INFO]   ✅ Majestic Dawn (dp5): 100 kartu
2026-06-11 13:48:55,575 [INFO] HTTP Request: GET https://api.pokemontcg.io/v2/cards?q=set.id%3A%22dp6%22&page=1&pageSize=250&orderBy=number "HTTP/1.1 200 OK"
2026-06-11 13:48:55,927 [INFO] HTTP Request: POST https://vpfjmgefygjhabuizdsq.supabase.co/rest/v1/pokemon_cards "HTTP/1.1 201 Created"
2026-06-11 13:48:56,116 [INFO] HTTP Request: POST https://vpfjmgefygjhabuizdsq.supabase.co/rest/v1/pokemon_cards "HTTP/1.1 201 Created"
2026-06-11 13:48:56,293 [INFO] HTTP Request: POST https://vpfjmgefygjhabuizdsq.supabase.co/rest/v1/pokemon_cards "HTTP/1.1 201 Created"
2026-06-11 13:48:56,295 [INFO]   ✅ Legends Awakened (dp6): 146 kartu
2026-06-11 13:49:00,536 [INFO] HTTP Request: GET https://api.pokemontcg.io/v2/cards?q=set.id%3A%22pop8%22&page=1&pageSize=250&orderBy=number "HTTP/1.1 200 OK"
2026-06-11 13:49:00,702 [INFO] HTTP Request: POST https://vpfjmgefygjhabuizdsq.supabase.co/rest/v1/pokemon_cards "HTTP/1.1 201 Created"
2026-06-11 13:49:00,703 [INFO]   ✅ POP Series 8 (pop8): 17 kartu
2026-06-11 13:49:04,685 [INFO] HTTP Request: GET https://api.pokemontcg.io/v2/cards?q=set.id%3A%22dp7%22&page=1&pageSize=250&orderBy=number "HTTP/1.1 200 OK"
2026-06-11 13:49:05,015 [INFO] HTTP Request: POST https://vpfjmgefygjhabuizdsq.supabase.co/rest/v1/pokemon_cards "HTTP/1.1 201 Created"
2026-06-11 13:49:05,501 [INFO] HTTP Request: POST https://vpfjmgefygjhabuizdsq.supabase.co/rest/v1/pokemon_cards "HTTP/1.1 201 Created"
2026-06-11 13:49:05,625 [INFO] HTTP Request: POST https://vpfjmgefygjhabuizdsq.supabase.co/rest/v1/pokemon_cards "HTTP/1.1 201 Created"
2026-06-11 13:49:05,626 [INFO]   ✅ Stormfront (dp7): 106 kartu
2026-06-11 13:49:10,621 [INFO] HTTP Request: GET https://api.pokemontcg.io/v2/cards?q=set.id%3A%22pl1%22&page=1&pageSize=250&orderBy=number "HTTP/1.1 200 OK"
2026-06-11 13:49:11,559 [INFO] HTTP Request: POST https://vpfjmgefygjhabuizdsq.supabase.co/rest/v1/pokemon_cards "HTTP/1.1 201 Created"
2026-06-11 13:49:12,088 [INFO] HTTP Request: POST https://vpfjmgefygjhabuizdsq.supabase.co/rest/v1/pokemon_cards "HTTP/1.1 201 Created"
2026-06-11 13:49:12,412 [INFO] HTTP Request: POST https://vpfjmgefygjhabuizdsq.supabase.co/rest/v1/pokemon_cards "HTTP/1.1 201 Created"
2026-06-11 13:49:12,413 [INFO]   ✅ Platinum (pl1): 133 kartu
2026-06-11 13:49:13,861 [INFO] HTTP Request: GET https://api.pokemontcg.io/v2/cards?q=set.id%3A%22pop9%22&page=1&pageSize=250&orderBy=number "HTTP/1.1 200 OK"
2026-06-11 13:49:14,031 [INFO] HTTP Request: POST https://vpfjmgefygjhabuizdsq.supabase.co/rest/v1/pokemon_cards "HTTP/1.1 201 Created"
2026-06-11 13:49:14,032 [INFO]   ✅ POP Series 9 (pop9): 17 kartu
2026-06-11 13:49:17,680 [INFO] HTTP Request: GET https://api.pokemontcg.io/v2/cards?q=set.id%3A%22pl2%22&page=1&pageSize=250&orderBy=number "HTTP/1.1 200 OK"
2026-06-11 13:49:17,971 [INFO] HTTP Request: POST https://vpfjmgefygjhabuizdsq.supabase.co/rest/v1/pokemon_cards "HTTP/1.1 201 Created"
2026-06-11 13:49:18,157 [INFO] HTTP Request: POST https://vpfjmgefygjhabuizdsq.supabase.co/rest/v1/pokemon_cards "HTTP/1.1 201 Created"
2026-06-11 13:49:18,319 [INFO] HTTP Request: POST https://vpfjmgefygjhabuizdsq.supabase.co/rest/v1/pokemon_cards "HTTP/1.1 201 Created"
2026-06-11 13:49:18,321 [INFO]   ✅ Rising Rivals (pl2): 120 kartu
2026-06-11 13:49:25,063 [INFO] HTTP Request: GET https://api.pokemontcg.io/v2/cards?q=set.id%3A%22pl3%22&page=1&pageSize=250&orderBy=number "HTTP/1.1 200 OK"
2026-06-11 13:49:25,379 [INFO] HTTP Request: POST https://vpfjmgefygjhabuizdsq.supabase.co/rest/v1/pokemon_cards "HTTP/1.1 201 Created"
2026-06-11 13:49:25,555 [INFO] HTTP Request: POST https://vpfjmgefygjhabuizdsq.supabase.co/rest/v1/pokemon_cards "HTTP/1.1 201 Created"
2026-06-11 13:49:25,741 [INFO] HTTP Request: POST https://vpfjmgefygjhabuizdsq.supabase.co/rest/v1/pokemon_cards "HTTP/1.1 201 Created"
2026-06-11 13:49:25,862 [INFO] HTTP Request: POST https://vpfjmgefygjhabuizdsq.supabase.co/rest/v1/pokemon_cards "HTTP/1.1 201 Created"
2026-06-11 13:49:25,864 [INFO]   ✅ Supreme Victors (pl3): 153 kartu
2026-06-11 13:49:30,380 [INFO] HTTP Request: GET https://api.pokemontcg.io/v2/cards?q=set.id%3A%22pl4%22&page=1&pageSize=250&orderBy=number "HTTP/1.1 200 OK"
2026-06-11 13:49:31,342 [INFO] HTTP Request: POST https://vpfjmgefygjhabuizdsq.supabase.co/rest/v1/pokemon_cards "HTTP/1.1 201 Created"
2026-06-11 13:49:31,544 [INFO] HTTP Request: POST https://vpfjmgefygjhabuizdsq.supabase.co/rest/v1/pokemon_cards "HTTP/1.1 201 Created"
2026-06-11 13:49:31,670 [INFO] HTTP Request: POST https://vpfjmgefygjhabuizdsq.supabase.co/rest/v1/pokemon_cards "HTTP/1.1 201 Created"
2026-06-11 13:49:31,670 [INFO]   ✅ Arceus (pl4): 111 kartu
2026-06-11 13:49:32,609 [INFO] HTTP Request: GET https://api.pokemontcg.io/v2/cards?q=set.id%3A%22ru1%22&page=1&pageSize=250&orderBy=number "HTTP/1.1 200 OK"
2026-06-11 13:49:32,756 [INFO] HTTP Request: POST https://vpfjmgefygjhabuizdsq.supabase.co/rest/v1/pokemon_cards "HTTP/1.1 201 Created"
2026-06-11 13:49:32,757 [INFO]   ✅ Pokémon Rumble (ru1): 16 kartu
2026-06-11 13:49:37,748 [INFO] HTTP Request: GET https://api.pokemontcg.io/v2/cards?q=set.id%3A%22hgss1%22&page=1&pageSize=250&orderBy=number "HTTP/1.1 200 OK"
2026-06-11 13:49:38,095 [INFO] HTTP Request: POST https://vpfjmgefygjhabuizdsq.supabase.co/rest/v1/pokemon_cards "HTTP/1.1 201 Created"
2026-06-11 13:49:38,272 [INFO] HTTP Request: POST https://vpfjmgefygjhabuizdsq.supabase.co/rest/v1/pokemon_cards "HTTP/1.1 201 Created"
2026-06-11 13:49:38,420 [INFO] HTTP Request: POST https://vpfjmgefygjhabuizdsq.supabase.co/rest/v1/pokemon_cards "HTTP/1.1 201 Created"
2026-06-11 13:49:38,422 [INFO]   ✅ HeartGold & SoulSilver (hgss1): 124 kartu
2026-06-11 13:49:39,501 [INFO] HTTP Request: GET https://api.pokemontcg.io/v2/cards?q=set.id%3A%22hsp%22&page=1&pageSize=250&orderBy=number "HTTP/1.1 200 OK"
2026-06-11 13:49:39,657 [INFO] HTTP Request: POST https://vpfjmgefygjhabuizdsq.supabase.co/rest/v1/pokemon_cards "HTTP/1.1 201 Created"
2026-06-11 13:49:39,657 [INFO]   ✅ HGSS Black Star Promos (hsp): 25 kartu
2026-06-11 13:49:47,663 [INFO] HTTP Request: GET https://api.pokemontcg.io/v2/cards?q=set.id%3A%22hgss2%22&page=1&pageSize=250&orderBy=number "HTTP/1.1 200 OK"
2026-06-11 13:49:54,890 [INFO] HTTP Request: POST https://vpfjmgefygjhabuizdsq.supabase.co/rest/v1/pokemon_cards "HTTP/1.1 201 Created"
2026-06-11 13:49:55,091 [INFO] HTTP Request: POST https://vpfjmgefygjhabuizdsq.supabase.co/rest/v1/pokemon_cards "HTTP/1.1 201 Created"
2026-06-11 13:49:55,091 [INFO]   ✅ HS—Unleashed (hgss2): 96 kartu
2026-06-11 13:49:58,037 [INFO] HTTP Request: GET https://api.pokemontcg.io/v2/cards?q=set.id%3A%22hgss3%22&page=1&pageSize=250&orderBy=number "HTTP/1.1 200 OK"
2026-06-11 13:49:58,248 [INFO] HTTP Request: POST https://vpfjmgefygjhabuizdsq.supabase.co/rest/v1/pokemon_cards "HTTP/1.1 201 Created"
2026-06-11 13:49:58,434 [INFO] HTTP Request: POST https://vpfjmgefygjhabuizdsq.supabase.co/rest/v1/pokemon_cards "HTTP/1.1 201 Created"
2026-06-11 13:49:58,436 [INFO]   ✅ HS—Undaunted (hgss3): 91 kartu
2026-06-11 13:50:03,463 [INFO] HTTP Request: GET https://api.pokemontcg.io/v2/cards?q=set.id%3A%22hgss4%22&page=1&pageSize=250&orderBy=number "HTTP/1.1 200 OK"
2026-06-11 13:50:03,737 [INFO] HTTP Request: POST https://vpfjmgefygjhabuizdsq.supabase.co/rest/v1/pokemon_cards "HTTP/1.1 201 Created"
2026-06-11 13:50:03,930 [INFO] HTTP Request: POST https://vpfjmgefygjhabuizdsq.supabase.co/rest/v1/pokemon_cards "HTTP/1.1 201 Created"
2026-06-11 13:50:04,052 [INFO] HTTP Request: POST https://vpfjmgefygjhabuizdsq.supabase.co/rest/v1/pokemon_cards "HTTP/1.1 201 Created"
2026-06-11 13:50:04,054 [INFO]   ✅ HS—Triumphant (hgss4): 103 kartu
2026-06-11 13:50:17,157 [INFO] HTTP Request: GET https://api.pokemontcg.io/v2/cards?q=set.id%3A%22col1%22&page=1&pageSize=250&orderBy=number "HTTP/1.1 200 OK"
2026-06-11 13:50:17,473 [INFO] HTTP Request: POST https://vpfjmgefygjhabuizdsq.supabase.co/rest/v1/pokemon_cards "HTTP/1.1 201 Created"
2026-06-11 13:50:17,648 [INFO] HTTP Request: POST https://vpfjmgefygjhabuizdsq.supabase.co/rest/v1/pokemon_cards "HTTP/1.1 201 Created"
2026-06-11 13:50:17,775 [INFO] HTTP Request: POST https://vpfjmgefygjhabuizdsq.supabase.co/rest/v1/pokemon_cards "HTTP/1.1 201 Created"
2026-06-11 13:50:17,775 [INFO]   ✅ Call of Legends (col1): 106 kartu
2026-06-11 13:50:20,870 [INFO] HTTP Request: GET https://api.pokemontcg.io/v2/cards?q=set.id%3A%22bwp%22&page=1&pageSize=250&orderBy=number "HTTP/1.1 200 OK"
2026-06-11 13:50:21,048 [INFO] HTTP Request: POST https://vpfjmgefygjhabuizdsq.supabase.co/rest/v1/pokemon_cards "HTTP/1.1 201 Created"
2026-06-11 13:50:21,228 [INFO] HTTP Request: POST https://vpfjmgefygjhabuizdsq.supabase.co/rest/v1/pokemon_cards "HTTP/1.1 201 Created"
2026-06-11 13:50:21,351 [INFO] HTTP Request: POST https://vpfjmgefygjhabuizdsq.supabase.co/rest/v1/pokemon_cards "HTTP/1.1 201 Created"
2026-06-11 13:50:21,353 [INFO]   ✅ BW Black Star Promos (bwp): 101 kartu
2026-06-11 13:50:24,865 [INFO] HTTP Request: GET https://api.pokemontcg.io/v2/cards?q=set.id%3A%22bw1%22&page=1&pageSize=250&orderBy=number "HTTP/1.1 200 OK"
2026-06-11 13:50:25,068 [INFO] HTTP Request: POST https://vpfjmgefygjhabuizdsq.supabase.co/rest/v1/pokemon_cards "HTTP/1.1 201 Created"
2026-06-11 13:50:25,247 [INFO] HTTP Request: POST https://vpfjmgefygjhabuizdsq.supabase.co/rest/v1/pokemon_cards "HTTP/1.1 201 Created"
2026-06-11 13:50:25,384 [INFO] HTTP Request: POST https://vpfjmgefygjhabuizdsq.supabase.co/rest/v1/pokemon_cards "HTTP/1.1 201 Created"
2026-06-11 13:50:25,386 [INFO]   ✅ Black & White (bw1): 115 kartu
2026-06-11 13:50:31,066 [INFO] HTTP Request: GET https://api.pokemontcg.io/v2/cards?q=set.id%3A%22mcd11%22&page=1&pageSize=250&orderBy=number "HTTP/1.1 200 OK"
2026-06-11 13:50:31,272 [INFO] HTTP Request: POST https://vpfjmgefygjhabuizdsq.supabase.co/rest/v1/pokemon_cards "HTTP/1.1 201 Created"
2026-06-11 13:50:31,273 [INFO]   ✅ McDonald's Collection 2011 (mcd11): 12 kartu
2026-06-11 13:50:36,158 [INFO] HTTP Request: GET https://api.pokemontcg.io/v2/cards?q=set.id%3A%22bw2%22&page=1&pageSize=250&orderBy=number "HTTP/1.1 200 OK"
2026-06-11 13:50:41,259 [INFO] HTTP Request: POST https://vpfjmgefygjhabuizdsq.supabase.co/rest/v1/pokemon_cards "HTTP/1.1 201 Created"
2026-06-11 13:50:41,460 [INFO] HTTP Request: POST https://vpfjmgefygjhabuizdsq.supabase.co/rest/v1/pokemon_cards "HTTP/1.1 201 Created"
2026-06-11 13:50:41,460 [INFO]   ✅ Emerging Powers (bw2): 98 kartu
2026-06-11 13:50:46,125 [INFO] HTTP Request: GET https://api.pokemontcg.io/v2/cards?q=set.id%3A%22bw3%22&page=1&pageSize=250&orderBy=number "HTTP/1.1 200 OK"
2026-06-11 13:50:46,381 [INFO] HTTP Request: POST https://vpfjmgefygjhabuizdsq.supabase.co/rest/v1/pokemon_cards "HTTP/1.1 201 Created"
2026-06-11 13:50:46,559 [INFO] HTTP Request: POST https://vpfjmgefygjhabuizdsq.supabase.co/rest/v1/pokemon_cards "HTTP/1.1 201 Created"
2026-06-11 13:50:46,673 [INFO] HTTP Request: POST https://vpfjmgefygjhabuizdsq.supabase.co/rest/v1/pokemon_cards "HTTP/1.1 201 Created"
2026-06-11 13:50:46,673 [INFO]   ✅ Noble Victories (bw3): 102 kartu
2026-06-11 13:50:50,056 [INFO] HTTP Request: GET https://api.pokemontcg.io/v2/cards?q=set.id%3A%22bw4%22&page=1&pageSize=250&orderBy=number "HTTP/1.1 200 OK"
2026-06-11 13:50:50,265 [INFO] HTTP Request: POST https://vpfjmgefygjhabuizdsq.supabase.co/rest/v1/pokemon_cards "HTTP/1.1 201 Created"
2026-06-11 13:50:50,462 [INFO] HTTP Request: POST https://vpfjmgefygjhabuizdsq.supabase.co/rest/v1/pokemon_cards "HTTP/1.1 201 Created"
2026-06-11 13:50:50,577 [INFO] HTTP Request: POST https://vpfjmgefygjhabuizdsq.supabase.co/rest/v1/pokemon_cards "HTTP/1.1 201 Created"
2026-06-11 13:50:50,579 [INFO]   ✅ Next Destinies (bw4): 103 kartu
2026-06-11 13:50:57,412 [INFO] HTTP Request: GET https://api.pokemontcg.io/v2/cards?q=set.id%3A%22bw5%22&page=1&pageSize=250&orderBy=number "HTTP/1.1 200 OK"
2026-06-11 13:50:57,675 [INFO] HTTP Request: POST https://vpfjmgefygjhabuizdsq.supabase.co/rest/v1/pokemon_cards "HTTP/1.1 201 Created"
2026-06-11 13:50:57,938 [INFO] HTTP Request: POST https://vpfjmgefygjhabuizdsq.supabase.co/rest/v1/pokemon_cards "HTTP/1.1 201 Created"
2026-06-11 13:50:58,066 [INFO] HTTP Request: POST https://vpfjmgefygjhabuizdsq.supabase.co/rest/v1/pokemon_cards "HTTP/1.1 201 Created"
2026-06-11 13:50:58,067 [INFO]   ✅ Dark Explorers (bw5): 111 kartu
2026-06-11 13:50:58,934 [INFO] HTTP Request: GET https://api.pokemontcg.io/v2/cards?q=set.id%3A%22mcd12%22&page=1&pageSize=250&orderBy=number "HTTP/1.1 200 OK"
2026-06-11 13:50:59,067 [INFO] HTTP Request: POST https://vpfjmgefygjhabuizdsq.supabase.co/rest/v1/pokemon_cards "HTTP/1.1 201 Created"
2026-06-11 13:50:59,068 [INFO]   ✅ McDonald's Collection 2012 (mcd12): 12 kartu
2026-06-11 13:51:03,367 [INFO] HTTP Request: GET https://api.pokemontcg.io/v2/cards?q=set.id%3A%22bw6%22&page=1&pageSize=250&orderBy=number "HTTP/1.1 200 OK"
2026-06-11 13:51:03,622 [INFO] HTTP Request: POST https://vpfjmgefygjhabuizdsq.supabase.co/rest/v1/pokemon_cards "HTTP/1.1 201 Created"
2026-06-11 13:51:03,816 [INFO] HTTP Request: POST https://vpfjmgefygjhabuizdsq.supabase.co/rest/v1/pokemon_cards "HTTP/1.1 201 Created"
2026-06-11 13:51:03,976 [INFO] HTTP Request: POST https://vpfjmgefygjhabuizdsq.supabase.co/rest/v1/pokemon_cards "HTTP/1.1 201 Created"
2026-06-11 13:51:03,978 [INFO]   ✅ Dragons Exalted (bw6): 128 kartu
2026-06-11 13:51:17,818 [INFO] HTTP Request: GET https://api.pokemontcg.io/v2/cards?q=set.id%3A%22dv1%22&page=1&pageSize=250&orderBy=number "HTTP/1.1 200 OK"
2026-06-11 13:51:18,065 [INFO] HTTP Request: POST https://vpfjmgefygjhabuizdsq.supabase.co/rest/v1/pokemon_cards "HTTP/1.1 201 Created"
2026-06-11 13:51:18,066 [INFO]   ✅ Dragon Vault (dv1): 21 kartu
2026-06-11 13:51:27,794 [INFO] HTTP Request: GET https://api.pokemontcg.io/v2/cards?q=set.id%3A%22bw7%22&page=1&pageSize=250&orderBy=number "HTTP/1.1 200 OK"
2026-06-11 13:51:28,147 [INFO] HTTP Request: POST https://vpfjmgefygjhabuizdsq.supabase.co/rest/v1/pokemon_cards "HTTP/1.1 201 Created"
2026-06-11 13:51:28,329 [INFO] HTTP Request: POST https://vpfjmgefygjhabuizdsq.supabase.co/rest/v1/pokemon_cards "HTTP/1.1 201 Created"
2026-06-11 13:51:28,513 [INFO] HTTP Request: POST https://vpfjmgefygjhabuizdsq.supabase.co/rest/v1/pokemon_cards "HTTP/1.1 201 Created"
2026-06-11 13:51:28,633 [INFO] HTTP Request: POST https://vpfjmgefygjhabuizdsq.supabase.co/rest/v1/pokemon_cards "HTTP/1.1 201 Created"
2026-06-11 13:51:28,635 [INFO]   ✅ Boundaries Crossed (bw7): 153 kartu
2026-06-11 13:51:32,960 [INFO] HTTP Request: GET https://api.pokemontcg.io/v2/cards?q=set.id%3A%22bw8%22&page=1&pageSize=250&orderBy=number "HTTP/1.1 200 OK"
2026-06-11 13:51:33,510 [INFO] HTTP Request: POST https://vpfjmgefygjhabuizdsq.supabase.co/rest/v1/pokemon_cards "HTTP/1.1 201 Created"
2026-06-11 13:51:33,693 [INFO] HTTP Request: POST https://vpfjmgefygjhabuizdsq.supabase.co/rest/v1/pokemon_cards "HTTP/1.1 201 Created"
2026-06-11 13:51:33,963 [INFO] HTTP Request: POST https://vpfjmgefygjhabuizdsq.supabase.co/rest/v1/pokemon_cards "HTTP/1.1 201 Created"
2026-06-11 13:51:33,964 [INFO]   ✅ Plasma Storm (bw8): 138 kartu
2026-06-11 13:51:42,190 [INFO] HTTP Request: GET https://api.pokemontcg.io/v2/cards?q=set.id%3A%22bw9%22&page=1&pageSize=250&orderBy=number "HTTP/1.1 200 OK"
2026-06-11 13:51:42,446 [INFO] HTTP Request: POST https://vpfjmgefygjhabuizdsq.supabase.co/rest/v1/pokemon_cards "HTTP/1.1 201 Created"
2026-06-11 13:51:42,641 [INFO] HTTP Request: POST https://vpfjmgefygjhabuizdsq.supabase.co/rest/v1/pokemon_cards "HTTP/1.1 201 Created"
2026-06-11 13:51:42,787 [INFO] HTTP Request: POST https://vpfjmgefygjhabuizdsq.supabase.co/rest/v1/pokemon_cards "HTTP/1.1 201 Created"
2026-06-11 13:51:42,790 [INFO]   ✅ Plasma Freeze (bw9): 122 kartu
2026-06-11 13:52:11,174 [INFO] HTTP Request: GET https://api.pokemontcg.io/v2/cards?q=set.id%3A%22bw10%22&page=1&pageSize=250&orderBy=number "HTTP/1.1 200 OK"
2026-06-11 13:52:11,837 [INFO] HTTP Request: POST https://vpfjmgefygjhabuizdsq.supabase.co/rest/v1/pokemon_cards "HTTP/1.1 201 Created"
2026-06-11 13:52:12,040 [INFO] HTTP Request: POST https://vpfjmgefygjhabuizdsq.supabase.co/rest/v1/pokemon_cards "HTTP/1.1 201 Created"
2026-06-11 13:52:12,179 [INFO] HTTP Request: POST https://vpfjmgefygjhabuizdsq.supabase.co/rest/v1/pokemon_cards "HTTP/1.1 201 Created"
2026-06-11 13:52:12,180 [INFO]   ✅ Plasma Blast (bw10): 105 kartu
2026-06-11 13:52:22,818 [INFO] HTTP Request: GET https://api.pokemontcg.io/v2/cards?q=set.id%3A%22xyp%22&page=1&pageSize=250&orderBy=number "HTTP/1.1 200 OK"
2026-06-11 13:52:23,239 [INFO] HTTP Request: POST https://vpfjmgefygjhabuizdsq.supabase.co/rest/v1/pokemon_cards "HTTP/1.1 201 Created"
2026-06-11 13:52:23,423 [INFO] HTTP Request: POST https://vpfjmgefygjhabuizdsq.supabase.co/rest/v1/pokemon_cards "HTTP/1.1 201 Created"
2026-06-11 13:52:23,607 [INFO] HTTP Request: POST https://vpfjmgefygjhabuizdsq.supabase.co/rest/v1/pokemon_cards "HTTP/1.1 201 Created"
2026-06-11 13:52:23,790 [INFO] HTTP Request: POST https://vpfjmgefygjhabuizdsq.supabase.co/rest/v1/pokemon_cards "HTTP/1.1 201 Created"
2026-06-11 13:52:23,932 [INFO] HTTP Request: POST https://vpfjmgefygjhabuizdsq.supabase.co/rest/v1/pokemon_cards "HTTP/1.1 201 Created"
2026-06-11 13:52:23,933 [INFO]   ✅ XY Black Star Promos (xyp): 216 kartu
2026-06-11 13:52:31,054 [INFO] HTTP Request: GET https://api.pokemontcg.io/v2/cards?q=set.id%3A%22bw11%22&page=1&pageSize=250&orderBy=number "HTTP/1.1 200 OK"
2026-06-11 13:52:31,407 [INFO] HTTP Request: POST https://vpfjmgefygjhabuizdsq.supabase.co/rest/v1/pokemon_cards "HTTP/1.1 201 Created"
2026-06-11 13:52:31,625 [INFO] HTTP Request: POST https://vpfjmgefygjhabuizdsq.supabase.co/rest/v1/pokemon_cards "HTTP/1.1 201 Created"
2026-06-11 13:52:31,813 [INFO] HTTP Request: POST https://vpfjmgefygjhabuizdsq.supabase.co/rest/v1/pokemon_cards "HTTP/1.1 201 Created"
2026-06-11 13:52:31,815 [INFO]   ✅ Legendary Treasures (bw11): 140 kartu
2026-06-11 13:52:33,875 [INFO] HTTP Request: GET https://api.pokemontcg.io/v2/cards?q=set.id%3A%22xy0%22&page=1&pageSize=250&orderBy=number "HTTP/1.1 200 OK"
2026-06-11 13:52:34,062 [INFO] HTTP Request: POST https://vpfjmgefygjhabuizdsq.supabase.co/rest/v1/pokemon_cards "HTTP/1.1 201 Created"
2026-06-11 13:52:34,063 [INFO]   ✅ Kalos Starter Set (xy0): 39 kartu
2026-06-11 13:52:50,681 [INFO] HTTP Request: GET https://api.pokemontcg.io/v2/cards?q=set.id%3A%22xy1%22&page=1&pageSize=250&orderBy=number "HTTP/1.1 200 OK"
2026-06-11 13:52:51,192 [INFO] HTTP Request: POST https://vpfjmgefygjhabuizdsq.supabase.co/rest/v1/pokemon_cards "HTTP/1.1 201 Created"
2026-06-11 13:52:51,409 [INFO] HTTP Request: POST https://vpfjmgefygjhabuizdsq.supabase.co/rest/v1/pokemon_cards "HTTP/1.1 201 Created"
2026-06-11 13:52:51,607 [INFO] HTTP Request: POST https://vpfjmgefygjhabuizdsq.supabase.co/rest/v1/pokemon_cards "HTTP/1.1 201 Created"
2026-06-11 13:52:51,608 [INFO]   ✅ XY (xy1): 146 kartu
2026-06-11 13:52:56,622 [INFO] HTTP Request: GET https://api.pokemontcg.io/v2/cards?q=set.id%3A%22xy2%22&page=1&pageSize=250&orderBy=number "HTTP/1.1 200 OK"
2026-06-11 13:52:56,866 [INFO] HTTP Request: POST https://vpfjmgefygjhabuizdsq.supabase.co/rest/v1/pokemon_cards "HTTP/1.1 201 Created"
2026-06-11 13:52:57,049 [INFO] HTTP Request: POST https://vpfjmgefygjhabuizdsq.supabase.co/rest/v1/pokemon_cards "HTTP/1.1 201 Created"
2026-06-11 13:52:57,188 [INFO] HTTP Request: POST https://vpfjmgefygjhabuizdsq.supabase.co/rest/v1/pokemon_cards "HTTP/1.1 201 Created"
2026-06-11 13:52:57,190 [INFO]   ✅ Flashfire (xy2): 110 kartu
2026-06-11 13:53:17,786 [INFO] HTTP Request: GET https://api.pokemontcg.io/v2/cards?q=set.id%3A%22mcd14%22&page=1&pageSize=250&orderBy=number "HTTP/1.1 200 OK"
2026-06-11 13:53:20,178 [INFO] HTTP Request: POST https://vpfjmgefygjhabuizdsq.supabase.co/rest/v1/pokemon_cards "HTTP/1.1 201 Created"
2026-06-11 13:53:20,178 [INFO]   ✅ McDonald's Collection 2014 (mcd14): 12 kartu
2026-06-11 13:53:31,159 [INFO] HTTP Request: GET https://api.pokemontcg.io/v2/cards?q=set.id%3A%22xy3%22&page=1&pageSize=250&orderBy=number "HTTP/1.1 200 OK"
2026-06-11 13:53:31,757 [INFO] HTTP Request: POST https://vpfjmgefygjhabuizdsq.supabase.co/rest/v1/pokemon_cards "HTTP/1.1 201 Created"
2026-06-11 13:53:31,940 [INFO] HTTP Request: POST https://vpfjmgefygjhabuizdsq.supabase.co/rest/v1/pokemon_cards "HTTP/1.1 201 Created"
2026-06-11 13:53:32,076 [INFO] HTTP Request: POST https://vpfjmgefygjhabuizdsq.supabase.co/rest/v1/pokemon_cards "HTTP/1.1 201 Created"
2026-06-11 13:53:32,078 [INFO]   ✅ Furious Fists (xy3): 114 kartu
2026-06-11 13:53:35,783 [INFO] HTTP Request: GET https://api.pokemontcg.io/v2/cards?q=set.id%3A%22xy4%22&page=1&pageSize=250&orderBy=number "HTTP/1.1 200 OK"
2026-06-11 13:53:37,691 [INFO] HTTP Request: POST https://vpfjmgefygjhabuizdsq.supabase.co/rest/v1/pokemon_cards "HTTP/1.1 201 Created"
2026-06-11 13:53:37,878 [INFO] HTTP Request: POST https://vpfjmgefygjhabuizdsq.supabase.co/rest/v1/pokemon_cards "HTTP/1.1 201 Created"
2026-06-11 13:53:38,026 [INFO] HTTP Request: POST https://vpfjmgefygjhabuizdsq.supabase.co/rest/v1/pokemon_cards "HTTP/1.1 201 Created"
2026-06-11 13:53:38,028 [INFO]   ✅ Phantom Forces (xy4): 124 kartu
2026-06-11 13:53:43,317 [INFO] HTTP Request: GET https://api.pokemontcg.io/v2/cards?q=set.id%3A%22xy5%22&page=1&pageSize=250&orderBy=number "HTTP/1.1 200 OK"
2026-06-11 13:53:43,588 [INFO] HTTP Request: POST https://vpfjmgefygjhabuizdsq.supabase.co/rest/v1/pokemon_cards "HTTP/1.1 201 Created"
2026-06-11 13:53:43,799 [INFO] HTTP Request: POST https://vpfjmgefygjhabuizdsq.supabase.co/rest/v1/pokemon_cards "HTTP/1.1 201 Created"
2026-06-11 13:53:44,002 [INFO] HTTP Request: POST https://vpfjmgefygjhabuizdsq.supabase.co/rest/v1/pokemon_cards "HTTP/1.1 201 Created"
2026-06-11 13:53:44,143 [INFO] HTTP Request: POST https://vpfjmgefygjhabuizdsq.supabase.co/rest/v1/pokemon_cards "HTTP/1.1 201 Created"
2026-06-11 13:53:44,144 [INFO]   ✅ Primal Clash (xy5): 164 kartu
2026-06-11 13:53:45,876 [INFO] HTTP Request: GET https://api.pokemontcg.io/v2/cards?q=set.id%3A%22dc1%22&page=1&pageSize=250&orderBy=number "HTTP/1.1 200 OK"
2026-06-11 13:53:46,040 [INFO] HTTP Request: POST https://vpfjmgefygjhabuizdsq.supabase.co/rest/v1/pokemon_cards "HTTP/1.1 201 Created"
2026-06-11 13:53:46,040 [INFO]   ✅ Double Crisis (dc1): 34 kartu
2026-06-11 13:53:49,358 [INFO] HTTP Request: GET https://api.pokemontcg.io/v2/cards?q=set.id%3A%22xy6%22&page=1&pageSize=250&orderBy=number "HTTP/1.1 200 OK"
2026-06-11 13:53:49,598 [INFO] HTTP Request: POST https://vpfjmgefygjhabuizdsq.supabase.co/rest/v1/pokemon_cards "HTTP/1.1 201 Created"
2026-06-11 13:53:49,777 [INFO] HTTP Request: POST https://vpfjmgefygjhabuizdsq.supabase.co/rest/v1/pokemon_cards "HTTP/1.1 201 Created"
2026-06-11 13:53:49,909 [INFO] HTTP Request: POST https://vpfjmgefygjhabuizdsq.supabase.co/rest/v1/pokemon_cards "HTTP/1.1 201 Created"
2026-06-11 13:53:49,910 [INFO]   ✅ Roaring Skies (xy6): 112 kartu
2026-06-11 13:53:53,187 [INFO] HTTP Request: GET https://api.pokemontcg.io/v2/cards?q=set.id%3A%22xy7%22&page=1&pageSize=250&orderBy=number "HTTP/1.1 200 OK"
2026-06-11 13:53:53,433 [INFO] HTTP Request: POST https://vpfjmgefygjhabuizdsq.supabase.co/rest/v1/pokemon_cards "HTTP/1.1 201 Created"
2026-06-11 13:53:53,631 [INFO] HTTP Request: POST https://vpfjmgefygjhabuizdsq.supabase.co/rest/v1/pokemon_cards "HTTP/1.1 201 Created"
2026-06-11 13:53:53,743 [INFO] HTTP Request: POST https://vpfjmgefygjhabuizdsq.supabase.co/rest/v1/pokemon_cards "HTTP/1.1 201 Created"
2026-06-11 13:53:53,744 [INFO]   ✅ Ancient Origins (xy7): 101 kartu
2026-06-11 13:53:58,574 [INFO] HTTP Request: GET https://api.pokemontcg.io/v2/cards?q=set.id%3A%22xy8%22&page=1&pageSize=250&orderBy=number "HTTP/1.1 200 OK"
2026-06-11 13:53:58,818 [INFO] HTTP Request: POST https://vpfjmgefygjhabuizdsq.supabase.co/rest/v1/pokemon_cards "HTTP/1.1 201 Created"
2026-06-11 13:53:59,028 [INFO] HTTP Request: POST https://vpfjmgefygjhabuizdsq.supabase.co/rest/v1/pokemon_cards "HTTP/1.1 201 Created"
2026-06-11 13:53:59,214 [INFO] HTTP Request: POST https://vpfjmgefygjhabuizdsq.supabase.co/rest/v1/pokemon_cards "HTTP/1.1 201 Created"
2026-06-11 13:53:59,354 [INFO] HTTP Request: POST https://vpfjmgefygjhabuizdsq.supabase.co/rest/v1/pokemon_cards "HTTP/1.1 201 Created"
2026-06-11 13:53:59,356 [INFO]   ✅ BREAKthrough (xy8): 165 kartu
2026-06-11 13:54:00,246 [INFO] HTTP Request: GET https://api.pokemontcg.io/v2/cards?q=set.id%3A%22mcd15%22&page=1&pageSize=250&orderBy=number "HTTP/1.1 200 OK"
2026-06-11 13:54:00,382 [INFO] HTTP Request: POST https://vpfjmgefygjhabuizdsq.supabase.co/rest/v1/pokemon_cards "HTTP/1.1 201 Created"
2026-06-11 13:54:00,383 [INFO]   ✅ McDonald's Collection 2015 (mcd15): 12 kartu
2026-06-11 13:54:04,439 [INFO] HTTP Request: GET https://api.pokemontcg.io/v2/cards?q=set.id%3A%22xy9%22&page=1&pageSize=250&orderBy=number "HTTP/1.1 200 OK"
2026-06-11 13:54:04,721 [INFO] HTTP Request: POST https://vpfjmgefygjhabuizdsq.supabase.co/rest/v1/pokemon_cards "HTTP/1.1 201 Created"
2026-06-11 13:54:04,929 [INFO] HTTP Request: POST https://vpfjmgefygjhabuizdsq.supabase.co/rest/v1/pokemon_cards "HTTP/1.1 201 Created"
2026-06-11 13:54:05,095 [INFO] HTTP Request: POST https://vpfjmgefygjhabuizdsq.supabase.co/rest/v1/pokemon_cards "HTTP/1.1 201 Created"
2026-06-11 13:54:05,096 [INFO]   ✅ BREAKpoint (xy9): 126 kartu
2026-06-11 13:54:10,301 [INFO] HTTP Request: GET https://api.pokemontcg.io/v2/cards?q=set.id%3A%22g1%22&page=1&pageSize=250&orderBy=number "HTTP/1.1 200 OK"
2026-06-11 13:54:10,684 [INFO] HTTP Request: POST https://vpfjmgefygjhabuizdsq.supabase.co/rest/v1/pokemon_cards "HTTP/1.1 201 Created"
2026-06-11 13:54:10,862 [INFO] HTTP Request: POST https://vpfjmgefygjhabuizdsq.supabase.co/rest/v1/pokemon_cards "HTTP/1.1 201 Created"
2026-06-11 13:54:11,010 [INFO] HTTP Request: POST https://vpfjmgefygjhabuizdsq.supabase.co/rest/v1/pokemon_cards "HTTP/1.1 201 Created"
2026-06-11 13:54:11,012 [INFO]   ✅ Generations (g1): 117 kartu
2026-06-11 13:54:15,652 [INFO] HTTP Request: GET https://api.pokemontcg.io/v2/cards?q=set.id%3A%22xy10%22&page=1&pageSize=250&orderBy=number "HTTP/1.1 200 OK"
2026-06-11 13:54:15,939 [INFO] HTTP Request: POST https://vpfjmgefygjhabuizdsq.supabase.co/rest/v1/pokemon_cards "HTTP/1.1 201 Created"
2026-06-11 13:54:16,135 [INFO] HTTP Request: POST https://vpfjmgefygjhabuizdsq.supabase.co/rest/v1/pokemon_cards "HTTP/1.1 201 Created"
2026-06-11 13:54:16,291 [INFO] HTTP Request: POST https://vpfjmgefygjhabuizdsq.supabase.co/rest/v1/pokemon_cards "HTTP/1.1 201 Created"
2026-06-11 13:54:16,292 [INFO]   ✅ Fates Collide (xy10): 129 kartu
2026-06-11 13:54:23,060 [INFO] HTTP Request: GET https://api.pokemontcg.io/v2/cards?q=set.id%3A%22xy11%22&page=1&pageSize=250&orderBy=number "HTTP/1.1 200 OK"
2026-06-11 13:54:23,351 [INFO] HTTP Request: POST https://vpfjmgefygjhabuizdsq.supabase.co/rest/v1/pokemon_cards "HTTP/1.1 201 Created"
2026-06-11 13:54:23,660 [INFO] HTTP Request: POST https://vpfjmgefygjhabuizdsq.supabase.co/rest/v1/pokemon_cards "HTTP/1.1 201 Created"
2026-06-11 13:54:23,809 [INFO] HTTP Request: POST https://vpfjmgefygjhabuizdsq.supabase.co/rest/v1/pokemon_cards "HTTP/1.1 201 Created"
2026-06-11 13:54:23,811 [INFO]   ✅ Steam Siege (xy11): 116 kartu
2026-06-11 13:54:35,717 [INFO] HTTP Request: GET https://api.pokemontcg.io/v2/cards?q=set.id%3A%22mcd16%22&page=1&pageSize=250&orderBy=number "HTTP/1.1 200 OK"
2026-06-11 13:54:35,979 [INFO] HTTP Request: POST https://vpfjmgefygjhabuizdsq.supabase.co/rest/v1/pokemon_cards "HTTP/1.1 201 Created"
2026-06-11 13:54:35,980 [INFO]   ✅ McDonald's Collection 2016 (mcd16): 12 kartu
2026-06-11 13:54:42,759 [INFO] HTTP Request: GET https://api.pokemontcg.io/v2/cards?q=set.id%3A%22xy12%22&page=1&pageSize=250&orderBy=number "HTTP/1.1 200 OK"
2026-06-11 13:54:43,181 [INFO] HTTP Request: POST https://vpfjmgefygjhabuizdsq.supabase.co/rest/v1/pokemon_cards "HTTP/1.1 201 Created"
2026-06-11 13:54:43,390 [INFO] HTTP Request: POST https://vpfjmgefygjhabuizdsq.supabase.co/rest/v1/pokemon_cards "HTTP/1.1 201 Created"
2026-06-11 13:54:43,544 [INFO] HTTP Request: POST https://vpfjmgefygjhabuizdsq.supabase.co/rest/v1/pokemon_cards "HTTP/1.1 201 Created"
2026-06-11 13:54:43,544 [INFO]   ✅ Evolutions (xy12): 113 kartu
2026-06-11 13:54:51,330 [INFO] HTTP Request: GET https://api.pokemontcg.io/v2/cards?q=set.id%3A%22sm1%22&page=1&pageSize=250&orderBy=number "HTTP/1.1 200 OK"
2026-06-11 13:54:51,798 [INFO] HTTP Request: POST https://vpfjmgefygjhabuizdsq.supabase.co/rest/v1/pokemon_cards "HTTP/1.1 201 Created"
2026-06-11 13:54:51,986 [INFO] HTTP Request: POST https://vpfjmgefygjhabuizdsq.supabase.co/rest/v1/pokemon_cards "HTTP/1.1 201 Created"
2026-06-11 13:54:52,190 [INFO] HTTP Request: POST https://vpfjmgefygjhabuizdsq.supabase.co/rest/v1/pokemon_cards "HTTP/1.1 201 Created"
2026-06-11 13:54:52,338 [INFO] HTTP Request: POST https://vpfjmgefygjhabuizdsq.supabase.co/rest/v1/pokemon_cards "HTTP/1.1 201 Created"
2026-06-11 13:54:52,340 [INFO]   ✅ Sun & Moon (sm1): 173 kartu
2026-06-11 13:54:59,755 [INFO] HTTP Request: GET https://api.pokemontcg.io/v2/cards?q=set.id%3A%22smp%22&page=1&pageSize=250&orderBy=number "HTTP/1.1 200 OK"
2026-06-11 13:55:00,465 [INFO] HTTP Request: POST https://vpfjmgefygjhabuizdsq.supabase.co/rest/v1/pokemon_cards "HTTP/1.1 201 Created"
2026-06-11 13:55:00,691 [INFO] HTTP Request: POST https://vpfjmgefygjhabuizdsq.supabase.co/rest/v1/pokemon_cards "HTTP/1.1 201 Created"
2026-06-11 13:55:00,899 [INFO] HTTP Request: POST https://vpfjmgefygjhabuizdsq.supabase.co/rest/v1/pokemon_cards "HTTP/1.1 201 Created"
2026-06-11 13:55:01,161 [INFO] HTTP Request: POST https://vpfjmgefygjhabuizdsq.supabase.co/rest/v1/pokemon_cards "HTTP/1.1 201 Created"
2026-06-11 13:55:01,364 [INFO] HTTP Request: POST https://vpfjmgefygjhabuizdsq.supabase.co/rest/v1/pokemon_cards "HTTP/1.1 201 Created"
2026-06-11 13:55:01,958 [INFO] HTTP Request: GET https://api.pokemontcg.io/v2/cards?q=set.id%3A%22smp%22&page=2&pageSize=250&orderBy=number "HTTP/1.1 200 OK"
2026-06-11 13:55:02,256 [INFO] HTTP Request: POST https://vpfjmgefygjhabuizdsq.supabase.co/rest/v1/pokemon_cards "HTTP/1.1 201 Created"
2026-06-11 13:55:02,257 [INFO]   ✅ SM Black Star Promos (smp): 251 kartu
2026-06-11 13:55:07,821 [INFO] HTTP Request: GET https://api.pokemontcg.io/v2/cards?q=set.id%3A%22sm2%22&page=1&pageSize=250&orderBy=number "HTTP/1.1 200 OK"
2026-06-11 13:55:09,409 [INFO] HTTP Request: POST https://vpfjmgefygjhabuizdsq.supabase.co/rest/v1/pokemon_cards "HTTP/1.1 201 Created"
2026-06-11 13:55:09,784 [INFO] HTTP Request: POST https://vpfjmgefygjhabuizdsq.supabase.co/rest/v1/pokemon_cards "HTTP/1.1 201 Created"
2026-06-11 13:55:09,967 [INFO] HTTP Request: POST https://vpfjmgefygjhabuizdsq.supabase.co/rest/v1/pokemon_cards "HTTP/1.1 201 Created"
2026-06-11 13:55:10,128 [INFO] HTTP Request: POST https://vpfjmgefygjhabuizdsq.supabase.co/rest/v1/pokemon_cards "HTTP/1.1 201 Created"
2026-06-11 13:55:10,130 [INFO]   ✅ Guardians Rising (sm2): 180 kartu
2026-06-11 13:55:15,360 [INFO] HTTP Request: GET https://api.pokemontcg.io/v2/cards?q=set.id%3A%22sm3%22&page=1&pageSize=250&orderBy=number "HTTP/1.1 200 OK"
2026-06-11 13:55:15,829 [INFO] HTTP Request: POST https://vpfjmgefygjhabuizdsq.supabase.co/rest/v1/pokemon_cards "HTTP/1.1 201 Created"
2026-06-11 13:55:16,025 [INFO] HTTP Request: POST https://vpfjmgefygjhabuizdsq.supabase.co/rest/v1/pokemon_cards "HTTP/1.1 201 Created"
2026-06-11 13:55:16,216 [INFO] HTTP Request: POST https://vpfjmgefygjhabuizdsq.supabase.co/rest/v1/pokemon_cards "HTTP/1.1 201 Created"
2026-06-11 13:55:16,370 [INFO] HTTP Request: POST https://vpfjmgefygjhabuizdsq.supabase.co/rest/v1/pokemon_cards "HTTP/1.1 201 Created"
2026-06-11 13:55:16,371 [INFO]   ✅ Burning Shadows (sm3): 177 kartu
2026-06-11 13:55:19,729 [INFO] HTTP Request: GET https://api.pokemontcg.io/v2/cards?q=set.id%3A%22sm35%22&page=1&pageSize=250&orderBy=number "HTTP/1.1 200 OK"
2026-06-11 13:55:20,017 [INFO] HTTP Request: POST https://vpfjmgefygjhabuizdsq.supabase.co/rest/v1/pokemon_cards "HTTP/1.1 201 Created"
2026-06-11 13:55:20,181 [INFO] HTTP Request: POST https://vpfjmgefygjhabuizdsq.supabase.co/rest/v1/pokemon_cards "HTTP/1.1 201 Created"
2026-06-11 13:55:20,183 [INFO]   ✅ Shining Legends (sm35): 81 kartu
2026-06-11 13:55:25,658 [INFO] HTTP Request: GET https://api.pokemontcg.io/v2/cards?q=set.id%3A%22sm4%22&page=1&pageSize=250&orderBy=number "HTTP/1.1 200 OK"
2026-06-11 13:55:27,364 [INFO] HTTP Request: POST https://vpfjmgefygjhabuizdsq.supabase.co/rest/v1/pokemon_cards "HTTP/1.1 201 Created"
2026-06-11 13:55:27,741 [INFO] HTTP Request: POST https://vpfjmgefygjhabuizdsq.supabase.co/rest/v1/pokemon_cards "HTTP/1.1 201 Created"
2026-06-11 13:55:28,155 [INFO] HTTP Request: POST https://vpfjmgefygjhabuizdsq.supabase.co/rest/v1/pokemon_cards "HTTP/1.1 201 Created"
2026-06-11 13:55:28,157 [INFO]   ✅ Crimson Invasion (sm4): 126 kartu
2026-06-11 13:55:30,507 [INFO] HTTP Request: GET https://api.pokemontcg.io/v2/cards?q=set.id%3A%22mcd17%22&page=1&pageSize=250&orderBy=number "HTTP/1.1 200 OK"
2026-06-11 13:55:30,682 [INFO] HTTP Request: POST https://vpfjmgefygjhabuizdsq.supabase.co/rest/v1/pokemon_cards "HTTP/1.1 201 Created"
2026-06-11 13:55:30,683 [INFO]   ✅ McDonald's Collection 2017 (mcd17): 12 kartu
2026-06-11 13:55:37,846 [INFO] HTTP Request: GET https://api.pokemontcg.io/v2/cards?q=set.id%3A%22sm5%22&page=1&pageSize=250&orderBy=number "HTTP/1.1 200 OK"
2026-06-11 13:55:38,215 [INFO] HTTP Request: POST https://vpfjmgefygjhabuizdsq.supabase.co/rest/v1/pokemon_cards "HTTP/1.1 201 Created"
2026-06-11 13:55:38,463 [INFO] HTTP Request: POST https://vpfjmgefygjhabuizdsq.supabase.co/rest/v1/pokemon_cards "HTTP/1.1 201 Created"
2026-06-11 13:55:38,682 [INFO] HTTP Request: POST https://vpfjmgefygjhabuizdsq.supabase.co/rest/v1/pokemon_cards "HTTP/1.1 201 Created"
2026-06-11 13:55:38,899 [INFO] HTTP Request: POST https://vpfjmgefygjhabuizdsq.supabase.co/rest/v1/pokemon_cards "HTTP/1.1 201 Created"
2026-06-11 13:55:38,900 [INFO]   ✅ Ultra Prism (sm5): 178 kartu
2026-06-11 13:55:47,950 [INFO] HTTP Request: GET https://api.pokemontcg.io/v2/cards?q=set.id%3A%22sm6%22&page=1&pageSize=250&orderBy=number "HTTP/1.1 200 OK"
2026-06-11 13:55:48,392 [INFO] HTTP Request: POST https://vpfjmgefygjhabuizdsq.supabase.co/rest/v1/pokemon_cards "HTTP/1.1 201 Created"
2026-06-11 13:55:48,787 [INFO] HTTP Request: POST https://vpfjmgefygjhabuizdsq.supabase.co/rest/v1/pokemon_cards "HTTP/1.1 201 Created"
2026-06-11 13:55:49,061 [INFO] HTTP Request: POST https://vpfjmgefygjhabuizdsq.supabase.co/rest/v1/pokemon_cards "HTTP/1.1 201 Created"
2026-06-11 13:55:49,062 [INFO]   ✅ Forbidden Light (sm6): 150 kartu
2026-06-11 13:56:17,694 [INFO] HTTP Request: GET https://api.pokemontcg.io/v2/cards?q=set.id%3A%22sm7%22&page=1&pageSize=250&orderBy=number "HTTP/1.1 200 OK"
2026-06-11 13:56:20,111 [INFO] HTTP Request: POST https://vpfjmgefygjhabuizdsq.supabase.co/rest/v1/pokemon_cards "HTTP/1.1 201 Created"
2026-06-11 13:56:20,310 [INFO] HTTP Request: POST https://vpfjmgefygjhabuizdsq.supabase.co/rest/v1/pokemon_cards "HTTP/1.1 201 Created"
2026-06-11 13:56:20,490 [INFO] HTTP Request: POST https://vpfjmgefygjhabuizdsq.supabase.co/rest/v1/pokemon_cards "HTTP/1.1 201 Created"
2026-06-11 13:56:20,669 [INFO] HTTP Request: POST https://vpfjmgefygjhabuizdsq.supabase.co/rest/v1/pokemon_cards "HTTP/1.1 201 Created"
2026-06-11 13:56:20,670 [INFO]   ✅ Celestial Storm (sm7): 187 kartu
2026-06-11 13:56:23,265 [INFO] HTTP Request: GET https://api.pokemontcg.io/v2/cards?q=set.id%3A%22sm75%22&page=1&pageSize=250&orderBy=number "HTTP/1.1 200 OK"
2026-06-11 13:56:23,515 [INFO] HTTP Request: POST https://vpfjmgefygjhabuizdsq.supabase.co/rest/v1/pokemon_cards "HTTP/1.1 201 Created"
2026-06-11 13:56:23,683 [INFO] HTTP Request: POST https://vpfjmgefygjhabuizdsq.supabase.co/rest/v1/pokemon_cards "HTTP/1.1 201 Created"
2026-06-11 13:56:23,685 [INFO]   ✅ Dragon Majesty (sm75): 80 kartu
2026-06-11 13:56:25,068 [INFO] HTTP Request: GET https://api.pokemontcg.io/v2/cards?q=set.id%3A%22mcd18%22&page=1&pageSize=250&orderBy=number "HTTP/1.1 200 OK"
2026-06-11 13:56:25,210 [INFO] HTTP Request: POST https://vpfjmgefygjhabuizdsq.supabase.co/rest/v1/pokemon_cards "HTTP/1.1 201 Created"
2026-06-11 13:56:25,210 [INFO]   ✅ McDonald's Collection 2018 (mcd18): 12 kartu
2026-06-11 13:56:33,316 [INFO] HTTP Request: GET https://api.pokemontcg.io/v2/cards?q=set.id%3A%22sm8%22&page=1&pageSize=250&orderBy=number "HTTP/1.1 200 OK"
2026-06-11 13:56:33,839 [INFO] HTTP Request: POST https://vpfjmgefygjhabuizdsq.supabase.co/rest/v1/pokemon_cards "HTTP/1.1 201 Created"
2026-06-11 13:56:34,072 [INFO] HTTP Request: POST https://vpfjmgefygjhabuizdsq.supabase.co/rest/v1/pokemon_cards "HTTP/1.1 201 Created"
2026-06-11 13:56:34,288 [INFO] HTTP Request: POST https://vpfjmgefygjhabuizdsq.supabase.co/rest/v1/pokemon_cards "HTTP/1.1 201 Created"
2026-06-11 13:56:34,487 [INFO] HTTP Request: POST https://vpfjmgefygjhabuizdsq.supabase.co/rest/v1/pokemon_cards "HTTP/1.1 201 Created"
2026-06-11 13:56:34,677 [INFO] HTTP Request: POST https://vpfjmgefygjhabuizdsq.supabase.co/rest/v1/pokemon_cards "HTTP/1.1 201 Created"
2026-06-11 13:56:34,679 [INFO]   ✅ Lost Thunder (sm8): 240 kartu
2026-06-11 13:57:07,771 [INFO] HTTP Request: GET https://api.pokemontcg.io/v2/cards?q=set.id%3A%22sm9%22&page=1&pageSize=250&orderBy=number "HTTP/1.1 200 OK"
2026-06-11 13:57:08,453 [INFO] HTTP Request: POST https://vpfjmgefygjhabuizdsq.supabase.co/rest/v1/pokemon_cards "HTTP/1.1 201 Created"
2026-06-11 13:57:08,644 [INFO] HTTP Request: POST https://vpfjmgefygjhabuizdsq.supabase.co/rest/v1/pokemon_cards "HTTP/1.1 201 Created"
2026-06-11 13:57:08,840 [INFO] HTTP Request: POST https://vpfjmgefygjhabuizdsq.supabase.co/rest/v1/pokemon_cards "HTTP/1.1 201 Created"
2026-06-11 13:57:09,301 [INFO] HTTP Request: POST https://vpfjmgefygjhabuizdsq.supabase.co/rest/v1/pokemon_cards "HTTP/1.1 201 Created"
2026-06-11 13:57:09,303 [INFO]   ✅ Team Up (sm9): 198 kartu
2026-06-11 13:57:10,885 [INFO] HTTP Request: GET https://api.pokemontcg.io/v2/cards?q=set.id%3A%22det1%22&page=1&pageSize=250&orderBy=number "HTTP/1.1 200 OK"
2026-06-11 13:57:11,051 [INFO] HTTP Request: POST https://vpfjmgefygjhabuizdsq.supabase.co/rest/v1/pokemon_cards "HTTP/1.1 201 Created"
2026-06-11 13:57:11,052 [INFO]   ✅ Detective Pikachu (det1): 18 kartu
2026-06-11 13:57:23,862 [INFO] HTTP Request: GET https://api.pokemontcg.io/v2/cards?q=set.id%3A%22sm10%22&page=1&pageSize=250&orderBy=number "HTTP/1.1 200 OK"
2026-06-11 13:57:24,387 [INFO] HTTP Request: POST https://vpfjmgefygjhabuizdsq.supabase.co/rest/v1/pokemon_cards "HTTP/1.1 201 Created"
2026-06-11 13:57:24,586 [INFO] HTTP Request: POST https://vpfjmgefygjhabuizdsq.supabase.co/rest/v1/pokemon_cards "HTTP/1.1 201 Created"
2026-06-11 13:57:24,802 [INFO] HTTP Request: POST https://vpfjmgefygjhabuizdsq.supabase.co/rest/v1/pokemon_cards "HTTP/1.1 201 Created"
2026-06-11 13:57:25,018 [INFO] HTTP Request: POST https://vpfjmgefygjhabuizdsq.supabase.co/rest/v1/pokemon_cards "HTTP/1.1 201 Created"
2026-06-11 13:57:25,234 [INFO] HTTP Request: POST https://vpfjmgefygjhabuizdsq.supabase.co/rest/v1/pokemon_cards "HTTP/1.1 201 Created"
2026-06-11 13:57:25,237 [INFO]   ✅ Unbroken Bonds (sm10): 238 kartu
2026-06-11 13:57:34,738 [INFO] HTTP Request: GET https://api.pokemontcg.io/v2/cards?q=set.id%3A%22sm11%22&page=1&pageSize=250&orderBy=number "HTTP/1.1 200 OK"
2026-06-11 13:57:35,285 [INFO] HTTP Request: POST https://vpfjmgefygjhabuizdsq.supabase.co/rest/v1/pokemon_cards "HTTP/1.1 201 Created"
2026-06-11 13:57:35,478 [INFO] HTTP Request: POST https://vpfjmgefygjhabuizdsq.supabase.co/rest/v1/pokemon_cards "HTTP/1.1 201 Created"
2026-06-11 13:57:35,718 [INFO] HTTP Request: POST https://vpfjmgefygjhabuizdsq.supabase.co/rest/v1/pokemon_cards "HTTP/1.1 201 Created"
2026-06-11 13:57:35,912 [INFO] HTTP Request: POST https://vpfjmgefygjhabuizdsq.supabase.co/rest/v1/pokemon_cards "HTTP/1.1 201 Created"
2026-06-11 13:57:36,111 [INFO] HTTP Request: POST https://vpfjmgefygjhabuizdsq.supabase.co/rest/v1/pokemon_cards "HTTP/1.1 201 Created"
2026-06-11 13:57:37,542 [INFO] HTTP Request: GET https://api.pokemontcg.io/v2/cards?q=set.id%3A%22sm11%22&page=2&pageSize=250&orderBy=number "HTTP/1.1 200 OK"
2026-06-11 13:57:37,718 [INFO] HTTP Request: POST https://vpfjmgefygjhabuizdsq.supabase.co/rest/v1/pokemon_cards "HTTP/1.1 201 Created"
2026-06-11 13:57:37,719 [INFO]   ✅ Unified Minds (sm11): 261 kartu
2026-06-11 13:58:10,247 [INFO] HTTP Request: GET https://api.pokemontcg.io/v2/cards?q=set.id%3A%22sma%22&page=1&pageSize=250&orderBy=number "HTTP/1.1 200 OK"
2026-06-11 13:58:10,672 [INFO] HTTP Request: POST https://vpfjmgefygjhabuizdsq.supabase.co/rest/v1/pokemon_cards "HTTP/1.1 201 Created"
2026-06-11 13:58:11,091 [INFO] HTTP Request: POST https://vpfjmgefygjhabuizdsq.supabase.co/rest/v1/pokemon_cards "HTTP/1.1 201 Created"
2026-06-11 13:58:11,092 [INFO]   ✅ Hidden Fates Shiny Vault (sma): 94 kartu
2026-06-11 13:58:22,956 [INFO] HTTP Request: GET https://api.pokemontcg.io/v2/cards?q=set.id%3A%22sm115%22&page=1&pageSize=250&orderBy=number "HTTP/1.1 200 OK"
2026-06-11 13:58:23,278 [INFO] HTTP Request: POST https://vpfjmgefygjhabuizdsq.supabase.co/rest/v1/pokemon_cards "HTTP/1.1 201 Created"
2026-06-11 13:58:23,520 [INFO] HTTP Request: POST https://vpfjmgefygjhabuizdsq.supabase.co/rest/v1/pokemon_cards "HTTP/1.1 201 Created"
2026-06-11 13:58:23,520 [INFO]   ✅ Hidden Fates (sm115): 69 kartu
2026-06-11 13:58:26,715 [INFO] HTTP Request: GET https://api.pokemontcg.io/v2/cards?q=set.id%3A%22mcd19%22&page=1&pageSize=250&orderBy=number "HTTP/1.1 200 OK"
2026-06-11 13:58:26,857 [INFO] HTTP Request: POST https://vpfjmgefygjhabuizdsq.supabase.co/rest/v1/pokemon_cards "HTTP/1.1 201 Created"
2026-06-11 13:58:26,857 [INFO]   ✅ McDonald's Collection 2019 (mcd19): 12 kartu
2026-06-11 13:58:34,060 [INFO] HTTP Request: GET https://api.pokemontcg.io/v2/cards?q=set.id%3A%22sm12%22&page=1&pageSize=250&orderBy=number "HTTP/1.1 200 OK"
2026-06-11 13:58:34,583 [INFO] HTTP Request: POST https://vpfjmgefygjhabuizdsq.supabase.co/rest/v1/pokemon_cards "HTTP/1.1 201 Created"
2026-06-11 13:58:34,780 [INFO] HTTP Request: POST https://vpfjmgefygjhabuizdsq.supabase.co/rest/v1/pokemon_cards "HTTP/1.1 201 Created"
2026-06-11 13:58:35,053 [INFO] HTTP Request: POST https://vpfjmgefygjhabuizdsq.supabase.co/rest/v1/pokemon_cards "HTTP/1.1 201 Created"
2026-06-11 13:58:35,247 [INFO] HTTP Request: POST https://vpfjmgefygjhabuizdsq.supabase.co/rest/v1/pokemon_cards "HTTP/1.1 201 Created"
2026-06-11 13:58:35,445 [INFO] HTTP Request: POST https://vpfjmgefygjhabuizdsq.supabase.co/rest/v1/pokemon_cards "HTTP/1.1 201 Created"
2026-06-11 13:58:40,049 [INFO] HTTP Request: GET https://api.pokemontcg.io/v2/cards?q=set.id%3A%22sm12%22&page=2&pageSize=250&orderBy=number "HTTP/1.1 200 OK"
2026-06-11 13:58:40,292 [INFO] HTTP Request: POST https://vpfjmgefygjhabuizdsq.supabase.co/rest/v1/pokemon_cards "HTTP/1.1 201 Created"
2026-06-11 13:58:40,293 [INFO]   ✅ Cosmic Eclipse (sm12): 272 kartu
2026-06-11 13:58:49,292 [INFO] HTTP Request: GET https://api.pokemontcg.io/v2/cards?q=set.id%3A%22swshp%22&page=1&pageSize=250&orderBy=number "HTTP/1.1 200 OK"
2026-06-11 13:59:38,710 [INFO] HTTP Request: POST https://vpfjmgefygjhabuizdsq.supabase.co/rest/v1/pokemon_cards "HTTP/1.1 201 Created"
2026-06-11 13:59:38,905 [INFO] HTTP Request: POST https://vpfjmgefygjhabuizdsq.supabase.co/rest/v1/pokemon_cards "HTTP/1.1 201 Created"
2026-06-11 13:59:39,228 [INFO] HTTP Request: POST https://vpfjmgefygjhabuizdsq.supabase.co/rest/v1/pokemon_cards "HTTP/1.1 201 Created"
2026-06-11 13:59:39,431 [INFO] HTTP Request: POST https://vpfjmgefygjhabuizdsq.supabase.co/rest/v1/pokemon_cards "HTTP/1.1 201 Created"
2026-06-11 13:59:39,758 [INFO] HTTP Request: POST https://vpfjmgefygjhabuizdsq.supabase.co/rest/v1/pokemon_cards "HTTP/1.1 201 Created"
2026-06-11 13:59:42,176 [INFO] HTTP Request: GET https://api.pokemontcg.io/v2/cards?q=set.id%3A%22swshp%22&page=2&pageSize=250&orderBy=number "HTTP/1.1 200 OK"
2026-06-11 13:59:42,410 [INFO] HTTP Request: POST https://vpfjmgefygjhabuizdsq.supabase.co/rest/v1/pokemon_cards "HTTP/1.1 201 Created"
2026-06-11 13:59:42,532 [INFO] HTTP Request: POST https://vpfjmgefygjhabuizdsq.supabase.co/rest/v1/pokemon_cards "HTTP/1.1 201 Created"
2026-06-11 13:59:42,534 [INFO]   ✅ SWSH Black Star Promos (swshp): 304 kartu
2026-06-11 13:59:48,762 [INFO] HTTP Request: GET https://api.pokemontcg.io/v2/cards?q=set.id%3A%22swsh1%22&page=1&pageSize=250&orderBy=number "HTTP/1.1 200 OK"
2026-06-11 13:59:49,165 [INFO] HTTP Request: POST https://vpfjmgefygjhabuizdsq.supabase.co/rest/v1/pokemon_cards "HTTP/1.1 201 Created"
2026-06-11 13:59:49,386 [INFO] HTTP Request: POST https://vpfjmgefygjhabuizdsq.supabase.co/rest/v1/pokemon_cards "HTTP/1.1 201 Created"
2026-06-11 13:59:49,605 [INFO] HTTP Request: POST https://vpfjmgefygjhabuizdsq.supabase.co/rest/v1/pokemon_cards "HTTP/1.1 201 Created"
2026-06-11 13:59:49,778 [INFO] HTTP Request: POST https://vpfjmgefygjhabuizdsq.supabase.co/rest/v1/pokemon_cards "HTTP/1.1 201 Created"
2026-06-11 13:59:49,913 [INFO] HTTP Request: POST https://vpfjmgefygjhabuizdsq.supabase.co/rest/v1/pokemon_cards "HTTP/1.1 201 Created"
2026-06-11 13:59:49,915 [INFO]   ✅ Sword & Shield (swsh1): 216 kartu
2026-06-11 13:59:56,013 [INFO] HTTP Request: GET https://api.pokemontcg.io/v2/cards?q=set.id%3A%22swsh2%22&page=1&pageSize=250&orderBy=number "HTTP/1.1 200 OK"
2026-06-11 13:59:56,415 [INFO] HTTP Request: POST https://vpfjmgefygjhabuizdsq.supabase.co/rest/v1/pokemon_cards "HTTP/1.1 201 Created"
2026-06-11 13:59:56,634 [INFO] HTTP Request: POST https://vpfjmgefygjhabuizdsq.supabase.co/rest/v1/pokemon_cards "HTTP/1.1 201 Created"
2026-06-11 13:59:56,861 [INFO] HTTP Request: POST https://vpfjmgefygjhabuizdsq.supabase.co/rest/v1/pokemon_cards "HTTP/1.1 201 Created"
2026-06-11 13:59:57,071 [INFO] HTTP Request: POST https://vpfjmgefygjhabuizdsq.supabase.co/rest/v1/pokemon_cards "HTTP/1.1 201 Created"
2026-06-11 13:59:57,199 [INFO] HTTP Request: POST https://vpfjmgefygjhabuizdsq.supabase.co/rest/v1/pokemon_cards "HTTP/1.1 201 Created"
2026-06-11 13:59:57,202 [INFO]   ✅ Rebel Clash (swsh2): 209 kartu
2026-06-11 14:00:04,529 [INFO] HTTP Request: GET https://api.pokemontcg.io/v2/cards?q=set.id%3A%22swsh3%22&page=1&pageSize=250&orderBy=number "HTTP/1.1 200 OK"
2026-06-11 14:00:04,880 [INFO] HTTP Request: POST https://vpfjmgefygjhabuizdsq.supabase.co/rest/v1/pokemon_cards "HTTP/1.1 201 Created"
2026-06-11 14:00:05,066 [INFO] HTTP Request: POST https://vpfjmgefygjhabuizdsq.supabase.co/rest/v1/pokemon_cards "HTTP/1.1 201 Created"
2026-06-11 14:00:05,279 [INFO] HTTP Request: POST https://vpfjmgefygjhabuizdsq.supabase.co/rest/v1/pokemon_cards "HTTP/1.1 201 Created"
2026-06-11 14:00:05,465 [INFO] HTTP Request: POST https://vpfjmgefygjhabuizdsq.supabase.co/rest/v1/pokemon_cards "HTTP/1.1 201 Created"
2026-06-11 14:00:05,585 [INFO] HTTP Request: POST https://vpfjmgefygjhabuizdsq.supabase.co/rest/v1/pokemon_cards "HTTP/1.1 201 Created"
2026-06-11 14:00:05,586 [INFO]   ✅ Darkness Ablaze (swsh3): 201 kartu
2026-06-11 14:00:06,994 [INFO] HTTP Request: GET https://api.pokemontcg.io/v2/cards?q=set.id%3A%22fut20%22&page=1&pageSize=250&orderBy=number "HTTP/1.1 200 OK"
2026-06-11 14:00:07,157 [INFO] HTTP Request: POST https://vpfjmgefygjhabuizdsq.supabase.co/rest/v1/pokemon_cards "HTTP/1.1 201 Created"
2026-06-11 14:00:07,158 [INFO]   ✅ Pokémon Futsal Collection (fut20): 5 kartu
2026-06-11 14:00:11,714 [INFO] HTTP Request: GET https://api.pokemontcg.io/v2/cards?q=set.id%3A%22swsh35%22&page=1&pageSize=250&orderBy=number "HTTP/1.1 200 OK"
2026-06-11 14:00:11,927 [INFO] HTTP Request: POST https://vpfjmgefygjhabuizdsq.supabase.co/rest/v1/pokemon_cards "HTTP/1.1 201 Created"
2026-06-11 14:00:12,120 [INFO] HTTP Request: POST https://vpfjmgefygjhabuizdsq.supabase.co/rest/v1/pokemon_cards "HTTP/1.1 201 Created"
2026-06-11 14:00:12,122 [INFO]   ✅ Champion's Path (swsh35): 80 kartu
2026-06-11 14:00:49,362 [INFO] HTTP Request: GET https://api.pokemontcg.io/v2/cards?q=set.id%3A%22swsh4%22&page=1&pageSize=250&orderBy=number "HTTP/1.1 200 OK"
2026-06-11 14:00:50,207 [INFO] HTTP Request: POST https://vpfjmgefygjhabuizdsq.supabase.co/rest/v1/pokemon_cards "HTTP/1.1 201 Created"
2026-06-11 14:00:50,512 [INFO] HTTP Request: POST https://vpfjmgefygjhabuizdsq.supabase.co/rest/v1/pokemon_cards "HTTP/1.1 201 Created"
2026-06-11 14:00:50,774 [INFO] HTTP Request: POST https://vpfjmgefygjhabuizdsq.supabase.co/rest/v1/pokemon_cards "HTTP/1.1 201 Created"
2026-06-11 14:00:50,974 [INFO] HTTP Request: POST https://vpfjmgefygjhabuizdsq.supabase.co/rest/v1/pokemon_cards "HTTP/1.1 201 Created"
2026-06-11 14:00:51,104 [INFO] HTTP Request: POST https://vpfjmgefygjhabuizdsq.supabase.co/rest/v1/pokemon_cards "HTTP/1.1 201 Created"
2026-06-11 14:00:51,107 [INFO]   ✅ Vivid Voltage (swsh4): 203 kartu
2026-06-11 14:01:00,421 [INFO] HTTP Request: GET https://api.pokemontcg.io/v2/cards?q=set.id%3A%22mcd21%22&page=1&pageSize=250&orderBy=number "HTTP/1.1 200 OK"
2026-06-11 14:01:01,100 [INFO] HTTP Request: POST https://vpfjmgefygjhabuizdsq.supabase.co/rest/v1/pokemon_cards "HTTP/1.1 201 Created"
2026-06-11 14:01:01,101 [INFO]   ✅ McDonald's Collection 2021 (mcd21): 25 kartu
2026-06-11 14:01:49,918 [INFO] HTTP Request: GET https://api.pokemontcg.io/v2/cards?q=set.id%3A%22swsh45sv%22&page=1&pageSize=250&orderBy=number "HTTP/1.1 200 OK"
2026-06-11 14:01:50,686 [INFO] HTTP Request: POST https://vpfjmgefygjhabuizdsq.supabase.co/rest/v1/pokemon_cards "HTTP/1.1 201 Created"
2026-06-11 14:01:50,878 [INFO] HTTP Request: POST https://vpfjmgefygjhabuizdsq.supabase.co/rest/v1/pokemon_cards "HTTP/1.1 201 Created"
2026-06-11 14:01:51,034 [INFO] HTTP Request: POST https://vpfjmgefygjhabuizdsq.supabase.co/rest/v1/pokemon_cards "HTTP/1.1 201 Created"
2026-06-11 14:01:51,034 [INFO]   ✅ Shining Fates Shiny Vault (swsh45sv): 122 kartu
2026-06-11 14:02:23,824 [INFO] HTTP Request: GET https://api.pokemontcg.io/v2/cards?q=set.id%3A%22swsh45%22&page=1&pageSize=250&orderBy=number "HTTP/1.1 200 OK"
2026-06-11 14:02:24,269 [INFO] HTTP Request: POST https://vpfjmgefygjhabuizdsq.supabase.co/rest/v1/pokemon_cards "HTTP/1.1 201 Created"
2026-06-11 14:02:24,431 [INFO] HTTP Request: POST https://vpfjmgefygjhabuizdsq.supabase.co/rest/v1/pokemon_cards "HTTP/1.1 201 Created"
2026-06-11 14:02:24,432 [INFO]   ✅ Shining Fates (swsh45): 73 kartu
2026-06-11 14:03:04,405 [INFO] HTTP Request: GET https://api.pokemontcg.io/v2/cards?q=set.id%3A%22swsh5%22&page=1&pageSize=250&orderBy=number "HTTP/1.1 200 OK"
2026-06-11 14:03:05,054 [INFO] HTTP Request: POST https://vpfjmgefygjhabuizdsq.supabase.co/rest/v1/pokemon_cards "HTTP/1.1 201 Created"
2026-06-11 14:03:05,260 [INFO] HTTP Request: POST https://vpfjmgefygjhabuizdsq.supabase.co/rest/v1/pokemon_cards "HTTP/1.1 201 Created"
2026-06-11 14:03:05,454 [INFO] HTTP Request: POST https://vpfjmgefygjhabuizdsq.supabase.co/rest/v1/pokemon_cards "HTTP/1.1 201 Created"
2026-06-11 14:03:05,623 [INFO] HTTP Request: POST https://vpfjmgefygjhabuizdsq.supabase.co/rest/v1/pokemon_cards "HTTP/1.1 201 Created"
2026-06-11 14:03:05,626 [INFO]   ✅ Battle Styles (swsh5): 183 kartu
2026-06-11 14:03:12,422 [INFO] HTTP Request: GET https://api.pokemontcg.io/v2/cards?q=set.id%3A%22swsh6%22&page=1&pageSize=250&orderBy=number "HTTP/1.1 200 OK"
2026-06-11 14:03:12,948 [INFO] HTTP Request: POST https://vpfjmgefygjhabuizdsq.supabase.co/rest/v1/pokemon_cards "HTTP/1.1 201 Created"
2026-06-11 14:03:13,165 [INFO] HTTP Request: POST https://vpfjmgefygjhabuizdsq.supabase.co/rest/v1/pokemon_cards "HTTP/1.1 201 Created"
2026-06-11 14:03:13,392 [INFO] HTTP Request: POST https://vpfjmgefygjhabuizdsq.supabase.co/rest/v1/pokemon_cards "HTTP/1.1 201 Created"
2026-06-11 14:03:13,577 [INFO] HTTP Request: POST https://vpfjmgefygjhabuizdsq.supabase.co/rest/v1/pokemon_cards "HTTP/1.1 201 Created"
2026-06-11 14:03:13,736 [INFO] HTTP Request: POST https://vpfjmgefygjhabuizdsq.supabase.co/rest/v1/pokemon_cards "HTTP/1.1 201 Created"
2026-06-11 14:03:13,738 [INFO]   ✅ Chilling Reign (swsh6): 233 kartu
2026-06-11 14:03:49,418 [INFO] HTTP Request: GET https://api.pokemontcg.io/v2/cards?q=set.id%3A%22swsh7%22&page=1&pageSize=250&orderBy=number "HTTP/1.1 200 OK"
2026-06-11 14:03:51,388 [INFO] HTTP Request: POST https://vpfjmgefygjhabuizdsq.supabase.co/rest/v1/pokemon_cards "HTTP/1.1 201 Created"
2026-06-11 14:03:51,574 [INFO] HTTP Request: POST https://vpfjmgefygjhabuizdsq.supabase.co/rest/v1/pokemon_cards "HTTP/1.1 201 Created"
2026-06-11 14:03:51,756 [INFO] HTTP Request: POST https://vpfjmgefygjhabuizdsq.supabase.co/rest/v1/pokemon_cards "HTTP/1.1 201 Created"
2026-06-11 14:03:51,954 [INFO] HTTP Request: POST https://vpfjmgefygjhabuizdsq.supabase.co/rest/v1/pokemon_cards "HTTP/1.1 201 Created"
2026-06-11 14:03:52,121 [INFO] HTTP Request: POST https://vpfjmgefygjhabuizdsq.supabase.co/rest/v1/pokemon_cards "HTTP/1.1 201 Created"
2026-06-11 14:03:52,124 [INFO]   ✅ Evolving Skies (swsh7): 237 kartu
2026-06-11 14:03:56,038 [INFO] HTTP Request: GET https://api.pokemontcg.io/v2/cards?q=set.id%3A%22cel25%22&page=1&pageSize=250&orderBy=number "HTTP/1.1 200 OK"
2026-06-11 14:03:56,196 [INFO] HTTP Request: POST https://vpfjmgefygjhabuizdsq.supabase.co/rest/v1/pokemon_cards "HTTP/1.1 201 Created"
2026-06-11 14:03:56,197 [INFO]   ✅ Celebrations (cel25): 25 kartu
2026-06-11 14:03:57,493 [INFO] HTTP Request: GET https://api.pokemontcg.io/v2/cards?q=set.id%3A%22cel25c%22&page=1&pageSize=250&orderBy=number "HTTP/1.1 200 OK"
2026-06-11 14:03:57,656 [INFO] HTTP Request: POST https://vpfjmgefygjhabuizdsq.supabase.co/rest/v1/pokemon_cards "HTTP/1.1 201 Created"
2026-06-11 14:03:57,657 [INFO]   ✅ Celebrations: Classic Collection (cel25c): 25 kartu
2026-06-11 14:04:05,762 [INFO] HTTP Request: GET https://api.pokemontcg.io/v2/cards?q=set.id%3A%22swsh8%22&page=1&pageSize=250&orderBy=number "HTTP/1.1 200 OK"
2026-06-11 14:04:06,207 [INFO] HTTP Request: POST https://vpfjmgefygjhabuizdsq.supabase.co/rest/v1/pokemon_cards "HTTP/1.1 201 Created"
2026-06-11 14:04:06,408 [INFO] HTTP Request: POST https://vpfjmgefygjhabuizdsq.supabase.co/rest/v1/pokemon_cards "HTTP/1.1 201 Created"
2026-06-11 14:04:06,618 [INFO] HTTP Request: POST https://vpfjmgefygjhabuizdsq.supabase.co/rest/v1/pokemon_cards "HTTP/1.1 201 Created"
2026-06-11 14:04:06,832 [INFO] HTTP Request: POST https://vpfjmgefygjhabuizdsq.supabase.co/rest/v1/pokemon_cards "HTTP/1.1 201 Created"
2026-06-11 14:04:07,013 [INFO] HTTP Request: POST https://vpfjmgefygjhabuizdsq.supabase.co/rest/v1/pokemon_cards "HTTP/1.1 201 Created"
2026-06-11 14:04:21,115 [INFO] HTTP Request: GET https://api.pokemontcg.io/v2/cards?q=set.id%3A%22swsh8%22&page=2&pageSize=250&orderBy=number "HTTP/1.1 200 OK"
2026-06-11 14:04:21,405 [INFO] HTTP Request: POST https://vpfjmgefygjhabuizdsq.supabase.co/rest/v1/pokemon_cards "HTTP/1.1 201 Created"
2026-06-11 14:04:21,406 [INFO]   ✅ Fusion Strike (swsh8): 284 kartu
2026-06-11 14:04:35,050 [INFO] HTTP Request: GET https://api.pokemontcg.io/v2/cards?q=set.id%3A%22swsh9%22&page=1&pageSize=250&orderBy=number "HTTP/1.1 200 OK"
2026-06-11 14:04:35,556 [INFO] HTTP Request: POST https://vpfjmgefygjhabuizdsq.supabase.co/rest/v1/pokemon_cards "HTTP/1.1 201 Created"
2026-06-11 14:04:35,785 [INFO] HTTP Request: POST https://vpfjmgefygjhabuizdsq.supabase.co/rest/v1/pokemon_cards "HTTP/1.1 201 Created"
2026-06-11 14:04:35,970 [INFO] HTTP Request: POST https://vpfjmgefygjhabuizdsq.supabase.co/rest/v1/pokemon_cards "HTTP/1.1 201 Created"
2026-06-11 14:04:36,137 [INFO] HTTP Request: POST https://vpfjmgefygjhabuizdsq.supabase.co/rest/v1/pokemon_cards "HTTP/1.1 201 Created"
2026-06-11 14:04:36,138 [INFO]   ✅ Brilliant Stars (swsh9): 186 kartu
2026-06-11 14:04:37,559 [INFO] HTTP Request: GET https://api.pokemontcg.io/v2/cards?q=set.id%3A%22swsh9tg%22&page=1&pageSize=250&orderBy=number "HTTP/1.1 200 OK"
2026-06-11 14:04:37,742 [INFO] HTTP Request: POST https://vpfjmgefygjhabuizdsq.supabase.co/rest/v1/pokemon_cards "HTTP/1.1 201 Created"
2026-06-11 14:04:37,744 [INFO]   ✅ Brilliant Stars Trainer Gallery (swsh9tg): 30 kartu
2026-06-11 14:04:45,260 [INFO] HTTP Request: GET https://api.pokemontcg.io/v2/cards?q=set.id%3A%22swsh10%22&page=1&pageSize=250&orderBy=number "HTTP/1.1 200 OK"
2026-06-11 14:04:45,687 [INFO] HTTP Request: POST https://vpfjmgefygjhabuizdsq.supabase.co/rest/v1/pokemon_cards "HTTP/1.1 201 Created"
2026-06-11 14:04:45,894 [INFO] HTTP Request: POST https://vpfjmgefygjhabuizdsq.supabase.co/rest/v1/pokemon_cards "HTTP/1.1 201 Created"
2026-06-11 14:04:46,122 [INFO] HTTP Request: POST https://vpfjmgefygjhabuizdsq.supabase.co/rest/v1/pokemon_cards "HTTP/1.1 201 Created"
2026-06-11 14:04:46,317 [INFO] HTTP Request: POST https://vpfjmgefygjhabuizdsq.supabase.co/rest/v1/pokemon_cards "HTTP/1.1 201 Created"
2026-06-11 14:04:46,474 [INFO] HTTP Request: POST https://vpfjmgefygjhabuizdsq.supabase.co/rest/v1/pokemon_cards "HTTP/1.1 201 Created"
2026-06-11 14:04:46,477 [INFO]   ✅ Astral Radiance (swsh10): 216 kartu
2026-06-11 14:04:48,253 [INFO] HTTP Request: GET https://api.pokemontcg.io/v2/cards?q=set.id%3A%22swsh10tg%22&page=1&pageSize=250&orderBy=number "HTTP/1.1 200 OK"
2026-06-11 14:04:48,519 [INFO] HTTP Request: POST https://vpfjmgefygjhabuizdsq.supabase.co/rest/v1/pokemon_cards "HTTP/1.1 201 Created"
2026-06-11 14:04:48,520 [INFO]   ✅ Astral Radiance Trainer Gallery (swsh10tg): 30 kartu
2026-06-11 14:04:53,314 [INFO] HTTP Request: GET https://api.pokemontcg.io/v2/cards?q=set.id%3A%22pgo%22&page=1&pageSize=250&orderBy=number "HTTP/1.1 200 OK"
2026-06-11 14:04:53,594 [INFO] HTTP Request: POST https://vpfjmgefygjhabuizdsq.supabase.co/rest/v1/pokemon_cards "HTTP/1.1 201 Created"
2026-06-11 14:04:53,763 [INFO] HTTP Request: POST https://vpfjmgefygjhabuizdsq.supabase.co/rest/v1/pokemon_cards "HTTP/1.1 201 Created"
2026-06-11 14:04:53,764 [INFO]   ✅ Pokémon GO (pgo): 88 kartu
2026-06-11 14:05:39,028 [INFO] HTTP Request: GET https://api.pokemontcg.io/v2/cards?q=set.id%3A%22mcd22%22&page=1&pageSize=250&orderBy=number "HTTP/1.1 200 OK"
2026-06-11 14:05:39,427 [INFO] HTTP Request: POST https://vpfjmgefygjhabuizdsq.supabase.co/rest/v1/pokemon_cards "HTTP/1.1 201 Created"
2026-06-11 14:05:39,427 [INFO]   ✅ McDonald's Collection 2022 (mcd22): 15 kartu
2026-06-11 14:06:18,009 [INFO] HTTP Request: GET https://api.pokemontcg.io/v2/cards?q=set.id%3A%22swsh11%22&page=1&pageSize=250&orderBy=number "HTTP/1.1 200 OK"
2026-06-11 14:06:18,517 [INFO] HTTP Request: POST https://vpfjmgefygjhabuizdsq.supabase.co/rest/v1/pokemon_cards "HTTP/1.1 201 Created"
2026-06-11 14:06:18,738 [INFO] HTTP Request: POST https://vpfjmgefygjhabuizdsq.supabase.co/rest/v1/pokemon_cards "HTTP/1.1 201 Created"
2026-06-11 14:06:18,959 [INFO] HTTP Request: POST https://vpfjmgefygjhabuizdsq.supabase.co/rest/v1/pokemon_cards "HTTP/1.1 201 Created"
2026-06-11 14:06:19,149 [INFO] HTTP Request: POST https://vpfjmgefygjhabuizdsq.supabase.co/rest/v1/pokemon_cards "HTTP/1.1 201 Created"
2026-06-11 14:06:19,338 [INFO] HTTP Request: POST https://vpfjmgefygjhabuizdsq.supabase.co/rest/v1/pokemon_cards "HTTP/1.1 201 Created"
2026-06-11 14:06:19,341 [INFO]   ✅ Lost Origin (swsh11): 217 kartu
2026-06-11 14:06:47,879 [INFO] HTTP Request: GET https://api.pokemontcg.io/v2/cards?q=set.id%3A%22swsh11tg%22&page=1&pageSize=250&orderBy=number "HTTP/1.1 200 OK"
2026-06-11 14:06:48,130 [INFO] HTTP Request: POST https://vpfjmgefygjhabuizdsq.supabase.co/rest/v1/pokemon_cards "HTTP/1.1 201 Created"
2026-06-11 14:06:48,131 [INFO]   ✅ Lost Origin Trainer Gallery (swsh11tg): 30 kartu
2026-06-11 14:06:59,606 [INFO] HTTP Request: GET https://api.pokemontcg.io/v2/cards?q=set.id%3A%22swsh12%22&page=1&pageSize=250&orderBy=number "HTTP/1.1 200 OK"
2026-06-11 14:06:59,977 [INFO] HTTP Request: POST https://vpfjmgefygjhabuizdsq.supabase.co/rest/v1/pokemon_cards "HTTP/1.1 201 Created"
2026-06-11 14:07:00,207 [INFO] HTTP Request: POST https://vpfjmgefygjhabuizdsq.supabase.co/rest/v1/pokemon_cards "HTTP/1.1 201 Created"
2026-06-11 14:07:00,460 [INFO] HTTP Request: POST https://vpfjmgefygjhabuizdsq.supabase.co/rest/v1/pokemon_cards "HTTP/1.1 201 Created"
2026-06-11 14:07:00,904 [INFO] HTTP Request: POST https://vpfjmgefygjhabuizdsq.supabase.co/rest/v1/pokemon_cards "HTTP/1.1 201 Created"
2026-06-11 14:07:01,048 [INFO] HTTP Request: POST https://vpfjmgefygjhabuizdsq.supabase.co/rest/v1/pokemon_cards "HTTP/1.1 201 Created"
2026-06-11 14:07:01,051 [INFO]   ✅ Silver Tempest (swsh12): 215 kartu
2026-06-11 14:07:04,526 [INFO] HTTP Request: GET https://api.pokemontcg.io/v2/cards?q=set.id%3A%22swsh12tg%22&page=1&pageSize=250&orderBy=number "HTTP/1.1 200 OK"
2026-06-11 14:07:04,848 [INFO] HTTP Request: POST https://vpfjmgefygjhabuizdsq.supabase.co/rest/v1/pokemon_cards "HTTP/1.1 201 Created"
2026-06-11 14:07:04,849 [INFO]   ✅ Silver Tempest Trainer Gallery (swsh12tg): 30 kartu
2026-06-11 14:07:13,835 [INFO] HTTP Request: GET https://api.pokemontcg.io/v2/cards?q=set.id%3A%22svp%22&page=1&pageSize=250&orderBy=number "HTTP/1.1 200 OK"
2026-06-11 14:07:14,346 [INFO] HTTP Request: POST https://vpfjmgefygjhabuizdsq.supabase.co/rest/v1/pokemon_cards "HTTP/1.1 201 Created"
2026-06-11 14:07:14,546 [INFO] HTTP Request: POST https://vpfjmgefygjhabuizdsq.supabase.co/rest/v1/pokemon_cards "HTTP/1.1 201 Created"
2026-06-11 14:07:14,727 [INFO] HTTP Request: POST https://vpfjmgefygjhabuizdsq.supabase.co/rest/v1/pokemon_cards "HTTP/1.1 201 Created"
2026-06-11 14:07:14,920 [INFO] HTTP Request: POST https://vpfjmgefygjhabuizdsq.supabase.co/rest/v1/pokemon_cards "HTTP/1.1 201 Created"
2026-06-11 14:07:14,922 [INFO]   ✅ Scarlet & Violet Black Star Promos (svp): 200 kartu
2026-06-11 14:07:22,090 [INFO] HTTP Request: GET https://api.pokemontcg.io/v2/cards?q=set.id%3A%22swsh12pt5%22&page=1&pageSize=250&orderBy=number "HTTP/1.1 200 OK"
2026-06-11 14:07:22,498 [INFO] HTTP Request: POST https://vpfjmgefygjhabuizdsq.supabase.co/rest/v1/pokemon_cards "HTTP/1.1 201 Created"
2026-06-11 14:07:22,730 [INFO] HTTP Request: POST https://vpfjmgefygjhabuizdsq.supabase.co/rest/v1/pokemon_cards "HTTP/1.1 201 Created"
2026-06-11 14:07:22,960 [INFO] HTTP Request: POST https://vpfjmgefygjhabuizdsq.supabase.co/rest/v1/pokemon_cards "HTTP/1.1 201 Created"
2026-06-11 14:07:23,100 [INFO] HTTP Request: POST https://vpfjmgefygjhabuizdsq.supabase.co/rest/v1/pokemon_cards "HTTP/1.1 201 Created"
2026-06-11 14:07:23,102 [INFO]   ✅ Crown Zenith (swsh12pt5): 160 kartu
2026-06-11 14:07:28,844 [INFO] HTTP Request: GET https://api.pokemontcg.io/v2/cards?q=set.id%3A%22swsh12pt5gg%22&page=1&pageSize=250&orderBy=number "HTTP/1.1 200 OK"
2026-06-11 14:07:29,235 [INFO] HTTP Request: POST https://vpfjmgefygjhabuizdsq.supabase.co/rest/v1/pokemon_cards "HTTP/1.1 201 Created"
2026-06-11 14:07:29,467 [INFO] HTTP Request: POST https://vpfjmgefygjhabuizdsq.supabase.co/rest/v1/pokemon_cards "HTTP/1.1 201 Created"
2026-06-11 14:07:29,468 [INFO]   ✅ Crown Zenith Galarian Gallery (swsh12pt5gg): 70 kartu
2026-06-11 14:07:46,602 [INFO] HTTP Request: GET https://api.pokemontcg.io/v2/cards?q=set.id%3A%22sv1%22&page=1&pageSize=250&orderBy=number "HTTP/1.1 200 OK"
2026-06-11 14:07:46,896 [INFO] HTTP Request: POST https://vpfjmgefygjhabuizdsq.supabase.co/rest/v1/pokemon_cards "HTTP/1.1 201 Created"
2026-06-11 14:07:47,101 [INFO] HTTP Request: POST https://vpfjmgefygjhabuizdsq.supabase.co/rest/v1/pokemon_cards "HTTP/1.1 201 Created"
2026-06-11 14:07:47,294 [INFO] HTTP Request: POST https://vpfjmgefygjhabuizdsq.supabase.co/rest/v1/pokemon_cards "HTTP/1.1 201 Created"
2026-06-11 14:07:47,489 [INFO] HTTP Request: POST https://vpfjmgefygjhabuizdsq.supabase.co/rest/v1/pokemon_cards "HTTP/1.1 201 Created"
2026-06-11 14:07:47,706 [INFO] HTTP Request: POST https://vpfjmgefygjhabuizdsq.supabase.co/rest/v1/pokemon_cards "HTTP/1.1 201 Created"
2026-06-11 14:07:54,096 [INFO] HTTP Request: GET https://api.pokemontcg.io/v2/cards?q=set.id%3A%22sv1%22&page=2&pageSize=250&orderBy=number "HTTP/1.1 200 OK"
2026-06-11 14:07:54,345 [INFO] HTTP Request: POST https://vpfjmgefygjhabuizdsq.supabase.co/rest/v1/pokemon_cards "HTTP/1.1 201 Created"
2026-06-11 14:07:54,346 [INFO]   ✅ Scarlet & Violet (sv1): 258 kartu
2026-06-11 14:07:57,084 [INFO] HTTP Request: GET https://api.pokemontcg.io/v2/cards?q=set.id%3A%22sve%22&page=1&pageSize=250&orderBy=number "HTTP/1.1 200 OK"
2026-06-11 14:07:57,249 [INFO] HTTP Request: POST https://vpfjmgefygjhabuizdsq.supabase.co/rest/v1/pokemon_cards "HTTP/1.1 201 Created"
2026-06-11 14:07:57,249 [INFO]   ✅ Scarlet & Violet Energies (sve): 16 kartu
2026-06-11 14:08:10,385 [INFO] HTTP Request: GET https://api.pokemontcg.io/v2/cards?q=set.id%3A%22sv2%22&page=1&pageSize=250&orderBy=number "HTTP/1.1 200 OK"
2026-06-11 14:08:10,778 [INFO] HTTP Request: POST https://vpfjmgefygjhabuizdsq.supabase.co/rest/v1/pokemon_cards "HTTP/1.1 201 Created"
2026-06-11 14:08:10,960 [INFO] HTTP Request: POST https://vpfjmgefygjhabuizdsq.supabase.co/rest/v1/pokemon_cards "HTTP/1.1 201 Created"
2026-06-11 14:08:11,161 [INFO] HTTP Request: POST https://vpfjmgefygjhabuizdsq.supabase.co/rest/v1/pokemon_cards "HTTP/1.1 201 Created"
2026-06-11 14:08:11,368 [INFO] HTTP Request: POST https://vpfjmgefygjhabuizdsq.supabase.co/rest/v1/pokemon_cards "HTTP/1.1 201 Created"
2026-06-11 14:08:11,555 [INFO] HTTP Request: POST https://vpfjmgefygjhabuizdsq.supabase.co/rest/v1/pokemon_cards "HTTP/1.1 201 Created"
2026-06-11 14:08:17,640 [INFO] HTTP Request: GET https://api.pokemontcg.io/v2/cards?q=set.id%3A%22sv2%22&page=2&pageSize=250&orderBy=number "HTTP/1.1 200 OK"
2026-06-11 14:08:17,962 [INFO] HTTP Request: POST https://vpfjmgefygjhabuizdsq.supabase.co/rest/v1/pokemon_cards "HTTP/1.1 201 Created"
2026-06-11 14:08:17,963 [INFO]   ✅ Paldea Evolved (sv2): 279 kartu
2026-06-11 14:08:27,383 [INFO] HTTP Request: GET https://api.pokemontcg.io/v2/cards?q=set.id%3A%22sv3%22&page=1&pageSize=250&orderBy=number "HTTP/1.1 200 OK"
2026-06-11 14:08:27,796 [INFO] HTTP Request: POST https://vpfjmgefygjhabuizdsq.supabase.co/rest/v1/pokemon_cards "HTTP/1.1 201 Created"
2026-06-11 14:08:27,991 [INFO] HTTP Request: POST https://vpfjmgefygjhabuizdsq.supabase.co/rest/v1/pokemon_cards "HTTP/1.1 201 Created"
2026-06-11 14:08:28,234 [INFO] HTTP Request: POST https://vpfjmgefygjhabuizdsq.supabase.co/rest/v1/pokemon_cards "HTTP/1.1 201 Created"
2026-06-11 14:08:28,411 [INFO] HTTP Request: POST https://vpfjmgefygjhabuizdsq.supabase.co/rest/v1/pokemon_cards "HTTP/1.1 201 Created"
2026-06-11 14:08:28,575 [INFO] HTTP Request: POST https://vpfjmgefygjhabuizdsq.supabase.co/rest/v1/pokemon_cards "HTTP/1.1 201 Created"
2026-06-11 14:08:28,576 [INFO]   ✅ Obsidian Flames (sv3): 230 kartu
2026-06-11 14:08:38,899 [INFO] HTTP Request: GET https://api.pokemontcg.io/v2/cards?q=set.id%3A%22sv3pt5%22&page=1&pageSize=250&orderBy=number "HTTP/1.1 200 OK"
2026-06-11 14:08:39,371 [INFO] HTTP Request: POST https://vpfjmgefygjhabuizdsq.supabase.co/rest/v1/pokemon_cards "HTTP/1.1 201 Created"
2026-06-11 14:08:39,567 [INFO] HTTP Request: POST https://vpfjmgefygjhabuizdsq.supabase.co/rest/v1/pokemon_cards "HTTP/1.1 201 Created"
2026-06-11 14:08:39,755 [INFO] HTTP Request: POST https://vpfjmgefygjhabuizdsq.supabase.co/rest/v1/pokemon_cards "HTTP/1.1 201 Created"
2026-06-11 14:08:39,934 [INFO] HTTP Request: POST https://vpfjmgefygjhabuizdsq.supabase.co/rest/v1/pokemon_cards "HTTP/1.1 201 Created"
2026-06-11 14:08:40,075 [INFO] HTTP Request: POST https://vpfjmgefygjhabuizdsq.supabase.co/rest/v1/pokemon_cards "HTTP/1.1 201 Created"
2026-06-11 14:08:40,077 [INFO]   ✅ 151 (sv3pt5): 207 kartu
2026-06-11 14:08:48,206 [INFO] HTTP Request: GET https://api.pokemontcg.io/v2/cards?q=set.id%3A%22sv4%22&page=1&pageSize=250&orderBy=number "HTTP/1.1 200 OK"
2026-06-11 14:08:48,715 [INFO] HTTP Request: POST https://vpfjmgefygjhabuizdsq.supabase.co/rest/v1/pokemon_cards "HTTP/1.1 201 Created"
2026-06-11 14:08:48,905 [INFO] HTTP Request: POST https://vpfjmgefygjhabuizdsq.supabase.co/rest/v1/pokemon_cards "HTTP/1.1 201 Created"
2026-06-11 14:08:49,090 [INFO] HTTP Request: POST https://vpfjmgefygjhabuizdsq.supabase.co/rest/v1/pokemon_cards "HTTP/1.1 201 Created"
2026-06-11 14:08:49,302 [INFO] HTTP Request: POST https://vpfjmgefygjhabuizdsq.supabase.co/rest/v1/pokemon_cards "HTTP/1.1 201 Created"
2026-06-11 14:08:49,528 [INFO] HTTP Request: POST https://vpfjmgefygjhabuizdsq.supabase.co/rest/v1/pokemon_cards "HTTP/1.1 201 Created"
2026-06-11 14:08:50,970 [INFO] HTTP Request: GET https://api.pokemontcg.io/v2/cards?q=set.id%3A%22sv4%22&page=2&pageSize=250&orderBy=number "HTTP/1.1 200 OK"
2026-06-11 14:08:51,115 [INFO] HTTP Request: POST https://vpfjmgefygjhabuizdsq.supabase.co/rest/v1/pokemon_cards "HTTP/1.1 201 Created"
2026-06-11 14:08:51,115 [INFO]   ✅ Paradox Rift (sv4): 266 kartu
2026-06-11 14:09:43,499 [INFO] HTTP Request: GET https://api.pokemontcg.io/v2/cards?q=set.id%3A%22sv4pt5%22&page=1&pageSize=250&orderBy=number "HTTP/1.1 200 OK"
2026-06-11 14:09:44,398 [INFO] HTTP Request: POST https://vpfjmgefygjhabuizdsq.supabase.co/rest/v1/pokemon_cards "HTTP/1.1 201 Created"
2026-06-11 14:09:44,600 [INFO] HTTP Request: POST https://vpfjmgefygjhabuizdsq.supabase.co/rest/v1/pokemon_cards "HTTP/1.1 201 Created"
2026-06-11 14:09:44,799 [INFO] HTTP Request: POST https://vpfjmgefygjhabuizdsq.supabase.co/rest/v1/pokemon_cards "HTTP/1.1 201 Created"
2026-06-11 14:09:44,985 [INFO] HTTP Request: POST https://vpfjmgefygjhabuizdsq.supabase.co/rest/v1/pokemon_cards "HTTP/1.1 201 Created"
2026-06-11 14:09:45,166 [INFO] HTTP Request: POST https://vpfjmgefygjhabuizdsq.supabase.co/rest/v1/pokemon_cards "HTTP/1.1 201 Created"
2026-06-11 14:09:45,167 [INFO]   ✅ Paldean Fates (sv4pt5): 245 kartu
2026-06-11 14:09:57,551 [INFO] HTTP Request: GET https://api.pokemontcg.io/v2/cards?q=set.id%3A%22sv5%22&page=1&pageSize=250&orderBy=number "HTTP/1.1 200 OK"
2026-06-11 14:09:58,006 [INFO] HTTP Request: POST https://vpfjmgefygjhabuizdsq.supabase.co/rest/v1/pokemon_cards "HTTP/1.1 201 Created"
2026-06-11 14:09:58,545 [INFO] HTTP Request: POST https://vpfjmgefygjhabuizdsq.supabase.co/rest/v1/pokemon_cards "HTTP/1.1 201 Created"
2026-06-11 14:09:58,803 [INFO] HTTP Request: POST https://vpfjmgefygjhabuizdsq.supabase.co/rest/v1/pokemon_cards "HTTP/1.1 201 Created"
2026-06-11 14:09:58,994 [INFO] HTTP Request: POST https://vpfjmgefygjhabuizdsq.supabase.co/rest/v1/pokemon_cards "HTTP/1.1 201 Created"
2026-06-11 14:09:59,138 [INFO] HTTP Request: POST https://vpfjmgefygjhabuizdsq.supabase.co/rest/v1/pokemon_cards "HTTP/1.1 201 Created"
2026-06-11 14:09:59,141 [INFO]   ✅ Temporal Forces (sv5): 218 kartu
2026-06-11 14:10:19,747 [INFO] HTTP Request: GET https://api.pokemontcg.io/v2/cards?q=set.id%3A%22sv6%22&page=1&pageSize=250&orderBy=number "HTTP/1.1 200 OK"
2026-06-11 14:10:20,155 [INFO] HTTP Request: POST https://vpfjmgefygjhabuizdsq.supabase.co/rest/v1/pokemon_cards "HTTP/1.1 201 Created"
2026-06-11 14:10:20,363 [INFO] HTTP Request: POST https://vpfjmgefygjhabuizdsq.supabase.co/rest/v1/pokemon_cards "HTTP/1.1 201 Created"
2026-06-11 14:10:20,552 [INFO] HTTP Request: POST https://vpfjmgefygjhabuizdsq.supabase.co/rest/v1/pokemon_cards "HTTP/1.1 201 Created"
2026-06-11 14:10:20,744 [INFO] HTTP Request: POST https://vpfjmgefygjhabuizdsq.supabase.co/rest/v1/pokemon_cards "HTTP/1.1 201 Created"
2026-06-11 14:10:20,899 [INFO] HTTP Request: POST https://vpfjmgefygjhabuizdsq.supabase.co/rest/v1/pokemon_cards "HTTP/1.1 201 Created"
2026-06-11 14:10:20,899 [INFO]   ✅ Twilight Masquerade (sv6): 226 kartu
2026-06-11 14:11:21,061 [WARNING] Request error: The read operation timed out — retry 1/5 dalam 1.0s
2026-06-11 14:11:59,155 [INFO] HTTP Request: GET https://api.pokemontcg.io/v2/cards?q=set.id%3A%22sv6pt5%22&page=1&pageSize=250&orderBy=number "HTTP/1.1 200 OK"
2026-06-11 14:12:00,106 [INFO] HTTP Request: POST https://vpfjmgefygjhabuizdsq.supabase.co/rest/v1/pokemon_cards "HTTP/1.1 201 Created"
2026-06-11 14:12:00,343 [INFO] HTTP Request: POST https://vpfjmgefygjhabuizdsq.supabase.co/rest/v1/pokemon_cards "HTTP/1.1 201 Created"
2026-06-11 14:12:00,344 [INFO]   ✅ Shrouded Fable (sv6pt5): 99 kartu
2026-06-11 14:12:15,024 [INFO] HTTP Request: GET https://api.pokemontcg.io/v2/cards?q=set.id%3A%22sv7%22&page=1&pageSize=250&orderBy=number "HTTP/1.1 200 OK"
2026-06-11 14:12:15,352 [INFO] HTTP Request: POST https://vpfjmgefygjhabuizdsq.supabase.co/rest/v1/pokemon_cards "HTTP/1.1 201 Created"
2026-06-11 14:12:15,533 [INFO] HTTP Request: POST https://vpfjmgefygjhabuizdsq.supabase.co/rest/v1/pokemon_cards "HTTP/1.1 201 Created"
2026-06-11 14:12:15,747 [INFO] HTTP Request: POST https://vpfjmgefygjhabuizdsq.supabase.co/rest/v1/pokemon_cards "HTTP/1.1 201 Created"
2026-06-11 14:12:15,904 [INFO] HTTP Request: POST https://vpfjmgefygjhabuizdsq.supabase.co/rest/v1/pokemon_cards "HTTP/1.1 201 Created"
2026-06-11 14:12:15,905 [INFO]   ✅ Stellar Crown (sv7): 175 kartu
2026-06-11 14:13:04,314 [INFO] HTTP Request: GET https://api.pokemontcg.io/v2/cards?q=set.id%3A%22sv8%22&page=1&pageSize=250&orderBy=number "HTTP/1.1 200 OK"
2026-06-11 14:13:06,426 [INFO] HTTP Request: POST https://vpfjmgefygjhabuizdsq.supabase.co/rest/v1/pokemon_cards "HTTP/1.1 201 Created"
2026-06-11 14:13:06,618 [INFO] HTTP Request: POST https://vpfjmgefygjhabuizdsq.supabase.co/rest/v1/pokemon_cards "HTTP/1.1 201 Created"
2026-06-11 14:13:06,810 [INFO] HTTP Request: POST https://vpfjmgefygjhabuizdsq.supabase.co/rest/v1/pokemon_cards "HTTP/1.1 201 Created"
2026-06-11 14:13:07,018 [INFO] HTTP Request: POST https://vpfjmgefygjhabuizdsq.supabase.co/rest/v1/pokemon_cards "HTTP/1.1 201 Created"
2026-06-11 14:13:07,201 [INFO] HTTP Request: POST https://vpfjmgefygjhabuizdsq.supabase.co/rest/v1/pokemon_cards "HTTP/1.1 201 Created"
2026-06-11 14:13:37,720 [INFO] HTTP Request: GET https://api.pokemontcg.io/v2/cards?q=set.id%3A%22sv8%22&page=2&pageSize=250&orderBy=number "HTTP/1.1 200 OK"
2026-06-11 14:13:38,138 [INFO] HTTP Request: POST https://vpfjmgefygjhabuizdsq.supabase.co/rest/v1/pokemon_cards "HTTP/1.1 201 Created"
2026-06-11 14:13:38,139 [INFO]   ✅ Surging Sparks (sv8): 252 kartu
2026-06-11 14:13:42,705 [INFO] HTTP Request: GET https://api.pokemontcg.io/v2/cards?q=set.id%3A%22sv8pt5%22&page=1&pageSize=250&orderBy=number "HTTP/1.1 200 OK"
2026-06-11 14:13:43,294 [INFO] HTTP Request: POST https://vpfjmgefygjhabuizdsq.supabase.co/rest/v1/pokemon_cards "HTTP/1.1 201 Created"
2026-06-11 14:13:43,490 [INFO] HTTP Request: POST https://vpfjmgefygjhabuizdsq.supabase.co/rest/v1/pokemon_cards "HTTP/1.1 201 Created"
2026-06-11 14:13:43,723 [INFO] HTTP Request: POST https://vpfjmgefygjhabuizdsq.supabase.co/rest/v1/pokemon_cards "HTTP/1.1 201 Created"
2026-06-11 14:13:43,906 [INFO] HTTP Request: POST https://vpfjmgefygjhabuizdsq.supabase.co/rest/v1/pokemon_cards "HTTP/1.1 201 Created"
2026-06-11 14:13:43,907 [INFO]   ✅ Prismatic Evolutions (sv8pt5): 180 kartu
2026-06-11 14:13:52,541 [INFO] HTTP Request: GET https://api.pokemontcg.io/v2/cards?q=set.id%3A%22sv9%22&page=1&pageSize=250&orderBy=number "HTTP/1.1 200 OK"
2026-06-11 14:13:53,023 [INFO] HTTP Request: POST https://vpfjmgefygjhabuizdsq.supabase.co/rest/v1/pokemon_cards "HTTP/1.1 201 Created"
2026-06-11 14:13:53,265 [INFO] HTTP Request: POST https://vpfjmgefygjhabuizdsq.supabase.co/rest/v1/pokemon_cards "HTTP/1.1 201 Created"
2026-06-11 14:13:53,448 [INFO] HTTP Request: POST https://vpfjmgefygjhabuizdsq.supabase.co/rest/v1/pokemon_cards "HTTP/1.1 201 Created"
2026-06-11 14:13:53,625 [INFO] HTTP Request: POST https://vpfjmgefygjhabuizdsq.supabase.co/rest/v1/pokemon_cards "HTTP/1.1 201 Created"
2026-06-11 14:13:53,626 [INFO]   ✅ Journey Together (sv9): 190 kartu
2026-06-11 14:14:01,154 [INFO] HTTP Request: GET https://api.pokemontcg.io/v2/cards?q=set.id%3A%22sv10%22&page=1&pageSize=250&orderBy=number "HTTP/1.1 200 OK"
2026-06-11 14:14:01,641 [INFO] HTTP Request: POST https://vpfjmgefygjhabuizdsq.supabase.co/rest/v1/pokemon_cards "HTTP/1.1 201 Created"
2026-06-11 14:14:01,839 [INFO] HTTP Request: POST https://vpfjmgefygjhabuizdsq.supabase.co/rest/v1/pokemon_cards "HTTP/1.1 201 Created"
2026-06-11 14:14:02,255 [INFO] HTTP Request: POST https://vpfjmgefygjhabuizdsq.supabase.co/rest/v1/pokemon_cards "HTTP/1.1 201 Created"
2026-06-11 14:14:02,446 [INFO] HTTP Request: POST https://vpfjmgefygjhabuizdsq.supabase.co/rest/v1/pokemon_cards "HTTP/1.1 201 Created"
2026-06-11 14:14:02,652 [INFO] HTTP Request: POST https://vpfjmgefygjhabuizdsq.supabase.co/rest/v1/pokemon_cards "HTTP/1.1 201 Created"
2026-06-11 14:14:02,653 [INFO]   ✅ Destined Rivals (sv10): 244 kartu
2026-06-11 14:14:08,266 [INFO] HTTP Request: GET https://api.pokemontcg.io/v2/cards?q=set.id%3A%22zsv10pt5%22&page=1&pageSize=250&orderBy=number "HTTP/1.1 200 OK"
2026-06-11 14:14:09,560 [INFO] HTTP Request: POST https://vpfjmgefygjhabuizdsq.supabase.co/rest/v1/pokemon_cards "HTTP/1.1 201 Created"
2026-06-11 14:14:09,749 [INFO] HTTP Request: POST https://vpfjmgefygjhabuizdsq.supabase.co/rest/v1/pokemon_cards "HTTP/1.1 201 Created"
2026-06-11 14:14:09,957 [INFO] HTTP Request: POST https://vpfjmgefygjhabuizdsq.supabase.co/rest/v1/pokemon_cards "HTTP/1.1 201 Created"
2026-06-11 14:14:10,120 [INFO] HTTP Request: POST https://vpfjmgefygjhabuizdsq.supabase.co/rest/v1/pokemon_cards "HTTP/1.1 201 Created"
2026-06-11 14:14:10,123 [INFO]   ✅ Black Bolt (zsv10pt5): 172 kartu
2026-06-11 14:14:24,089 [INFO] HTTP Request: GET https://api.pokemontcg.io/v2/cards?q=set.id%3A%22rsv10pt5%22&page=1&pageSize=250&orderBy=number "HTTP/1.1 200 OK"
2026-06-11 14:14:24,454 [INFO] HTTP Request: POST https://vpfjmgefygjhabuizdsq.supabase.co/rest/v1/pokemon_cards "HTTP/1.1 201 Created"
2026-06-11 14:14:24,650 [INFO] HTTP Request: POST https://vpfjmgefygjhabuizdsq.supabase.co/rest/v1/pokemon_cards "HTTP/1.1 201 Created"
2026-06-11 14:14:24,835 [INFO] HTTP Request: POST https://vpfjmgefygjhabuizdsq.supabase.co/rest/v1/pokemon_cards "HTTP/1.1 201 Created"
2026-06-11 14:14:25,042 [INFO] HTTP Request: POST https://vpfjmgefygjhabuizdsq.supabase.co/rest/v1/pokemon_cards "HTTP/1.1 201 Created"
2026-06-11 14:14:25,045 [INFO]   ✅ White Flare (rsv10pt5): 173 kartu
2026-06-11 14:14:32,867 [INFO] HTTP Request: GET https://api.pokemontcg.io/v2/cards?q=set.id%3A%22me1%22&page=1&pageSize=250&orderBy=number "HTTP/1.1 200 OK"
2026-06-11 14:14:33,335 [INFO] HTTP Request: POST https://vpfjmgefygjhabuizdsq.supabase.co/rest/v1/pokemon_cards "HTTP/1.1 201 Created"
2026-06-11 14:14:33,605 [INFO] HTTP Request: POST https://vpfjmgefygjhabuizdsq.supabase.co/rest/v1/pokemon_cards "HTTP/1.1 201 Created"
2026-06-11 14:14:33,795 [INFO] HTTP Request: POST https://vpfjmgefygjhabuizdsq.supabase.co/rest/v1/pokemon_cards "HTTP/1.1 201 Created"
2026-06-11 14:14:33,964 [INFO] HTTP Request: POST https://vpfjmgefygjhabuizdsq.supabase.co/rest/v1/pokemon_cards "HTTP/1.1 201 Created"
2026-06-11 14:14:33,966 [INFO]   ✅ Mega Evolution (me1): 188 kartu
2026-06-11 14:14:37,731 [INFO] HTTP Request: GET https://api.pokemontcg.io/v2/cards?q=set.id%3A%22me2%22&page=1&pageSize=250&orderBy=number "HTTP/1.1 200 OK"
2026-06-11 14:14:38,009 [INFO] HTTP Request: POST https://vpfjmgefygjhabuizdsq.supabase.co/rest/v1/pokemon_cards "HTTP/1.1 201 Created"
2026-06-11 14:14:38,220 [INFO] HTTP Request: POST https://vpfjmgefygjhabuizdsq.supabase.co/rest/v1/pokemon_cards "HTTP/1.1 201 Created"
2026-06-11 14:14:38,395 [INFO] HTTP Request: POST https://vpfjmgefygjhabuizdsq.supabase.co/rest/v1/pokemon_cards "HTTP/1.1 201 Created"
2026-06-11 14:14:38,397 [INFO]   ✅ Phantasmal Flames (me2): 130 kartu
2026-06-11 14:15:38,524 [WARNING] Request error: The read operation timed out — retry 1/5 dalam 1.0s
2026-06-11 14:16:01,039 [INFO] HTTP Request: GET https://api.pokemontcg.io/v2/cards?q=set.id%3A%22me2pt5%22&page=1&pageSize=250&orderBy=number "HTTP/1.1 200 OK"
2026-06-11 14:16:01,939 [INFO] HTTP Request: POST https://vpfjmgefygjhabuizdsq.supabase.co/rest/v1/pokemon_cards "HTTP/1.1 201 Created"
2026-06-11 14:16:02,136 [INFO] HTTP Request: POST https://vpfjmgefygjhabuizdsq.supabase.co/rest/v1/pokemon_cards "HTTP/1.1 201 Created"
2026-06-11 14:16:02,320 [INFO] HTTP Request: POST https://vpfjmgefygjhabuizdsq.supabase.co/rest/v1/pokemon_cards "HTTP/1.1 201 Created"
2026-06-11 14:16:02,525 [INFO] HTTP Request: POST https://vpfjmgefygjhabuizdsq.supabase.co/rest/v1/pokemon_cards "HTTP/1.1 201 Created"
2026-06-11 14:16:02,701 [INFO] HTTP Request: POST https://vpfjmgefygjhabuizdsq.supabase.co/rest/v1/pokemon_cards "HTTP/1.1 201 Created"
2026-06-11 14:16:05,307 [INFO] HTTP Request: GET https://api.pokemontcg.io/v2/cards?q=set.id%3A%22me2pt5%22&page=2&pageSize=250&orderBy=number "HTTP/1.1 200 OK"
2026-06-11 14:16:05,508 [INFO] HTTP Request: POST https://vpfjmgefygjhabuizdsq.supabase.co/rest/v1/pokemon_cards "HTTP/1.1 200 OK"
2026-06-11 14:16:05,509 [INFO]   ✅ Ascended Heroes (me2pt5): 295 kartu
2026-06-11 14:16:08,106 [INFO] HTTP Request: GET https://api.pokemontcg.io/v2/cards?q=set.id%3A%22me3%22&page=1&pageSize=250&orderBy=number "HTTP/1.1 200 OK"
2026-06-11 14:16:08,345 [INFO] HTTP Request: POST https://vpfjmgefygjhabuizdsq.supabase.co/rest/v1/pokemon_cards "HTTP/1.1 201 Created"
2026-06-11 14:16:08,528 [INFO] HTTP Request: POST https://vpfjmgefygjhabuizdsq.supabase.co/rest/v1/pokemon_cards "HTTP/1.1 201 Created"
2026-06-11 14:16:08,682 [INFO] HTTP Request: POST https://vpfjmgefygjhabuizdsq.supabase.co/rest/v1/pokemon_cards "HTTP/1.1 201 Created"
2026-06-11 14:16:08,683 [INFO]   ✅ Perfect Order (me3): 124 kartu
2026-06-11 14:16:11,227 [INFO] HTTP Request: GET https://api.pokemontcg.io/v2/cards?q=set.id%3A%22me4%22&page=1&pageSize=250&orderBy=number "HTTP/1.1 200 OK"
2026-06-11 14:16:11,456 [INFO] HTTP Request: POST https://vpfjmgefygjhabuizdsq.supabase.co/rest/v1/pokemon_cards "HTTP/1.1 201 Created"
2026-06-11 14:16:11,644 [INFO] HTTP Request: POST https://vpfjmgefygjhabuizdsq.supabase.co/rest/v1/pokemon_cards "HTTP/1.1 201 Created"
2026-06-11 14:16:11,795 [INFO] HTTP Request: POST https://vpfjmgefygjhabuizdsq.supabase.co/rest/v1/pokemon_cards "HTTP/1.1 201 Created"
2026-06-11 14:16:11,796 [INFO]   ✅ Chaos Rising (me4): 122 kartu
2026-06-11 14:16:11,797 [INFO] 
🎉 Selesai! Total kartu di-upsert: 20257
2026-06-11 14:16:11,797 [INFO]    Jalankan ulang kapan saja — scraper bersifat incremental (idempotent).
